ACTIVITY_CODE_primary_purchase_club,ACTIVITY_CODE_primary_purchase_ga,ACTIVITY_CODE_primary_purchase_single,ACTIVITY_CODE_primary_purchase_sth,ACTIVITY_CODE_primary_purchase_suite,ACTIVITY_CODE_secondary_purchase,ACTIVITY_CODE_secondary_sale,ACTIVITY_CODE_merch_purchase,perc_open,perc_click,Totals
0.0,0.0,0.0,0.0007410151908114116,0.0,0.0,0.004816598740274175,0.0,2.6457725947521866,0.08264462809917356,2699
0.0,0.0,0.0,0.001314060446780552,0.0,0.0,0.00788436268068331,0.0,0.31464737793851716,0.06896551724137931,761
0.0,0.0,0.0014124293785310734,0.0014124293785310734,0.0,0.0014124293785310734,0.007062146892655367,0.0,0.26666666666666666,0.2916666666666667,708
0.0,0.0,0.0015527950310559005,0.003105590062111801,0.0,0.0,0.020186335403726708,0.0,0.3939393939393939,0.358974358974359,644
0.0,0.0,0.0,0.0015384615384615385,0.0,0.0,0.006153846153846154,0.0,0.09284332688588008,0.0625,650
0.0010438413361169101,0.0,0.0,0.0020876826722338203,0.0,0.0,0.008350730688935281,0.0,0.4020442930153322,0.08050847457627118,958
0.0,0.0,0.0,0.0017825311942959,0.0,0.0053475935828877,0.00267379679144385,0.0017825311942959,1.1480637813211845,0.14285714285714285,1122
0.0014326647564469914,0.0,0.0,0.0014326647564469914,0.0,0.0014326647564469914,0.0014326647564469914,0.0,0.6517150395778364,0.19838056680161945,698
0.0,0.0,0.002185792349726776,0.002185792349726776,0.0,0.0,0.015300546448087432,0.001092896174863388,1.1939058171745152,0.08352668213457076,915
0.0,0.0,0.0,0.0010741138560687433,0.0,0.0,0.0010741138560687433,0.0,0.2634730538922156,0.08522727272727272,931
0.0011001100110011,0.0,0.0011001100110011,0.0011001100110011,0.0,0.0011001100110011,0.013201320132013201,0.0,0.23657718120805368,0.3404255319148936,909
0.0,0.0,0.0010070493454179255,0.002014098690835851,0.0,0.0,0.0,0.0,0.7177033492822966,0.12333333333333334,993
0.0,0.0,0.0013679890560875513,0.0013679890560875513,0.0,0.0,0.0027359781121751026,0.0,0.2722117202268431,0.14583333333333334,731
0.0,0.0,0.0,0.001774622892635315,0.0,0.0,0.008873114463176575,0.0,0.9354838709677419,0.022988505747126436,1127
0.0,0.0,0.0,0.0022701475595913734,0.0,0.0,0.0011350737797956867,0.0,0.46361746361746364,0.15695067264573992,881
0.0,0.0,0.0019157088122605363,0.009578544061302681,0.0,0.0,0.019157088122605363,0.0,2.845360824742268,0.15579710144927536,522
0.0005376344086021505,0.0,0.0016129032258064516,0.0005376344086021505,0.0,0.0,0.0,0.0,0.3072100313479624,0.10459183673469388,1860
0.0,0.0,0.0,0.00048496605237633366,0.0,0.001454898157129001,0.0009699321047526673,0.004364694471387003,0.45110410094637227,0.1853146853146853,2062
0.0,0.0,0.0,0.0013440860215053765,0.0,0.0,0.009408602150537635,0.0006720430107526882,0.30116959064327486,0.11974110032362459,1488
0.0,0.0,0.0,0.0015220700152207,0.0,0.0,0.0106544901065449,0.0,0.8407079646017699,0.028070175438596492,657
0.0,0.0,0.007575757575757576,0.015151515151515152,0.0,0.0,0.0,0.0,0.07407407407407407,1.0,132
0.0,0.0,0.001272264631043257,0.002544529262086514,0.0,0.0,0.021628498727735368,0.0,1.0277777777777777,0.0990990990990991,786
0.0,0.0,0.0007451564828614009,0.0007451564828614009,0.0,0.0,0.0,0.0007451564828614009,0.9406919275123559,0.14535901926444833,1342
0.031746031746031744,0.007936507936507936,0.007936507936507936,0.0,0.015873015873015872,0.015873015873015872,0.05555555555555555,0.007936507936507936,,,126
0.0,0.0,0.003816793893129771,0.003816793893129771,0.0,0.003816793893129771,0.011450381679389313,0.0,0.21333333333333335,0.75,524
0.0,0.0,0.003048780487804878,0.003048780487804878,0.0,0.0,0.006097560975609756,0.0,0.3915211970074813,0.21019108280254778,656
0.0,0.0,0.0,0.0030581039755351682,0.0,0.0,0.03058103975535168,0.00764525993883792,0.2099737532808399,0.0625,654
0.0,0.0,0.0009276437847866419,0.0018552875695732839,0.0,0.0,0.0037105751391465678,0.0009276437847866419,0.5844594594594594,0.06069364161849711,1078
0.0005497526113249038,0.0,0.0,0.0010995052226498076,0.0,0.0021990104452996153,0.01154480483782298,0.0005497526113249038,0.33954276037256564,0.23940149625935161,1819
0.00101010101010101,0.0,0.0,0.00202020202020202,0.0,0.0,0.015151515151515152,0.0,0.5025466893039049,0.08445945945945946,990
0.0,0.0012919896640826874,0.002583979328165375,0.002583979328165375,0.0,0.0,0.0,0.0,0.4740566037735849,0.15422885572139303,774
0.0,0.0,0.001303780964797914,0.001303780964797914,0.0,0.0,0.009126466753585397,0.0,2.066225165562914,0.0405982905982906,1534
0.0,0.0,0.0014689680499449136,0.0003672420124862284,0.0,0.001836210062431142,0.0022034520749173708,0.004039662137348513,1.646744930629669,0.03629293583927414,2723
0.0,0.0,0.00516795865633075,0.002583979328165375,0.0,0.00516795865633075,0.01808785529715762,0.002583979328165375,0.11510791366906475,0.125,387
0.0,0.0,0.0,0.0021645021645021645,0.0,0.0,0.0,0.0,0.31329113924050633,0.2222222222222222,462
0.0,0.0,0.0,0.0017543859649122807,0.0,0.0,0.010526315789473684,0.0,0.14004914004914004,0.3508771929824561,570
0.0006116207951070336,0.0,0.0006116207951070336,0.0012232415902140672,0.0,0.0,0.0006116207951070336,0.0,0.7028639618138425,0.07640067911714771,1635
0.0021231422505307855,0.0,0.0,0.0021231422505307855,0.0,0.0,0.0,0.0,0.34935897435897434,0.1559633027522936,471
0.0,0.0013440860215053765,0.002688172043010753,0.002688172043010753,0.0,0.01478494623655914,0.002688172043010753,0.0,0.48509485094850946,0.18994413407821228,744
0.0,0.0,0.0015479876160990713,0.0030959752321981426,0.0,0.0,0.0015479876160990713,0.0,0.14285714285714285,0.1323529411764706,646
0.0011556240369799693,0.0,0.0,0.0003852080123266564,0.0,0.0,0.0,0.0,0.9838449111470113,0.05582922824302135,2596
0.0,0.0,0.0,0.003883495145631068,0.0,0.0,0.005825242718446602,0.0,0.6104417670682731,0.17763157894736842,515
0.0,0.0,0.00411522633744856,0.0013717421124828531,0.0,0.00411522633744856,0.02194787379972565,0.0,0.5907928388746803,0.20346320346320346,729
0.0,0.0,0.0,0.0019880715705765406,0.0,0.005964214711729622,0.02186878727634195,0.0019880715705765406,0.28774928774928776,0.1782178217821782,503
0.0,0.0016680567139282735,0.007506255212677231,0.0016680567139282735,0.0,0.0,0.0,0.007506255212677231,0.7014388489208633,0.33076923076923076,1199
0.04780876494023904,0.0,0.0,0.03187250996015936,0.0,0.0,0.0,0.0,0.027586206896551724,3.0,251
0.0006583278472679394,0.0,0.0,0.004608294930875576,0.0,0.0,0.01119157340355497,0.0,0.660427807486631,0.12550607287449392,1519
0.0,0.0,0.0,0.00477815699658703,0.0,0.0006825938566552901,0.020477815699658702,0.0013651877133105802,0.44314185228604924,0.1349206349206349,1465
0.0,0.0,0.0,0.012578616352201259,0.0,0.006289308176100629,0.031446540880503145,0.012578616352201259,0.35135135135135137,1.4615384615384615,159
0.0,0.0,0.0,0.0012285012285012285,0.0,0.0,0.004914004914004914,0.0,1.4166666666666667,0.05429864253393665,814
0.0,0.0,0.0027624309392265192,0.0013812154696132596,0.0,0.0,0.011049723756906077,0.0,0.49160671462829736,0.25853658536585367,724
0.0,0.0,0.0,0.0011750881316098707,0.0,0.0,0.005875440658049354,0.0,0.7136465324384788,0.08463949843260188,851
0.0,0.0,0.0016666666666666668,0.0033333333333333335,0.0,0.0,0.011666666666666667,0.0,0.10256410256410256,0.38636363636363635,600
0.0,0.0,0.0,0.0004478280340349306,0.0,0.0004478280340349306,0.0,0.0,1.0993975903614457,0.06666666666666667,2233
0.0,0.0,0.0,0.0018050541516245488,0.0,0.0,0.01263537906137184,0.0036101083032490976,0.4984984984984985,0.07228915662650602,554
0.017391304347826087,0.0,0.0,0.008695652173913044,0.0,0.0,0.017391304347826087,0.008695652173913044,0.18571428571428572,0.3076923076923077,115
0.0,0.0,0.001557632398753894,0.001557632398753894,0.0,0.000778816199376947,0.006230529595015576,0.0,0.2800453514739229,0.2145748987854251,1284
0.0,0.0,0.0,0.002105263157894737,0.0,0.0,0.002105263157894737,0.0,0.22381635581061693,0.3525641025641026,950
0.0005558643690939411,0.0,0.0022234574763757642,0.0011117287381878821,0.0,0.0,0.0,0.0005558643690939411,1.2895522388059701,0.06712962962962964,1799
0.0,0.0,0.0,0.0015936254980079682,0.0,0.0007968127490039841,0.0015936254980079682,0.0,0.017035775127768313,1.25,1255
0.0,0.0,0.0,0.0011061946902654867,0.0,0.0,0.004424778761061947,0.0,0.38324420677361853,0.27906976744186046,904
0.0,0.0,0.0,0.0008136696501220504,0.0,0.0008136696501220504,0.0032546786004882017,0.0008136696501220504,0.2505307855626327,0.0423728813559322,1229
0.0,0.0,0.0026219192448872575,0.001048767697954903,0.0,0.0005243838489774515,0.0005243838489774515,0.001048767697954903,0.8553240740740741,0.11231393775372124,1907
0.0,0.0,0.0,0.0005387931034482759,0.0,0.003771551724137931,0.0021551724137931034,0.0021551724137931034,0.2911764705882353,0.12626262626262627,1856
0.0,0.0,0.0,0.004629629629629629,0.0,0.0,0.0,0.0,4.56,0.21052631578947367,216
0.0031746031746031746,0.0,0.0,0.0031746031746031746,0.0031746031746031746,0.0015873015873015873,0.0,0.0015873015873015873,0.38870431893687707,0.1111111111111111,630
0.0,0.0,0.0011350737797956867,0.0022701475595913734,0.0,0.0,0.0011350737797956867,0.0022701475595913734,0.42086956521739133,0.0743801652892562,881
0.0010395010395010396,0.0,0.0,0.0010395010395010396,0.0,0.0,0.002079002079002079,0.0,0.7167019027484144,0.1415929203539823,962
0.007462686567164179,0.0,0.0024875621890547263,0.0024875621890547263,0.004975124378109453,0.0,0.0,0.0,0.7378048780487805,0.06611570247933884,402
0.0,0.0,0.0,0.004310344827586207,0.0,0.0,0.0,0.0,0.19696969696969696,0.5769230769230769,232
0.0,0.0,0.0008764241893076249,0.0008764241893076249,0.0,0.0,0.0,0.0,0.6088957055214724,0.05793450881612091,1141
0.0,0.0,0.003992015968063872,0.001996007984031936,0.0,0.0,0.001996007984031936,0.0,0.4025974025974026,0.16129032258064516,501
0.0,0.0,0.0,0.0015325670498084292,0.0,0.0,0.0,0.0007662835249042146,0.4262086513994911,0.13134328358208955,1305
0.001081081081081081,0.0,0.004324324324324324,0.002162162162162162,0.0,0.0,0.0,0.001081081081081081,0.1834862385321101,0.2916666666666667,925
0.0,0.0,0.0005282620179609086,0.0010565240359218173,0.0,0.0,0.0036978341257263604,0.0005282620179609086,1.1829608938547487,0.12632821723730814,1893
0.0,0.0,0.000693000693000693,0.000693000693000693,0.0,0.0,0.002079002079002079,0.002079002079002079,0.4855305466237942,0.05077262693156733,1443
0.0,0.0,0.0007507507507507507,0.0007507507507507507,0.0,0.0,0.0,0.0,0.6335978835978836,0.13987473903966596,1332
0.0,0.0,0.0,0.0014814814814814814,0.0,0.0,0.01037037037037037,0.0,1.0688524590163935,0.03987730061349693,675
0.0015128593040847202,0.0010085728693898135,0.0005042864346949068,0.0005042864346949068,0.0015128593040847202,0.0,0.0015128593040847202,0.0010085728693898135,1.9190140845070423,0.0926605504587156,1983
0.0007072135785007072,0.0,0.0,0.010608203677510608,0.0,0.0,0.0049504950495049506,0.003536067892503536,0.4646581691772885,0.07231920199501247,1414
0.0,0.0,0.0005750431282346176,0.0011500862564692352,0.0,0.002875215641173088,0.002875215641173088,0.0,1.1615487316421895,0.05517241379310345,1739
0.0,0.0,0.0,0.00267379679144385,0.0,0.0,0.02406417112299465,0.0,0.2591093117408907,0.25,374
0.0,0.0,0.0,0.0010465724751439038,0.0,0.0005232862375719519,0.006279434850863423,0.0,0.6947565543071161,0.03908355795148248,1911
0.0,0.0,0.0011587485515643105,0.0011587485515643105,0.0,0.0011587485515643105,0.0,0.002317497103128621,0.3127413127413127,0.3148148148148148,863
0.0,0.0,0.0006954102920723226,0.0013908205841446453,0.0,0.0006954102920723226,0.0,0.0,0.3266596417281349,0.15806451612903225,1438
0.0,0.0,0.0,0.004329004329004329,0.0,0.0,0.012987012987012988,0.0,0.15441176470588236,0.9047619047619048,231
0.0,0.0,0.0,0.0008453085376162299,0.0,0.00042265426880811494,0.0008453085376162299,0.004649196956889264,0.41625089094796863,0.23972602739726026,2366
0.0,0.0,0.0004677268475210477,0.0009354536950420954,0.0,0.0,0.002806361085126286,0.004677268475210477,0.6677994902293968,0.11068702290076336,2138
0.0,0.0,0.0,0.0009165902841429881,0.0,0.0,0.016498625114573784,0.0,1.2087912087912087,0.04909090909090909,1091
0.0028089887640449437,0.0,0.0,0.0028089887640449437,0.0,0.0,0.0028089887640449437,0.011235955056179775,1.119047619047619,0.09929078014184398,356
0.0,0.0,0.0010515247108307045,0.0010515247108307045,0.0,0.0,0.002103049421661409,0.0,0.8102345415778252,0.08947368421052632,951
0.0,0.0,0.0,0.013245033112582781,0.0,0.0,0.059602649006622516,0.0,0.391304347826087,0.25925925925925924,151
0.0,0.0,0.0,0.004651162790697674,0.0,0.0,0.018604651162790697,0.0,0.22794117647058823,0.03225806451612903,215
0.0,0.0,0.0,0.0022727272727272726,0.0,0.0,0.0,0.0,0.7378190255220418,0.09119496855345911,880
0.0,0.0,0.0,0.0011750881316098707,0.0,0.0,0.0,0.0,0.2638655462184874,0.08280254777070063,851
0.0,0.002074688796680498,0.0,0.002074688796680498,0.0,0.0,0.008298755186721992,0.0,0.4732142857142857,1.1415094339622642,482
0.0,0.0,0.0,0.003663003663003663,0.0,0.0,0.01098901098901099,0.003663003663003663,2.564516129032258,0.1949685534591195,273
0.0005681818181818182,0.0,0.0,0.0005681818181818182,0.0,0.0005681818181818182,0.0017045454545454545,0.0017045454545454545,1.6037414965986394,0.03923647932131495,1760
0.0,0.0,0.0,0.0016597510373443983,0.0,0.0,0.004979253112033195,0.0008298755186721991,1.171206225680934,0.04817275747508306,1205
0.0,0.0,0.002173913043478261,0.0014492753623188406,0.0,0.0007246376811594203,0.005072463768115942,0.0,0.32749178532311063,0.1806020066889632,1380
0.0,0.0,0.0007886435331230284,0.0007886435331230284,0.0,0.0,0.002365930599369085,0.0,0.6036931818181818,0.14823529411764705,1268
0.007462686567164179,0.0,0.0024875621890547263,0.017412935323383085,0.0,0.03731343283582089,0.03233830845771144,0.0,0.6705882352941176,0.07894736842105263,402
0.0,0.0,0.0021493820526598604,0.0010746910263299302,0.0005373455131649651,0.0,0.0026867275658248252,0.007522837184309511,1.768270944741533,0.14919354838709678,1861
0.0012531328320802004,0.0,0.0012531328320802004,0.002506265664160401,0.0,0.0,0.008771929824561403,0.0,0.2202729044834308,0.4336283185840708,798
0.0,0.0,0.0011560693641618498,0.0011560693641618498,0.0,0.004624277456647399,0.0011560693641618498,0.0,0.4679245283018868,0.07258064516129033,865
0.0,0.0,0.0,0.004028197381671702,0.0,0.0,0.0,0.0,0.3670886075949367,0.6206896551724138,993
0.0,0.0,0.0025756600128783,0.00128783000643915,0.0,0.0,0.0070830650354153256,0.0,0.47919143876337694,0.17121588089330025,1553
0.0,0.0,0.008968609865470852,0.008968609865470852,0.0,0.004484304932735426,0.0,0.004484304932735426,0.12790697674418605,1.4545454545454546,223
0.0,0.0,0.0,0.003676470588235294,0.0,0.0,0.0,0.0,1.024,0.0078125,272
0.0,0.0,0.0009165902841429881,0.0018331805682859762,0.0,0.0,0.0,0.0,0.24,0.20689655172413793,1091
0.0,0.0,0.0017482517482517483,0.0034965034965034965,0.0,0.0,0.01048951048951049,0.0,1.2534562211981566,0.04411764705882353,572
0.0,0.0,0.0,0.0011435105774728416,0.0,0.0,0.0,0.002858776443682104,0.7114093959731543,0.09276729559748427,1749
0.00029214139643587495,0.0,0.002044989775051125,0.0005842827928717499,0.0,0.002044989775051125,0.002044989775051125,0.0026292725679228747,1.2346570397111913,0.09005847953216374,3423
0.0,0.0015600624024961,0.0015600624024961,0.014040561622464899,0.0,0.0031201248049922,0.0124804992199688,0.0031201248049922,0.1945080091533181,0.25882352941176473,641
0.00202020202020202,0.0,0.0,0.00202020202020202,0.0,0.0,0.006060606060606061,0.0,1.2885906040268456,0.16145833333333334,495
0.0,0.0,0.0021201413427561835,0.0014134275618374558,0.0,0.0007067137809187279,0.0007067137809187279,0.0,0.3613053613053613,0.2806451612903226,1415
0.0,0.0,0.0011587485515643105,0.002317497103128621,0.0,0.0011587485515643105,0.01738122827346466,0.0,0.4206008583690987,0.1377551020408163,863
0.0018248175182481751,0.0,0.0,0.0018248175182481751,0.0,0.0,0.010948905109489052,0.0,0.5152439024390244,0.10059171597633136,548
0.0,0.0,0.0,0.002162162162162162,0.0,0.002162162162162162,0.015135135135135135,0.002162162162162162,0.33049403747870526,0.24742268041237114,925
0.0,0.0,0.0,0.0012642225031605564,0.0,0.0,0.0,0.0,0.29484902309058614,0.14457831325301204,791
0.0,0.0,0.0,0.0007645259938837921,0.0,0.0,0.0,0.0,1.271559633027523,0.020202020202020204,1308
0.0,0.0,0.0013937282229965157,0.0013937282229965157,0.0,0.0013937282229965157,0.010452961672473868,0.0,0.9723502304147466,0.04897314375987362,1435
0.0,0.0,0.0010050251256281408,0.0010050251256281408,0.0,0.0,0.0,0.0010050251256281408,0.20498614958448755,0.13513513513513514,995
0.0014154281670205238,0.0,0.0007077140835102619,0.0014154281670205238,0.0,0.0021231422505307855,0.01840056617126681,0.0,0.38495575221238937,0.06609195402298851,1413
0.0,0.0,0.0,0.0013089005235602095,0.0,0.0013089005235602095,0.002617801047120419,0.0,0.8837837837837837,0.07033639143730887,764
0.0,0.0,0.007692307692307693,0.015384615384615385,0.0,0.0,0.07692307692307693,0.0,0.775,0.1935483870967742,130
0.0,0.0,0.0012224938875305623,0.0012224938875305623,0.0,0.0,0.003667481662591687,0.0,0.36065573770491804,0.09595959595959595,818
0.00043271311120726956,0.0,0.0012981393336218088,0.0008654262224145391,0.0,0.00043271311120726956,0.006057983556901774,0.005192557334487235,0.5704280155642023,0.1377899045020464,2311
0.0,0.0,0.0,0.0024096385542168677,0.0,0.0,0.008433734939759036,0.0036144578313253013,0.05652173913043478,0.5128205128205128,830
0.0,0.0,0.0,0.0013774104683195593,0.0,0.004132231404958678,0.0,0.0027548209366391185,0.11947626841243862,0.1095890410958904,726
0.0,0.0,0.0011111111111111111,0.0022222222222222222,0.0,0.0,0.012222222222222223,0.0,0.5835051546391753,0.0812720848056537,900
0.0,0.0,0.0,0.002479631597591215,0.0,0.0,0.002479631597591215,0.00035423308537017357,0.8499308437067773,0.021969080553295363,2823
0.0009115770282588879,0.0,0.0009115770282588879,0.0018231540565177757,0.0,0.0,0.010938924339106655,0.0009115770282588879,0.1946795646916566,0.17391304347826086,1097
0.0005580357142857143,0.0,0.0005580357142857143,0.0005580357142857143,0.0,0.0,0.0,0.0,1.1745827984595636,0.046994535519125684,1792
0.0,0.0,0.0,0.0011389521640091116,0.0,0.002277904328018223,0.0,0.0,0.16691729323308271,0.2702702702702703,878
0.0,0.0,0.0,0.006872852233676976,0.0,0.0,0.01718213058419244,0.0,2.740740740740741,0.20945945945945946,291
0.004878048780487805,0.0,0.0,0.0,0.0,0.0,0.0,0.0,1.0317460317460319,0.06153846153846154,205
0.0,0.0,0.0,0.0009182736455463728,0.0,0.0,0.0,0.006427915518824609,0.4363143631436314,0.015527950310559006,1089
0.0,0.0,0.0016286644951140066,0.003257328990228013,0.0,0.0016286644951140066,0.004885993485342019,0.0,0.8794642857142857,0.08629441624365482,614
0.0,0.0,0.0010030090270812437,0.0010030090270812437,0.0,0.0,0.0020060180541624875,0.0,0.3194029850746269,0.2336448598130841,997
0.0,0.0,0.0,0.0017953321364452424,0.0,0.0017953321364452424,0.0017953321364452424,0.0,0.415041782729805,0.1476510067114094,557
0.0,0.0,0.0,0.0012795905310300703,0.0,0.0,0.0006397952655150352,0.0012795905310300703,0.2796688132474701,0.12828947368421054,1563
0.0,0.0,0.0,0.05154639175257732,0.0,0.0,0.07216494845360824,0.0,0.0,,97
0.0,0.0,0.0,0.0008718395815170009,0.0,0.0008718395815170009,0.0034873583260680036,0.0017436791630340018,1.053742802303263,0.07468123861566485,1147
0.0,0.0,0.0,0.001841620626151013,0.0,0.0,0.0055248618784530384,0.0,0.6442307692307693,0.05373134328358209,1086
0.0013831258644536654,0.0,0.0,0.0027662517289073307,0.0,0.0,0.008298755186721992,0.0,0.24538745387453875,0.022556390977443608,723
0.0,0.0,0.0,0.0011890606420927466,0.0,0.0035671819262782403,0.0011890606420927466,0.0,1.0213333333333334,0.09399477806788512,841
0.0,0.0,0.0,0.0019588638589618022,0.0,0.0019588638589618022,0.002938295788442703,0.0,1.0430839002267573,0.07391304347826087,1021
0.0,0.0,0.0,0.0011723329425556857,0.0,0.0,0.0023446658851113715,0.0,0.4123505976095618,0.21256038647342995,853
0.0,0.0,0.0025940337224383916,0.0025940337224383916,0.0,0.0025940337224383916,0.0012970168612191958,0.0,0.6978021978021978,0.08661417322834646,771
0.0,0.0,0.0,0.0020964360587002098,0.0,0.0,0.006289308176100629,0.0020964360587002098,0.14066496163682865,0.14545454545454545,477
0.0,0.0,0.0009066183136899365,0.0009066183136899365,0.0,0.0,0.003626473254759746,0.001813236627379873,0.8063872255489022,0.14356435643564355,1103
0.0008,0.0,0.0,0.0016,0.0,0.0,0.0088,0.0,0.933572710951526,0.075,1250
0.0,0.001336898395721925,0.0,0.00267379679144385,0.0,0.001336898395721925,0.0,0.0,0.576,0.14814814814814814,748
0.0,0.0,0.0020242914979757085,0.0020242914979757085,0.0,0.0,0.0020242914979757085,0.0,0.2978723404255319,0.19387755102040816,494
0.0,0.0,0.0021810250817884407,0.0021810250817884407,0.0,0.0,0.0,0.0,0.10975609756097561,0.7936507936507936,917
0.0,0.0,0.0006858710562414266,0.003429355281207133,0.004801097393689987,0.00411522633744856,0.00411522633744856,0.0,0.09761388286334056,0.011111111111111112,1458
0.0,0.0,0.0,0.0037054191755442334,0.0,0.0,0.005094951366373321,0.0,0.44941176470588234,0.06282722513089005,2159
0.0,0.0,0.0,0.0017376194613379669,0.0,0.0008688097306689834,0.0034752389226759338,0.0008688097306689834,0.7086206896551724,0.1192214111922141,1151
0.0018264840182648401,0.0,0.0,0.0009132420091324201,0.0,0.0009132420091324201,0.0009132420091324201,0.0009132420091324201,0.6834170854271356,0.049019607843137254,1095
0.0,0.0,0.0,0.002890173410404624,0.0,0.0,0.015895953757225433,0.0,0.24282982791587,0.07086614173228346,692
0.0,0.0,0.0,0.0028735632183908046,0.0,0.0,0.02586206896551724,0.0,0.6977401129943502,0.15789473684210525,696
0.0,0.0,0.0,0.0011750881316098707,0.0,0.0,0.004700352526439483,0.0,0.36331569664902996,0.043689320388349516,851
0.0,0.0,0.0,0.0014814814814814814,0.0,0.0,0.002962962962962963,0.0,0.6504065040650406,0.07916666666666666,675
0.0,0.0,0.0,0.0041841004184100415,0.0,0.0,0.0041841004184100415,0.0,0.5321100917431193,0.017241379310344827,239
0.0,0.0,0.0,0.0014992503748125937,0.0,0.0,0.008245877061469266,0.0007496251874062968,0.3539518900343643,0.0744336569579288,1334
0.0,0.0,0.0007457121551081282,0.0014914243102162564,0.0,0.0,0.007457121551081283,0.0014914243102162564,0.2837988826815642,0.15354330708661418,1341
0.0,0.0,0.0,0.0017211703958691911,0.0,0.0,0.0,0.0017211703958691911,0.7702265372168284,0.05042016806722689,581
0.0,0.0,0.0,0.000942507068803016,0.0,0.0,0.0051837888784165885,0.0,2.206540447504303,0.10140405616224649,2122
0.0,0.0,0.0015600624024961,0.0015600624024961,0.0,0.0,0.0039001560062402497,0.01794071762870515,0.5379746835443038,0.2323529411764706,1282
0.0,0.0,0.0,0.001841620626151013,0.0,0.0,0.001841620626151013,0.003683241252302026,0.3649851632047478,0.1951219512195122,543
0.0,0.0,0.0,0.0017825311942959,0.00089126559714795,0.0,0.0,0.00089126559714795,0.5158850226928896,0.10263929618768329,1122
0.005517241379310344,0.0,0.002758620689655172,0.002758620689655172,0.0,0.0,0.002758620689655172,0.0,0.3113456464379947,0.2711864406779661,725
0.0,0.0,0.0,0.0006788866259334691,0.0,0.0,0.0013577732518669382,0.0,0.7525510204081632,0.08983050847457627,1473
0.0,0.002881844380403458,0.0,0.005763688760806916,0.0,0.0,0.0,0.0,0.6258064516129033,0.25773195876288657,347
0.0,0.0,0.0011904761904761906,0.0003968253968253968,0.0,0.0003968253968253968,0.0003968253968253968,0.0011904761904761906,0.8234817813765182,0.09734513274336283,2520
0.0,0.0,0.0006711409395973154,0.0013422818791946308,0.0,0.0013422818791946308,0.0006711409395973154,0.0,0.3014256619144603,0.19594594594594594,1490
0.0017921146953405018,0.0,0.0,0.0017921146953405018,0.0,0.0,0.0,0.0,0.4096045197740113,0.27586206896551724,558
0.0,0.0,0.0,0.0023391812865497076,0.0,0.0,0.019883040935672516,0.004678362573099415,0.3406998158379374,0.24864864864864866,855
0.0,0.0,0.0,0.003963759909399773,0.0,0.0,0.0,0.0,1.116120218579235,0.05263157894736842,1766
0.0,0.0,0.0,0.0014285714285714286,0.0,0.0,0.005714285714285714,0.0014285714285714286,0.42077922077922075,0.2839506172839506,700
0.0,0.0,0.0017094017094017094,0.003418803418803419,0.0,0.0,0.011965811965811967,0.0,0.0945945945945946,0.35714285714285715,585
0.0,0.0,0.0,0.001367053998632946,0.0,0.0,0.0,0.004101161995898838,1.0163132137030995,0.14125200642054575,1463
0.0,0.0,0.0,0.0013869625520110957,0.0,0.0,0.005547850208044383,0.0,0.7086614173228346,0.15185185185185185,721
0.0,0.0,0.0,0.0078125,0.0,0.0,0.0,0.0,0.6176470588235294,0.07142857142857142,128
0.0006702412868632708,0.0,0.003351206434316354,0.0020107238605898124,0.0,0.0013404825737265416,0.0,0.005361930294906166,0.3579175704989154,0.11818181818181818,1492
0.0,0.0,0.0012642225031605564,0.0025284450063211127,0.0,0.0,0.011378002528445006,0.0012642225031605564,0.345703125,0.1016949152542373,791
0.0,0.0,0.0,0.003898635477582846,0.0,0.0,0.03313840155945419,0.0,0.192090395480226,0.23529411764705882,513
0.0,0.0,0.0,0.0005341880341880342,0.0,0.0,0.0010683760683760685,0.0,0.6605839416058394,0.03591160220994475,1872
0.0,0.0,0.003372681281618887,0.0016863406408094434,0.0,0.003372681281618887,0.0,0.0,0.6206896551724138,0.12626262626262627,593
0.0,0.0,0.0035026269702276708,0.0035026269702276708,0.0,0.0,0.0035026269702276708,0.0,0.15730337078651685,0.39285714285714285,571
0.0,0.0,0.0,0.0017211703958691911,0.0,0.0,0.01721170395869191,0.0,0.6820987654320988,0.07692307692307693,581
0.0,0.0,0.0,0.0020898641588296763,0.0,0.0,0.003134796238244514,0.0010449320794148381,0.25444596443228457,0.03763440860215054,957
0.0,0.0,0.0,0.0015015015015015015,0.0,0.0,0.012012012012012012,0.0,1.4552845528455285,0.02653631284916201,1332
0.0009199632014719411,0.0,0.0018399264029438822,0.0018399264029438822,0.0,0.0,0.0018399264029438822,0.0009199632014719411,1.0227272727272727,0.10888888888888888,1087
0.0,0.0,0.0,0.00205761316872428,0.0,0.0,0.00102880658436214,0.0,0.08736717827626919,0.20270270270270271,972
0.0,0.0,0.0,0.0024271844660194173,0.0,0.0,0.0,0.0,2.4361702127659575,0.14847161572052403,412
0.0,0.0,0.0,0.002109704641350211,0.0,0.0,0.0,0.0,0.3878887070376432,0.11814345991561181,948
0.0,0.0,0.0,0.0031545741324921135,0.0,0.0,0.028391167192429023,0.0031545741324921135,0.7516778523489933,0.1875,317
0.0,0.0,0.0,0.006269592476489028,0.0,0.0,0.01567398119122257,0.0,0.3350253807106599,0.30303030303030304,319
0.0,0.0,0.0,0.0021253985122210413,0.0,0.0,0.005313496280552604,0.0,0.7865429234338747,0.10324483775811209,941
0.0034207525655644243,0.0011402508551881414,0.0011402508551881414,0.002280501710376283,0.0,0.0,0.0011402508551881414,0.0,0.3581780538302277,0.2947976878612717,877
0.0,0.0,0.0017889087656529517,0.0017889087656529517,0.0,0.01073345259391771,0.0,0.0,0.1382488479262673,0.2833333333333333,559
0.003875968992248062,0.0,0.0,0.027131782945736434,0.0,0.0,0.08914728682170543,0.0,0.6172839506172839,0.14,258
0.0,0.0,0.003663003663003663,0.0014652014652014652,0.0,0.0014652014652014652,0.0,0.0,0.11978704525288376,0.1925925925925926,1365
0.0,0.0,0.0,0.00186219739292365,0.0,0.00186219739292365,0.0074487895716946,0.0,0.43354430379746833,0.10948905109489052,537
0.0,0.0,0.0,0.0010298661174047373,0.0,0.0010298661174047373,0.0010298661174047373,0.0,0.7340823970037453,0.025510204081632654,971
0.0,0.0011061946902654867,0.0,0.0022123893805309734,0.0,0.0022123893805309734,0.00663716814159292,0.0022123893805309734,0.9443099273607748,0.05384615384615385,904
0.0,0.0,0.0,0.0032336297493936943,0.0,0.0,0.04527081649151172,0.0,0.16842105263157894,0.2013888888888889,1237
0.0,0.0,0.0,0.0018050541516245488,0.0,0.0,0.013537906137184115,0.0,1.0772532188841202,0.20916334661354583,1108
0.0,0.0,0.0,0.002012072434607646,0.0,0.002012072434607646,0.0,0.0,1.3026315789473684,0.08080808080808081,497
0.0,0.0,0.007048458149779736,0.000881057268722467,0.0,0.000881057268722467,0.0,0.000881057268722467,0.4960998439937597,0.22327044025157233,1135
0.0,0.0,0.0,0.0021810250817884407,0.0,0.0010905125408942203,0.003271537622682661,0.0,0.31379962192816635,0.3132530120481928,917
0.0,0.0,0.0,0.0030911901081916537,0.0,0.0,0.0015455950540958269,0.0030911901081916537,0.24598930481283424,0.16304347826086957,647
0.0,0.0,0.0,0.0014124293785310734,0.0,0.0,0.00423728813559322,0.002824858757062147,0.697452229299363,0.1324200913242009,708
0.0,0.0011961722488038277,0.0011961722488038277,0.0023923444976076554,0.0,0.0,0.008373205741626795,0.0011961722488038277,0.41434262948207173,0.14903846153846154,836
0.0,0.0,0.0,0.0007830853563038371,0.0,0.0,0.0,0.0,0.42565947242206237,0.16056338028169015,1277
0.0,0.0,0.0,0.0015873015873015873,0.0,0.0,0.0,0.0,1.225296442687747,0.06129032258064516,630
0.0,0.0,0.0035810205908683975,0.0017905102954341987,0.0,0.0,0.005371530886302597,0.0,0.658,0.16717325227963525,1117
0.0,0.0,0.0012121212121212121,0.0024242424242424242,0.0,0.0,0.02181818181818182,0.0,0.1933884297520661,0.23931623931623933,825
0.0008756567425569177,0.0,0.0017513134851138354,0.0017513134851138354,0.0,0.0017513134851138354,0.0148861646234676,0.0,0.2647058823529412,0.25925925925925924,1142
0.001183431952662722,0.0,0.0,0.002366863905325444,0.0,0.0,0.004733727810650888,0.0,0.18944099378881987,0.06557377049180328,845
0.0,0.0,0.0,0.0015822784810126582,0.0,0.0,0.0,0.0007911392405063291,0.8956521739130435,0.06990291262135923,1264
0.0,0.0,0.0,0.0010940919037199124,0.0,0.0,0.010940919037199124,0.0,0.3323216995447648,0.0547945205479452,914
0.0005989817310572028,0.0002994908655286014,0.0002994908655286014,0.0002994908655286014,0.0,0.0008984725965858042,0.0005989817310572028,0.0005989817310572028,1.2229166666666667,0.03691084611016468,3339
0.0,0.0036900369003690036,0.0,0.0036900369003690036,0.0,0.0036900369003690036,0.0,0.0,0.1518987341772152,1.0833333333333333,271
0.0,0.0,0.0,0.001968503937007874,0.0,0.000984251968503937,0.02066929133858268,0.0,0.7976744186046512,0.16034985422740525,1016
0.0,0.0,0.00186219739292365,0.00931098696461825,0.0,0.000931098696461825,0.038175046554934824,0.000931098696461825,0.3285939968404423,0.22596153846153846,1074
0.0010030090270812437,0.0,0.0,0.0010030090270812437,0.0,0.0,0.00802407221664995,0.0020060180541624875,0.8343434343434344,0.031476997578692496,997
0.0,0.0,0.0010834236186348862,0.0021668472372697724,0.0,0.0,0.0,0.0,0.15275813295615276,0.07407407407407407,923
0.0,0.0,0.0,0.0010559662090813093,0.0,0.0,0.0,0.0005279831045406547,0.18273381294964028,0.18503937007874016,1894
0.0,0.0,0.0013477088948787063,0.0026954177897574125,0.0,0.004043126684636119,0.0013477088948787063,0.0026954177897574125,0.3311965811965812,0.17419354838709677,742
0.0,0.0,0.0,0.000945179584120983,0.0,0.0,0.003780718336483932,0.0,0.8673684210526316,0.10436893203883495,1058
0.011363636363636364,0.0,0.003787878787878788,0.0,0.0,0.003787878787878788,0.026515151515151516,0.0,0.4326923076923077,0.044444444444444446,264
0.0,0.0,0.0,0.0009671179883945841,0.0,0.0,0.0029013539651837525,0.0,1.1019955654101996,0.03822937625754527,1034
0.0,0.0,0.0012484394506866417,0.0024968789013732834,0.0,0.0,0.0,0.0024968789013732834,0.31392931392931395,0.23178807947019867,801
0.011363636363636364,0.0,0.011363636363636364,0.011363636363636364,0.0,0.0,0.0,0.0,0.0,,88
0.0,0.0,0.0,0.008928571428571428,0.0,0.0,0.08035714285714286,0.0,0.18,0.3333333333333333,112
0.0,0.0,0.0,0.0013351134846461949,0.0,0.004005340453938585,0.0,0.0,0.4552058111380145,0.25,749
0.0013175230566534915,0.0,0.0,0.002635046113306983,0.0,0.0013175230566534915,0.011857707509881422,0.0013175230566534915,1.7605633802816902,0.05333333333333334,759
0.0,0.0,0.0,0.002380952380952381,0.0,0.0,0.0,0.0,0.24915824915824916,0.3108108108108108,420
0.0,0.0,0.0008156606851549756,0.0016313213703099511,0.0,0.0008156606851549756,0.0065252854812398045,0.0,1.1142284569138277,0.11870503597122302,1226
0.0,0.0,0.0,0.0012360939431396785,0.0,0.0,0.0,0.0,0.19448946515397084,0.15,809
0.006024096385542169,0.0,0.0,0.006024096385542169,0.0,0.0,0.0,0.012048192771084338,0.22972972972972974,0.29411764705882354,166
0.0,0.0,0.0,0.001326259946949602,0.0,0.0,0.0,0.0,0.39662447257383965,0.22340425531914893,754
0.0,0.0,0.0,0.0027548209366391185,0.0,0.0,0.024793388429752067,0.005509641873278237,0.03323262839879154,0.36363636363636365,363
0.0,0.0,0.0,0.0023752969121140144,0.0,0.0023752969121140144,0.0011876484560570072,0.0,0.19966442953020133,0.19327731092436976,842
0.0,0.0,0.001364256480218281,0.002728512960436562,0.0,0.0,0.001364256480218281,0.0,0.2621359223300971,0.05185185185185185,733
0.0,0.0,0.0,0.003395585738539898,0.0,0.0,0.023769100169779286,0.0,0.14249363867684478,0.5535714285714286,589
0.0,0.0,0.0,0.001524390243902439,0.0,0.0,0.0,0.003048780487804878,0.6035805626598465,0.05084745762711865,656
0.0,0.0,0.004454342984409799,0.0022271714922048997,0.0,0.0,0.011135857461024499,0.0,0.21818181818181817,0.26666666666666666,449
0.000496031746031746,0.0,0.0,0.001240079365079365,0.001736111111111111,0.0,0.0,0.0,2.3123689727463312,0.04487760652765186,4032
0.0,0.0,0.0022338049143708115,0.0014892032762472078,0.0007446016381236039,0.0,0.0029784065524944155,0.0,0.3714622641509434,0.14603174603174604,1343
0.0,0.0,0.0,0.0015105740181268882,0.0,0.0,0.004531722054380665,0.0030211480362537764,0.6597325408618128,0.08108108108108109,1324
0.0,0.0,0.0,0.001607717041800643,0.0,0.0008038585209003215,0.01045016077170418,0.0008038585209003215,0.6534090909090909,0.06956521739130435,1244
0.0,0.0,0.0003968253968253968,0.0007936507936507937,0.0,0.0,0.004761904761904762,0.0003968253968253968,0.612558450233801,0.028353326063249727,2520
0.0,0.0,0.0006743088334457181,0.0013486176668914363,0.0,0.0033715441672285905,0.006068779501011463,0.0006743088334457181,0.5744157441574416,0.16274089935760172,1483
0.0,0.0,0.0,0.0015455950540958269,0.0,0.0,0.0030911901081916537,0.0,2.4207317073170733,0.12594458438287154,647
0.0,0.0,0.0,0.0013986013986013986,0.0,0.0,0.013986013986013986,0.0,0.11304347826086956,0.49230769230769234,715
0.0,0.0007757951900698216,0.0007757951900698216,0.0015515903801396431,0.0,0.0,0.0007757951900698216,0.0007757951900698216,0.6780923994038748,0.1010989010989011,1289
0.0,0.0,0.0,0.001937984496124031,0.0,0.0,0.003875968992248062,0.0,0.40307692307692305,0.04580152671755725,516
0.0,0.0,0.0024630541871921183,0.0024630541871921183,0.0,0.0,0.0,0.009852216748768473,0.72,0.06944444444444445,406
0.0007513148009015778,0.0,0.0,0.0015026296018031556,0.0,0.0,0.004507888805409466,0.0007513148009015778,1.7447306791569086,0.032214765100671144,1331
0.0,0.0,0.0,0.003652300949598247,0.0,0.0,0.006574141709276844,0.0,1.0172413793103448,0.1224105461393597,1369
0.0,0.0,0.0,0.0016433853738701725,0.0,0.0,0.0024650780608052587,0.0,0.6342182890855457,0.09302325581395349,1217
0.0,0.0,0.0009784735812133072,0.0009784735812133072,0.0,0.0,0.0029354207436399216,0.008806262230919765,0.3256484149855908,0.0752212389380531,1022
0.0010309278350515464,0.0,0.002061855670103093,0.0010309278350515464,0.0,0.0010309278350515464,0.008247422680412371,0.0,0.6850715746421268,0.1044776119402985,970
0.0,0.0,0.001122334455667789,0.001122334455667789,0.0,0.001122334455667789,0.001122334455667789,0.0,0.7243589743589743,0.1415929203539823,891
0.0,0.0,0.002793296089385475,0.0013966480446927375,0.0,0.0,0.012569832402234637,0.0,0.5229357798165137,0.09649122807017543,716
0.0,0.0,0.0,0.000574052812858783,0.0,0.0,0.001148105625717566,0.0,0.20412675018422993,0.10469314079422383,1742
0.0,0.0,0.0,0.00234192037470726,0.0,0.0,0.02576112412177986,0.00234192037470726,0.7684729064039408,0.09615384615384616,854
0.0,0.0,0.0,0.0043859649122807015,0.0,0.0,0.0,0.0,1.855072463768116,0.1328125,228
0.0007656967840735069,0.0,0.0,0.004594180704441042,0.0,0.0,0.002297090352220521,0.0,0.7655786350148368,0.11434108527131782,1306
0.0029282576866764276,0.0,0.0029282576866764276,0.004392386530014641,0.0029282576866764276,0.0014641288433382138,0.0,0.0029282576866764276,0.08626198083067092,0.9629629629629629,683
0.0,0.0,0.0,0.0008375209380234506,0.0,0.0033500837520938024,0.0,0.0,1.8672316384180792,0.09228441754916793,1194
0.0,0.0011376564277588168,0.0011376564277588168,0.0011376564277588168,0.0,0.0,0.0,0.0,0.8408551068883611,0.1864406779661017,879
0.000370919881305638,0.0,0.0,0.00370919881305638,0.0,0.0,0.014094955489614243,0.0,1.312306101344364,0.1095350669818755,2696
0.0,0.0,0.0,0.0017543859649122807,0.0,0.0,0.007017543859649123,0.0,0.6835443037974683,0.041666666666666664,570
0.00088261253309797,0.0,0.0,0.00088261253309797,0.0,0.0,0.00441306266548985,0.00176522506619594,1.3548387096774193,0.10256410256410256,1133
0.0,0.0,0.0024752475247524753,0.0024752475247524753,0.0,0.0,0.0,0.0,0.5616438356164384,0.18699186991869918,404
0.0,0.0,0.0,0.0014094432699083862,0.0,0.0014094432699083862,0.0,0.0,0.6954177897574124,0.060077519379844964,1419
0.0,0.0,0.0,0.001375515818431912,0.0,0.0,0.0,0.002751031636863824,0.08856682769726248,0.2727272727272727,727
0.0,0.0,0.0,0.0019646365422396855,0.0,0.0,0.0,0.0,0.3112391930835735,0.14814814814814814,509
0.0,0.0,0.0,0.0011441647597254005,0.0,0.0,0.003432494279176201,0.02517162471395881,0.03865979381443299,0.4,874
0.0,0.0,0.001352265043948614,0.001352265043948614,0.0,0.0,0.008113590263691683,0.006085192697768763,0.26808100289296044,0.20503597122302158,1479
0.0,0.0,0.0,0.05,0.0,0.0,0.0,0.05,,,20
0.0,0.0,0.0,0.0056179775280898875,0.0,0.0,0.025280898876404494,0.0,0.17937219730941703,0.5,356
0.00477326968973747,0.0,0.002386634844868735,0.002386634844868735,0.0,0.0011933174224343676,0.0,0.0,0.32532751091703055,0.14093959731543623,838
0.0,0.0,0.0,0.0018726591760299626,0.0,0.0018726591760299626,0.0056179775280898875,0.0,0.35502958579881655,0.20833333333333334,534
0.0010857763300760044,0.0,0.0,0.002171552660152009,0.0,0.0,0.0,0.0,0.5352941176470588,0.1794871794871795,921
0.0,0.0,0.0,0.0025974025974025974,0.0,0.0012987012987012987,0.023376623376623377,0.0025974025974025974,0.3620309050772627,0.2865853658536585,770
0.0,0.0,0.0013623978201634877,0.0013623978201634877,0.0,0.0,0.0,0.0,0.7117117117117117,0.17721518987341772,734
0.0,0.0,0.0014144271570014145,0.0014144271570014145,0.0,0.0,0.0,0.0,0.2732673267326733,0.18115942028985507,707
0.0,0.0,0.0012484394506866417,0.0024968789013732834,0.0,0.0,0.0,0.003745318352059925,0.628498727735369,0.22267206477732793,801
0.0,0.0,0.0026246719160104987,0.0013123359580052493,0.0,0.0013123359580052493,0.010498687664041995,0.0,0.9138888888888889,0.05167173252279635,762
0.0,0.0,0.0,0.0006020469596628537,0.0,0.0,0.0006020469596628537,0.0012040939193257074,0.22748091603053436,0.0738255033557047,1661
0.0,0.0,0.0,0.0016286644951140066,0.0,0.0,0.011400651465798045,0.0016286644951140066,0.41237113402061853,0.0625,614
0.0,0.0,0.0,0.0018115942028985507,0.0,0.0,0.0,0.0,0.27411167512690354,0.07407407407407407,552
0.0,0.0,0.0,0.005376344086021506,0.0,0.0,0.03225806451612903,0.0,5.473684210526316,0.23076923076923078,186
0.0,0.0,0.0024509803921568627,0.0024509803921568627,0.0,0.0,0.03431372549019608,0.0,0.0778816199376947,0.08,408
0.0,0.0,0.0,0.002484472049689441,0.0,0.0,0.0,0.0012422360248447205,1.234920634920635,0.10796915167095116,805
0.0009372071227741331,0.0009372071227741331,0.005623242736644799,0.0028116213683223993,0.0,0.0,0.0,0.0028116213683223993,0.22595419847328244,0.14864864864864866,1067
0.0,0.0,0.0,0.0035335689045936395,0.0,0.0,0.0,0.0017667844522968198,0.034858387799564274,0.375,566
0.0013386880856760374,0.0,0.0,0.002008032128514056,0.0,0.0,0.04685408299866131,0.0013386880856760374,1.3817504655493482,0.09973045822102426,1494
0.0,0.0,0.0,0.002403846153846154,0.0,0.0,0.019230769230769232,0.0,0.08433734939759036,0.5357142857142857,416
0.0,0.0,0.0007733952049497294,0.0015467904098994587,0.0,0.0,0.02242846094354215,0.0007733952049497294,1.1663201663201663,0.16399286987522282,1293
0.0,0.0,0.0009442870632672333,0.0018885741265344666,0.0,0.0,0.009442870632672332,0.0,0.6174055829228243,0.061170212765957445,1059
0.0,0.0,0.003061224489795918,0.0020408163265306124,0.0,0.0010204081632653062,0.017346938775510204,0.0,0.5430579964850615,0.12297734627831715,980
0.0,0.0,0.0,0.002352941176470588,0.0,0.0,0.002352941176470588,0.0,0.10256410256410256,0.5,425
0.0,0.0,0.0,0.0008787346221441124,0.0,0.0,0.0017574692442882249,0.0,0.7420382165605095,0.0407725321888412,1138
0.0,0.0,0.0,0.0015082956259426848,0.0,0.0,0.007541478129713424,0.0,0.15576923076923077,0.18518518518518517,663
0.0,0.0,0.0028169014084507044,0.005633802816901409,0.0,0.0,0.011267605633802818,0.0,0.36,0.23809523809523808,355
0.0,0.0,0.002094972067039106,0.0006983240223463687,0.0,0.0,0.0,0.0006983240223463687,0.47163515016685204,0.11084905660377359,1432
0.0,0.0,0.0,0.0017857142857142857,0.0,0.0,0.005357142857142857,0.0,0.30294906166219837,0.17699115044247787,560
0.0,0.0,0.0,0.0031446540880503146,0.0,0.0,0.0,0.0031446540880503146,0.19298245614035087,0.11363636363636363,318
0.003076923076923077,0.003076923076923077,0.0,0.003076923076923077,0.0,0.003076923076923077,0.006153846153846154,0.012307692307692308,2.8688524590163933,0.17714285714285713,325
0.0,0.0,0.0,0.001417434443656981,0.0,0.0,0.005669737774627924,0.002834868887313962,0.7409470752089137,0.08082706766917293,1411
0.0,0.0,0.0011494252873563218,0.0005747126436781609,0.0,0.0011494252873563218,0.0034482758620689655,0.0,2.430084745762712,0.037489102005231034,1740
0.0,0.0,0.0011098779134295228,0.0022197558268590455,0.0,0.0,0.0022197558268590455,0.0,0.7066974595842956,0.21241830065359477,901
0.0,0.0,0.0,0.0018018018018018018,0.0,0.0,0.013513513513513514,0.0009009009009009009,0.584,0.08493150684931507,1110
0.0,0.0,0.0,0.002894356005788712,0.0,0.0,0.001447178002894356,0.0,0.5130208333333334,0.116751269035533,691
0.0,0.0,0.0024271844660194173,0.0024271844660194173,0.0,0.0012135922330097086,0.012135922330097087,0.0,0.5227765726681128,0.2863070539419087,824
0.0,0.0,0.0,0.004228329809725159,0.0,0.0,0.0,0.0,0.3767605633802817,0.102803738317757,473
0.0,0.001256281407035176,0.001256281407035176,0.001256281407035176,0.0,0.001256281407035176,0.001256281407035176,0.0,1.050561797752809,0.0481283422459893,796
0.0,0.0,0.0,0.01652892561983471,0.0,0.0,0.03305785123966942,0.008264462809917356,0.22857142857142856,0.125,121
0.0,0.0,0.0,0.0035971223021582736,0.0,0.0,0.025179856115107913,0.0,0.22465753424657534,0.13414634146341464,556
0.0,0.0,0.0,0.0028735632183908046,0.0,0.0,0.007183908045977011,0.0,0.28132387706855794,0.3025210084033613,696
0.0,0.0,0.0009045680687471732,0.0009045680687471732,0.0,0.0004522840343735866,0.0,0.0004522840343735866,0.860655737704918,0.2511904761904762,2211
0.0,0.0,0.0,0.0019011406844106464,0.0,0.0,0.0076045627376425855,0.0,0.4011627906976744,0.021739130434782608,526
0.0,0.0,0.0,0.009389671361502348,0.0,0.0,0.023474178403755867,0.0,2.1951219512195124,0.08888888888888889,213
0.0,0.0,0.0011976047904191617,0.0023952095808383233,0.0,0.0,0.005988023952095809,0.0023952095808383233,0.29044117647058826,0.20253164556962025,835
0.0,0.0,0.0,0.0018927444794952682,0.0,0.0,0.007570977917981073,0.0,0.5419426048565121,0.06720977596741344,1585
0.008032128514056224,0.0,0.0,0.0,0.0,0.0,0.0,0.0,1.0545454545454545,0.034482758620689655,249
0.0,0.0,0.0,0.0011025358324145535,0.0,0.0011025358324145535,0.0,0.0,0.2983257229832572,0.08163265306122448,907
0.0,0.0,0.0007818608287724785,0.001563721657544957,0.0,0.0,0.0,0.0,0.43354430379746833,0.39416058394160586,1279
0.0,0.0,0.000727802037845706,0.001455604075691412,0.0,0.0,0.01455604075691412,0.0,0.5439900867410161,0.04328018223234624,1374
0.0,0.0,0.0,0.0018248175182481751,0.0,0.0,0.0,0.006386861313868613,0.8706563706563707,0.03991130820399113,1096
0.0,0.0,0.0065237651444548,0.001863932898415657,0.0,0.0009319664492078285,0.0130475302889096,0.0,0.584717607973422,0.04261363636363636,1073
0.0,0.0,0.0,0.0012330456226880395,0.0,0.0,0.012330456226880395,0.0,0.5389221556886228,0.07777777777777778,811
0.0,0.0,0.0,0.002107481559536354,0.0,0.0,0.012644889357218124,0.0,0.6049149338374291,0.025,949
0.005545286506469501,0.0,0.0018484288354898336,0.0,0.0,0.0,0.009242144177449169,0.005545286506469501,0.1382716049382716,0.8035714285714286,541
0.0,0.0,0.0,0.0029850746268656717,0.0,0.0,0.0,0.0,1.2687747035573123,0.11526479750778816,670
0.0,0.0,0.0,0.0010905125408942203,0.0,0.0,0.0010905125408942203,0.0,0.09137709137709138,0.28169014084507044,917
0.0,0.0,0.0009115770282588879,0.0009115770282588879,0.0,0.0,0.006381039197812215,0.0,1.0666666666666667,0.03860294117647059,1097
0.0,0.0,0.0018433179723502304,0.0018433179723502304,0.0,0.0,0.0018433179723502304,0.009216589861751152,0.4141566265060241,0.21818181818181817,1085
0.0,0.0,0.0013568521031207597,0.0013568521031207597,0.0,0.0,0.027137042062415198,0.0,0.43719806763285024,0.2541436464088398,737
0.0,0.0,0.0,0.001310615989515072,0.0,0.0,0.014416775884665793,0.001310615989515072,0.452431289640592,0.2102803738317757,763
0.0,0.0,0.0,0.0018484288354898336,0.0,0.0,0.0,0.0036968576709796672,1.6666666666666667,0.029508196721311476,541
0.0,0.0004438526409232135,0.0,0.0004438526409232135,0.0,0.0,0.0004438526409232135,0.0,3.275390625,0.0029815146094215863,2253
0.0,0.0,0.0,0.001358695652173913,0.0,0.0,0.005434782608695652,0.005434782608695652,0.3564356435643564,0.044444444444444446,736
0.0,0.0,0.0,0.0011961722488038277,0.0,0.0011961722488038277,0.009569377990430622,0.0011961722488038277,0.43700787401574803,0.13513513513513514,836
0.0,0.0,0.0,0.0017873100983020554,0.0,0.0,0.0,0.0,1.2413793103448276,0.07592592592592592,1119
0.0,0.0,0.0,0.0011621150493898896,0.0,0.0,0.003486345148169669,0.0,0.9811794228356336,0.04475703324808184,1721
0.0,0.0,0.002554278416347382,0.002554278416347382,0.0,0.0,0.0,0.0,0.03986710963455149,0.75,783
0.0,0.0,0.001148105625717566,0.001148105625717566,0.0,0.003444316877152698,0.002296211251435132,0.001148105625717566,0.6078838174273858,0.10580204778156997,871
0.0,0.0,0.001718213058419244,0.001718213058419244,0.0,0.0,0.0,0.0,0.4668769716088328,0.18243243243243243,582
0.0,0.0,0.0,0.002751031636863824,0.0,0.0,0.01925722145804677,0.001375515818431912,0.3065217391304348,0.07092198581560284,727
0.0,0.0,0.002932551319648094,0.005865102639296188,0.0,0.0,0.0,0.0,0.48466257668711654,0.10126582278481013,341
0.0,0.0,0.0,0.0011968880909634949,0.0,0.0,0.003590664272890485,0.0,2.349892008639309,0.04963235294117647,1671
0.0,0.0,0.0,0.00196078431372549,0.0,0.00392156862745098,0.012745098039215686,0.0,0.4631578947368421,0.1590909090909091,1020
0.0,0.0,0.0,0.0011876484560570072,0.0,0.0,0.004750593824228029,0.0035629453681710215,1.1202185792349726,0.06341463414634146,842
0.0,0.0,0.0055248618784530384,0.011049723756906077,0.0,0.011049723756906077,0.0,0.0,0.7906976744186046,0.4117647058823529,181
0.0,0.0,0.0,0.0018552875695732839,0.0,0.0,0.0,0.0055658627087198514,0.28055555555555556,0.27722772277227725,539
0.0,0.0,0.0,0.0017699115044247787,0.0,0.0017699115044247787,0.008849557522123894,0.0,0.38738738738738737,0.24031007751937986,565
0.0010822510822510823,0.0,0.0021645021645021645,0.003246753246753247,0.0,0.004329004329004329,0.004329004329004329,0.0021645021645021645,0.7086614173228346,0.1925925925925926,924
0.0,0.0,0.0,0.001184834123222749,0.0,0.0,0.0,0.0,1.1740331491712708,0.04470588235294118,844
0.0019083969465648854,0.001272264631043257,0.006361323155216285,0.002544529262086514,0.0,0.0006361323155216285,0.0,0.009541984732824428,0.4946236559139785,0.3451086956521739,1572
0.0,0.0,0.0,0.0005393743257820927,0.0,0.0,0.002696871628910464,0.0005393743257820927,3.671122994652406,0.012381646030589949,1854
0.016882183908045977,0.0,0.008620689655172414,0.03089080459770115,0.004310344827586207,0.0,0.0,0.0,4.700787401574803,0.020938023450586266,2784
0.0012690355329949238,0.0,0.007614213197969543,0.0012690355329949238,0.0,0.0012690355329949238,0.0,0.0,0.5422535211267606,0.14285714285714285,788
0.0,0.0,0.0,0.0012547051442910915,0.0,0.0,0.0,0.0,0.30353817504655495,0.12883435582822086,797
0.0,0.0,0.0,0.0024937655860349127,0.0,0.0024937655860349127,0.012468827930174564,0.0,1.7094017094017093,0.245,401
0.0018050541516245488,0.0,0.0018050541516245488,0.0018050541516245488,0.0,0.0,0.005415162454873646,0.0,0.2135678391959799,0.10588235294117647,554
0.0009950248756218905,0.0,0.0009950248756218905,0.001990049751243781,0.0,0.0,0.008955223880597015,0.0,0.15279672578444747,0.19642857142857142,1005
0.0,0.0,0.0,0.001221001221001221,0.0,0.0,0.001221001221001221,0.002442002442002442,0.6511111111111111,0.09897610921501707,819
0.0007293946024799417,0.0,0.0,0.0,0.0,0.002188183807439825,0.0007293946024799417,0.0029175784099197666,2.0372340425531914,0.15535248041775457,1371
0.0,0.0,0.0,0.0013698630136986301,0.0,0.0,0.00684931506849315,0.0,0.4702702702702703,0.4827586206896552,730
0.0,0.0,0.0,0.0016460905349794238,0.0,0.0016460905349794238,0.0032921810699588477,0.0032921810699588477,0.5170876671619614,0.08045977011494253,1215
0.0,0.0,0.00125,0.0025,0.0,0.0,0.0,0.0,0.4413793103448276,0.1875,800
0.0007385524372230429,0.0007385524372230429,0.0,0.0014771048744460858,0.0,0.0,0.0014771048744460858,0.0,0.199203187250996,0.18,1354
0.0,0.0,0.0,0.002061855670103093,0.0,0.0,0.006185567010309278,0.0,0.3149847094801223,0.14563106796116504,485
0.0,0.0,0.0,0.003430531732418525,0.0,0.0,0.029159519725557463,0.0,0.24736842105263157,0.23404255319148937,583
0.0,0.0,0.0,0.018518518518518517,0.0,0.0,0.16666666666666666,0.0,0.2,0.3333333333333333,54
0.0,0.0,0.0,0.0023501762632197414,0.0,0.0,0.004700352526439483,0.0,0.2152777777777778,0.3225806451612903,851
0.0,0.0,0.0,0.0018975332068311196,0.0,0.0028462998102466793,0.011385199240986717,0.0009487666034155598,1.1945812807881773,0.09896907216494845,1054
0.0,0.0,0.0,0.0010152284263959391,0.0,0.0010152284263959391,0.0,0.0,0.7217898832684825,0.05121293800539083,985
0.0,0.0,0.0,0.0018832391713747645,0.0,0.0018832391713747645,0.0,0.0,0.4573170731707317,0.08666666666666667,531
0.0,0.0004432624113475177,0.0004432624113475177,0.0004432624113475177,0.0,0.0004432624113475177,0.0008865248226950354,0.0013297872340425532,0.7401129943502824,0.05125408942202835,2256
0.0,0.0,0.0,0.0024875621890547263,0.0,0.0,0.01616915422885572,0.0,0.5146443514644351,0.10975609756097561,804
0.0,0.0,0.0020161290322580645,0.0020161290322580645,0.0,0.0,0.006048387096774193,0.0,1.0509259259259258,0.09691629955947137,496
0.0,0.0,0.0,0.002770083102493075,0.0,0.0,0.002770083102493075,0.0,0.0891089108910891,0.5555555555555556,361
0.0,0.0,0.0006064281382656155,0.001212856276531231,0.0,0.0,0.009096422073984234,0.0,0.5669125395152792,0.03903345724907063,1649
0.0,0.0,0.0,0.0029542097488921715,0.0,0.0,0.01772525849335303,0.0,0.3828125,0.2108843537414966,677
0.0,0.0,0.0032397408207343412,0.0021598272138228943,0.0,0.004319654427645789,0.0010799136069114472,0.0021598272138228943,0.2917369308600337,0.18497109826589594,926
0.0,0.0,0.0,0.000630119722747322,0.0,0.0,0.005040957781978576,0.0,0.21011673151750973,0.03333333333333333,1587
0.0,0.0008210180623973727,0.004105090311986864,0.0016420361247947454,0.0,0.0024630541871921183,0.010673234811165846,0.0,1.628428927680798,0.09494640122511486,1218
0.0,0.0,0.0,0.002237851662404092,0.0,0.0006393861892583121,0.007352941176470588,0.003516624040920716,2.835408022130014,0.03219512195121951,3128
0.0,0.0,0.0,0.001,0.0,0.0,0.004,0.001,0.6768802228412256,0.10699588477366255,2000
0.0,0.0,0.0,0.002331002331002331,0.0,0.0,0.006993006993006993,0.002331002331002331,0.311787072243346,0.18292682926829268,429
0.0,0.0,0.0,0.005263157894736842,0.0,0.0,0.015789473684210527,0.0,1.091549295774648,0.18064516129032257,380
0.0,0.0,0.0014124293785310734,0.002824858757062147,0.0,0.0,0.00847457627118644,0.0,0.6263157894736842,0.12605042016806722,708
0.0,0.0,0.0031847133757961785,0.0031847133757961785,0.0,0.0,0.004777070063694267,0.0,0.5494186046511628,0.08994708994708994,628
0.0,0.0,0.0,0.002484472049689441,0.0,0.0,0.0,0.0,0.2613240418118467,0.08,805
0.0,0.0,0.0,0.0007716049382716049,0.0,0.0,0.0023148148148148147,0.0030864197530864196,0.29797377830750893,0.076,1296
0.0,0.0,0.0015698587127158557,0.0007849293563579278,0.0,0.0,0.0,0.0,0.6144578313253012,0.12990196078431374,1274
0.0,0.0,0.0,0.0007122507122507123,0.0,0.0,0.004273504273504274,0.0007122507122507123,0.8293413173652695,0.11371841155234658,1404
0.0,0.0,0.0,0.0015060240963855422,0.0,0.0,0.0,0.0015060240963855422,0.059149722735674676,0.96875,664
0.0,0.0,0.0012531328320802004,0.002506265664160401,0.0,0.0037593984962406013,0.002506265664160401,0.0037593984962406013,0.22746781115879827,0.39622641509433965,798
0.0,0.0,0.0,0.0013245033112582781,0.0,0.0,0.0,0.0,0.057488653555219364,0.13157894736842105,755
0.0,0.0,0.001177856301531213,0.002355712603062426,0.0,0.002355712603062426,0.0035335689045936395,0.005889281507656066,0.22857142857142856,0.171875,849
0.0,0.0,0.0005359056806002144,0.0005359056806002144,0.0,0.0,0.0037513397642015005,0.0005359056806002144,3.9237536656891496,0.07922272047832586,1866
0.0,0.0,0.0009505703422053232,0.0009505703422053232,0.0,0.0,0.0009505703422053232,0.0,0.44855305466237944,0.26881720430107525,1052
0.0,0.0,0.0,0.0006743088334457181,0.0,0.0006743088334457181,0.0,0.0013486176668914363,0.19700967458223395,0.19196428571428573,1483
0.0015337423312883436,0.0,0.0007668711656441718,0.0,0.0015337423312883436,0.0,0.0,0.0,0.7400611620795107,0.028925619834710745,1304
0.0,0.0,0.0008532423208191126,0.0008532423208191126,0.0,0.0017064846416382253,0.005119453924914676,0.0,0.42938659058487877,0.11295681063122924,1172
0.0,0.0,0.0,0.0021551724137931034,0.0,0.0,0.015086206896551725,0.0,0.19148936170212766,0.2857142857142857,464
0.0,0.0,0.0007429420505200594,0.0007429420505200594,0.0,0.0007429420505200594,0.0007429420505200594,0.0014858841010401188,0.9233082706766917,0.05537459283387622,1346
0.0,0.0,0.0,0.002936857562408223,0.0,0.0,0.002936857562408223,0.0,0.5702479338842975,0.14492753623188406,681
0.0,0.0,0.0017152658662092624,0.003430531732418525,0.0,0.0,0.024013722126929673,0.0,1.1386138613861385,0.15217391304347827,583
0.0,0.0,0.0,0.00234375,0.0,0.0,0.00390625,0.00234375,1.0210896309314588,0.043029259896729774,1280
0.0,0.0,0.0,0.010309278350515464,0.0,0.0,0.0,0.0,0.0975609756097561,0.0,97
0.0,0.0,0.0,0.001002004008016032,0.0,0.0,0.0,0.0,0.24571428571428572,0.2558139534883721,998
0.0018034265103697023,0.0,0.0,0.0009017132551848512,0.0,0.0,0.002705139765554554,0.0,0.9882121807465619,0.05168986083499006,1109
0.0,0.0,0.0,0.0007716049382716049,0.0,0.0,0.0,0.00038580246913580245,0.9610591900311527,0.028363047001620744,2592
0.0,0.0014903129657228018,0.0,0.0029806259314456036,0.0,0.0,0.0029806259314456036,0.0029806259314456036,0.20043103448275862,0.13978494623655913,671
0.0,0.0,0.0,0.0022222222222222222,0.0,0.0,0.008888888888888889,0.0,0.2980132450331126,0.2111111111111111,450
0.0,0.0,0.0010121457489878543,0.0010121457489878543,0.0,0.0,0.005060728744939271,0.00708502024291498,0.12303664921465969,0.46808510638297873,988
0.0,0.0,0.0008952551477170994,0.0017905102954341987,0.0,0.0,0.004476275738585497,0.0026857654431512983,0.29958391123439665,0.18055555555555555,1117
0.0,0.0,0.0,0.002886002886002886,0.0,0.0,0.011544011544011544,0.001443001443001443,0.35374149659863946,0.21153846153846154,693
0.0030828516377649326,0.0,0.002697495183044316,0.0007707129094412332,0.0011560693641618498,0.0015414258188824663,0.0007707129094412332,0.027745664739884393,2.7429193899782134,0.08419380460683082,2595
0.0006666666666666666,0.0,0.0033333333333333335,0.0013333333333333333,0.0,0.0006666666666666666,0.005333333333333333,0.0013333333333333333,0.5129943502824859,0.11894273127753303,1500
0.0,0.0,0.0,0.00322061191626409,0.0,0.0,0.01288244766505636,0.0,0.23178807947019867,0.23809523809523808,621
0.0,0.0,0.002173913043478261,0.004347826086956522,0.0,0.0,0.02391304347826087,0.0,0.24789915966386555,0.5084745762711864,460
0.0,0.0,0.0,0.005509641873278237,0.0,0.005509641873278237,0.046831955922865015,0.005509641873278237,4.297872340425532,0.20297029702970298,363
0.0,0.0,0.000664451827242525,0.000664451827242525,0.0,0.0,0.0033222591362126247,0.00132890365448505,0.523093447905478,0.055441478439425054,1505
0.0,0.0,0.0017064846416382253,0.0017064846416382253,0.0,0.0,0.0,0.0,0.5031055900621118,0.2037037037037037,586
0.0,0.0,0.0,0.005,0.0,0.0,0.005,0.0,1.1025641025641026,0.0,200
0.0,0.0,0.0030138637733574444,0.0012055455093429777,0.0,0.0,0.0,0.0,1.9959432048681542,0.041666666666666664,1659
0.0011507479861910242,0.0003835826620636747,0.0015343306482546988,0.0019179133103183737,0.0023014959723820483,0.0,0.0,0.0,1.225475841874085,0.08004778972520908,2607
0.0,0.0,0.002583979328165375,0.002583979328165375,0.0,0.0,0.012919896640826873,0.0,0.6018099547511312,0.022556390977443608,387
0.0,0.0,0.0008223684210526315,0.0008223684210526315,0.0,0.0,0.004111842105263158,0.0,0.40298507462686567,0.1919191919191919,1216
0.0,0.0003894080996884735,0.0003894080996884735,0.0003894080996884735,0.0,0.0003894080996884735,0.000778816199376947,0.0,0.7924812030075188,0.09108159392789374,2568
0.0,0.0,0.0,0.005141388174807198,0.0,0.0,0.033419023136246784,0.0,0.36199095022624433,0.275,389
0.0,0.0,0.0,0.0019398642095053346,0.0,0.0009699321047526673,0.0019398642095053346,0.002909796314258002,0.48414023372287146,0.11379310344827587,1031
0.0,0.003048780487804878,0.0,0.003048780487804878,0.0,0.0,0.0,0.0,0.6993865030674846,0.2543859649122807,328
0.0,0.0,0.0,0.001349527665317139,0.0,0.0,0.010796221322537112,0.0,0.1100244498777506,0.1259259259259259,1482
0.001594896331738437,0.0,0.0,0.001594896331738437,0.0,0.0,0.012759170653907496,0.001594896331738437,0.825503355704698,0.13008130081300814,627
0.0,0.0,0.0,0.0010240655401945725,0.0,0.0015360983102918587,0.021505376344086023,0.0,0.36254295532646047,0.15639810426540285,1953
0.0,0.0,0.0,0.0019035532994923859,0.0,0.0025380710659898475,0.011421319796954314,0.0,0.5757918552036199,0.10609037328094302,1576
0.0,0.0,0.0009578544061302681,0.0009578544061302681,0.0,0.0009578544061302681,0.008620689655172414,0.0,0.4182344428364689,0.0034602076124567475,1044
0.0,0.0,0.0035419126328217238,0.0023612750885478157,0.0,0.0,0.0,0.0,0.308411214953271,0.1696969696969697,847
0.0,0.0,0.0,0.0038022813688212928,0.0,0.0,0.045627376425855515,0.0038022813688212928,0.8803418803418803,0.1262135922330097,263
0.0,0.0,0.0009784735812133072,0.0009784735812133072,0.0,0.0,0.010763209393346379,0.0,0.9977324263038548,0.13636363636363635,1022
0.0,0.0,0.0,0.0009478672985781991,0.0,0.0,0.0,0.0,1.6155913978494623,0.05324459234608985,1055
0.0,0.0,0.0,0.0006932409012131716,0.0,0.0006932409012131716,0.0038128249566724438,0.0,1.6395233366434956,0.08176862507571168,2885
0.0,0.0,0.005108556832694764,0.001277139208173691,0.0,0.0,0.0038314176245210726,0.0,1.2847682119205297,0.07474226804123711,783
0.0,0.0,0.0,0.001310615989515072,0.0,0.0,0.002621231979030144,0.0,0.4749455337690632,0.0963302752293578,763
0.0,0.0,0.005434782608695652,0.0018115942028985507,0.0,0.0018115942028985507,0.0,0.0,0.5346534653465347,0.18518518518518517,552
0.0,0.0,0.0,0.003125,0.0,0.0,0.0015625,0.0015625,0.7223880597014926,0.0743801652892562,640
0.0,0.0,0.0013458950201884253,0.0026917900403768506,0.0,0.0,0.006729475100942127,0.0026917900403768506,0.3767123287671233,0.1393939393939394,743
0.0019047619047619048,0.0,0.0038095238095238095,0.0019047619047619048,0.0,0.0,0.011428571428571429,0.0,0.8135593220338984,0.11458333333333333,525
0.0,0.0,0.0,0.0010188487009679063,0.0,0.0,0.003056546102903719,0.0010188487009679063,0.5561312607944733,0.09472049689440994,1963
0.0,0.0,0.0,0.0016366612111292963,0.0,0.0,0.008183306055646482,0.0,0.14663951120162932,0.1388888888888889,611
0.0,0.0,0.0,0.002173913043478261,0.0,0.0,0.006521739130434782,0.0,0.20689655172413793,0.16666666666666666,460
0.0,0.0,0.0017241379310344827,0.0017241379310344827,0.0,0.0,0.005172413793103448,0.0,0.15157894736842106,0.09722222222222222,580
0.0,0.0,0.0,0.0007892659826361484,0.0,0.0,0.004735595895816891,0.0,1.3272727272727274,0.060882800608828,1267
0.0,0.0,0.0,0.0017331022530329288,0.0,0.0017331022530329288,0.0034662045060658577,0.0,0.49299719887955185,0.045454545454545456,577
0.0,0.0,0.0,0.00045682960255824577,0.0,0.0,0.001827318410232983,0.00045682960255824577,0.37870619946091644,0.1494661921708185,2189
0.0,0.0,0.0,0.006024096385542169,0.0,0.0,0.0,0.0,0.13186813186813187,1.2916666666666667,332
0.0,0.0,0.0004904364884747426,0.000980872976949485,0.0,0.0,0.0004904364884747426,0.0,0.8968968968968969,0.036830357142857144,2039
0.0,0.0,0.0,0.0017152658662092624,0.0,0.0017152658662092624,0.00686106346483705,0.0,0.16192560175054704,0.16216216216216217,583
0.0,0.0,0.0,0.0014781966001478197,0.0,0.0,0.0,0.0,1.5020242914979758,0.11725067385444744,1353
0.0,0.0,0.001059322033898305,0.001059322033898305,0.0,0.005296610169491525,0.014830508474576272,0.001059322033898305,0.4397810218978102,0.08298755186721991,944
0.0,0.0,0.0,0.0012755102040816326,0.0,0.0012755102040816326,0.0,0.0,0.13980263157894737,0.10588235294117647,784
0.0,0.0,0.0,0.002347417840375587,0.0,0.0,0.007042253521126761,0.0,0.21299638989169675,0.7627118644067796,426
0.0,0.0,0.0011723329425556857,0.0023446658851113715,0.0,0.0,0.005861664712778429,0.0,0.28970331588132636,0.10240963855421686,853
0.007751937984496124,0.0,0.015503875968992248,0.007751937984496124,0.0,0.0,0.007751937984496124,0.0,0.05263157894736842,1.6666666666666667,129
0.0,0.000999000999000999,0.000999000999000999,0.001998001998001998,0.0,0.000999000999000999,0.016983016983016984,0.0,0.8121212121212121,0.14427860696517414,1001
0.0008748906386701663,0.0,0.0008748906386701663,0.0017497812773403325,0.0,0.0008748906386701663,0.014873140857392825,0.0,0.3925619834710744,0.1543859649122807,1143
0.0,0.0,0.0011086474501108647,0.0011086474501108647,0.0,0.0,0.0022172949002217295,0.0,0.22018348623853212,0.1736111111111111,902
0.0016313213703099511,0.0,0.0,0.0032626427406199023,0.0,0.008156606851549755,0.009787928221859706,0.0,0.17084282460136674,0.26666666666666666,613
0.0,0.0,0.0,0.001736111111111111,0.0,0.0,0.022569444444444444,0.0,0.5238095238095238,0.13068181818181818,576
0.0,0.00047551117451260106,0.0,0.00047551117451260106,0.0,0.00047551117451260106,0.0033285782215882074,0.0,0.5547112462006079,0.0410958904109589,2103
0.0,0.0,0.0,0.002886002886002886,0.0,0.0,0.005772005772005772,0.0,0.38274932614555257,0.29577464788732394,693
0.0,0.0,0.00522875816993464,0.00392156862745098,0.0,0.00261437908496732,0.0,0.013071895424836602,0.529891304347826,0.2153846153846154,765
0.0007087172218284905,0.0,0.0007087172218284905,0.0007087172218284905,0.0,0.0,0.0,0.0007087172218284905,0.2737752161383285,0.0456140350877193,1411
0.0,0.0,0.0,0.001443001443001443,0.0,0.0,0.0,0.0,1.0546623794212218,0.09146341463414634,693
0.0,0.0,0.0,0.0018587360594795538,0.0,0.00929368029739777,0.026022304832713755,0.0018587360594795538,0.25449101796407186,0.38823529411764707,538
0.0,0.0,0.0010309278350515464,0.0010309278350515464,0.0,0.0010309278350515464,0.004123711340206186,0.0,0.10237203495630462,0.21951219512195122,970
0.0,0.0,0.0,0.0018501387604070306,0.0,0.0,0.005550416281221091,0.0,0.3774104683195592,0.17153284671532848,1081
0.0005257623554153522,0.0,0.0005257623554153522,0.0005257623554153522,0.0,0.0010515247108307045,0.0010515247108307045,0.0,0.34775888717156106,0.10888888888888888,1902
0.0,0.0,0.0009074410163339383,0.0009074410163339383,0.0,0.0,0.009981851179673321,0.004537205081669692,0.33055555555555555,0.31512605042016806,1102
0.0029282576866764276,0.0,0.0014641288433382138,0.0014641288433382138,0.0,0.0,0.0014641288433382138,0.0,0.08829174664107485,0.6521739130434783,683
0.0014771048744460858,0.0,0.0014771048744460858,0.0014771048744460858,0.0,0.0,0.011816838995568686,0.0,0.07815275310834814,0.022727272727272728,677
0.0007331378299120235,0.001466275659824047,0.002932551319648094,0.001466275659824047,0.0,0.0007331378299120235,0.001466275659824047,0.001466275659824047,0.8733552631578947,0.09792843691148775,1364
0.0025906735751295338,0.0,0.0,0.0051813471502590676,0.0,0.0,0.0051813471502590676,0.0,0.375,0.21333333333333335,386
0.0,0.0,0.0,0.0029850746268656717,0.0,0.0,0.020895522388059702,0.0,1.087837837837838,0.062111801242236024,335
0.0,0.0,0.007594936708860759,0.0012658227848101266,0.0,0.0012658227848101266,0.008860759493670886,0.0037974683544303796,0.23893805309734514,0.23703703703703705,790
0.0,0.0,0.0,0.0010025062656641604,0.0,0.0,0.009022556390977444,0.0,0.38884397736459175,0.08731808731808732,1995
0.0,0.0,0.0009746588693957114,0.0009746588693957114,0.0,0.001949317738791423,0.0029239766081871343,0.0,0.28005464480874315,0.07804878048780488,1026
