ACTIVITY_CODE_primary_purchase_club,ACTIVITY_CODE_primary_purchase_ga,ACTIVITY_CODE_primary_purchase_single,ACTIVITY_CODE_primary_purchase_sth,ACTIVITY_CODE_primary_purchase_suite,ACTIVITY_CODE_secondary_purchase,ACTIVITY_CODE_secondary_sale,ACTIVITY_CODE_merch_purchase,perc_open,perc_click,Totals,Cust_ID
0.0,0.0,0.0,0.0007410151908114,0.0,0.0,0.0048165987402741,0.0,2.645772594752186,0.0826446280991735,2699,13501
0.0,0.0,0.0,0.0013140604467805,0.0,0.0,0.0078843626806833,0.0,0.3146473779385171,0.0689655172413793,761,13502
0.0,0.0,0.001412429378531,0.001412429378531,0.0,0.001412429378531,0.0070621468926553,0.0,0.2666666666666666,0.2916666666666667,708,13503
0.0,0.0,0.0015527950310559,0.0031055900621118,0.0,0.0,0.0201863354037267,0.0,0.3939393939393939,0.358974358974359,644,13504
0.0,0.0,0.0,0.0015384615384615,0.0,0.0,0.0061538461538461,0.0,0.09284332688588,0.0625,650,13505
0.0010438413361169,0.0,0.0,0.0020876826722338,0.0,0.0,0.0083507306889352,0.0,0.4020442930153322,0.0805084745762711,958,13506
0.0,0.0,0.0,0.0017825311942959,0.0,0.0053475935828877,0.0026737967914438,0.0017825311942959,1.1480637813211845,0.1428571428571428,1122,13507
0.0014326647564469,0.0,0.0,0.0014326647564469,0.0,0.0014326647564469,0.0014326647564469,0.0,0.6517150395778364,0.1983805668016194,698,13508
0.0,0.0,0.0021857923497267,0.0021857923497267,0.0,0.0,0.0153005464480874,0.0010928961748633,1.1939058171745152,0.0835266821345707,915,13509
0.0,0.0,0.0,0.0010741138560687,0.0,0.0,0.0010741138560687,0.0,0.2634730538922156,0.0852272727272727,931,13510
0.0011001100110011,0.0,0.0011001100110011,0.0011001100110011,0.0,0.0011001100110011,0.0132013201320132,0.0,0.2365771812080536,0.3404255319148936,909,13511
0.0,0.0,0.0010070493454179,0.0020140986908358,0.0,0.0,0.0,0.0,0.7177033492822966,0.1233333333333333,993,13512
0.0,0.0,0.0013679890560875,0.0013679890560875,0.0,0.0,0.0027359781121751,0.0,0.2722117202268431,0.1458333333333333,731,13513
0.0,0.0,0.0,0.0017746228926353,0.0,0.0,0.0088731144631765,0.0,0.935483870967742,0.0229885057471264,1127,13514
0.0,0.0,0.0,0.0022701475595913,0.0,0.0,0.0011350737797956,0.0,0.4636174636174636,0.1569506726457399,881,13515
0.0,0.0,0.0019157088122605,0.0095785440613026,0.0,0.0,0.0191570881226053,0.0,2.845360824742268,0.1557971014492753,522,13516
0.0005376344086021,0.0,0.0016129032258064,0.0005376344086021,0.0,0.0,0.0,0.0,0.3072100313479624,0.1045918367346938,1860,13517
0.0,0.0,0.0,0.0004849660523763,0.0,0.001454898157129,0.0009699321047526,0.004364694471387,0.4511041009463722,0.1853146853146853,2062,13518
0.0,0.0,0.0,0.0013440860215053,0.0,0.0,0.0094086021505376,0.0006720430107526,0.3011695906432748,0.1197411003236245,1488,13519
0.0,0.0,0.0,0.0015220700152207,0.0,0.0,0.0106544901065449,0.0,0.8407079646017699,0.0280701754385964,657,13520
0.0,0.0,0.0075757575757575,0.0151515151515151,0.0,0.0,0.0,0.0,0.074074074074074,1.0,132,13521
0.0,0.0,0.0012722646310432,0.0025445292620865,0.0,0.0,0.0216284987277353,0.0,1.0277777777777777,0.0990990990990991,786,13522
0.0,0.0,0.0007451564828614,0.0007451564828614,0.0,0.0,0.0,0.0007451564828614,0.940691927512356,0.1453590192644483,1342,13523
0.0317460317460317,0.0079365079365079,0.0079365079365079,0.0,0.0158730158730158,0.0158730158730158,0.0555555555555555,0.0079365079365079,,,126,13524
0.0,0.0,0.0038167938931297,0.0038167938931297,0.0,0.0038167938931297,0.0114503816793893,0.0,0.2133333333333333,0.75,524,13525
0.0,0.0,0.0030487804878048,0.0030487804878048,0.0,0.0,0.0060975609756097,0.0,0.3915211970074813,0.2101910828025477,656,13526
0.0,0.0,0.0,0.0030581039755351,0.0,0.0,0.0305810397553516,0.0076452599388379,0.2099737532808399,0.0625,654,13527
0.0,0.0,0.0009276437847866,0.0018552875695732,0.0,0.0,0.0037105751391465,0.0009276437847866,0.5844594594594594,0.0606936416184971,1078,13528
0.0005497526113249,0.0,0.0,0.0010995052226498,0.0,0.0021990104452996,0.0115448048378229,0.0005497526113249,0.3395427603725656,0.2394014962593516,1819,13529
0.001010101010101,0.0,0.0,0.002020202020202,0.0,0.0,0.0151515151515151,0.0,0.5025466893039049,0.0844594594594594,990,13530
0.0,0.0012919896640826,0.0025839793281653,0.0025839793281653,0.0,0.0,0.0,0.0,0.4740566037735849,0.154228855721393,774,13531
0.0,0.0,0.0013037809647979,0.0013037809647979,0.0,0.0,0.0091264667535853,0.0,2.066225165562914,0.0405982905982906,1534,13532
0.0,0.0,0.0014689680499449,0.0003672420124862,0.0,0.0018362100624311,0.0022034520749173,0.0040396621373485,1.646744930629669,0.0362929358392741,2723,13533
0.0,0.0,0.0051679586563307,0.0025839793281653,0.0,0.0051679586563307,0.0180878552971576,0.0025839793281653,0.1151079136690647,0.125,387,13534
0.0,0.0,0.0,0.0021645021645021,0.0,0.0,0.0,0.0,0.3132911392405063,0.2222222222222222,462,13535
0.0,0.0,0.0,0.0017543859649122,0.0,0.0,0.0105263157894736,0.0,0.14004914004914,0.3508771929824561,570,13536
0.000611620795107,0.0,0.000611620795107,0.001223241590214,0.0,0.0,0.000611620795107,0.0,0.7028639618138425,0.0764006791171477,1635,13537
0.0021231422505307,0.0,0.0,0.0021231422505307,0.0,0.0,0.0,0.0,0.3493589743589743,0.1559633027522936,471,13538
0.0,0.0013440860215053,0.0026881720430107,0.0026881720430107,0.0,0.0147849462365591,0.0026881720430107,0.0,0.4850948509485094,0.1899441340782122,744,13539
0.0,0.0,0.001547987616099,0.0030959752321981,0.0,0.0,0.001547987616099,0.0,0.1428571428571428,0.1323529411764706,646,13540
0.0011556240369799,0.0,0.0,0.0003852080123266,0.0,0.0,0.0,0.0,0.9838449111470112,0.0558292282430213,2596,13541
0.0,0.0,0.0,0.003883495145631,0.0,0.0,0.0058252427184466,0.0,0.6104417670682731,0.1776315789473684,515,13542
0.0,0.0,0.0041152263374485,0.0013717421124828,0.0,0.0041152263374485,0.0219478737997256,0.0,0.5907928388746803,0.2034632034632034,729,13543
0.0,0.0,0.0,0.0019880715705765,0.0,0.0059642147117296,0.0218687872763419,0.0019880715705765,0.2877492877492877,0.1782178217821782,503,13544
0.0,0.0016680567139282,0.0075062552126772,0.0016680567139282,0.0,0.0,0.0,0.0075062552126772,0.7014388489208633,0.3307692307692307,1199,13545
0.047808764940239,0.0,0.0,0.0318725099601593,0.0,0.0,0.0,0.0,0.0275862068965517,3.0,251,13546
0.0006583278472679,0.0,0.0,0.0046082949308755,0.0,0.0,0.0111915734035549,0.0,0.660427807486631,0.1255060728744939,1519,13547
0.0,0.0,0.0,0.004778156996587,0.0,0.0006825938566552,0.0204778156996587,0.0013651877133105,0.4431418522860492,0.1349206349206349,1465,13548
0.0,0.0,0.0,0.0125786163522012,0.0,0.0062893081761006,0.0314465408805031,0.0125786163522012,0.3513513513513513,1.4615384615384617,159,13549
0.0,0.0,0.0,0.0012285012285012,0.0,0.0,0.0049140049140049,0.0,1.4166666666666667,0.0542986425339366,814,13550
0.0,0.0,0.0027624309392265,0.0013812154696132,0.0,0.0,0.011049723756906,0.0,0.4916067146282973,0.2585365853658536,724,13551
0.0,0.0,0.0,0.0011750881316098,0.0,0.0,0.0058754406580493,0.0,0.7136465324384788,0.0846394984326018,851,13552
0.0,0.0,0.0016666666666666,0.0033333333333333,0.0,0.0,0.0116666666666666,0.0,0.1025641025641025,0.3863636363636363,600,13553
0.0,0.0,0.0,0.0004478280340349,0.0,0.0004478280340349,0.0,0.0,1.0993975903614457,0.0666666666666666,2233,13554
0.0,0.0,0.0,0.0018050541516245,0.0,0.0,0.0126353790613718,0.003610108303249,0.4984984984984985,0.072289156626506,554,13555
0.017391304347826,0.0,0.0,0.008695652173913,0.0,0.0,0.017391304347826,0.008695652173913,0.1857142857142857,0.3076923076923077,115,13556
0.0,0.0,0.0015576323987538,0.0015576323987538,0.0,0.0007788161993769,0.0062305295950155,0.0,0.2800453514739229,0.2145748987854251,1284,13557
0.0,0.0,0.0,0.0021052631578947,0.0,0.0,0.0021052631578947,0.0,0.2238163558106169,0.3525641025641026,950,13558
0.0005558643690939,0.0,0.0022234574763757,0.0011117287381878,0.0,0.0,0.0,0.0005558643690939,1.28955223880597,0.0671296296296296,1799,13559
0.0,0.0,0.0,0.0015936254980079,0.0,0.0007968127490039,0.0015936254980079,0.0,0.0170357751277683,1.25,1255,13560
0.0,0.0,0.0,0.0011061946902654,0.0,0.0,0.0044247787610619,0.0,0.3832442067736185,0.2790697674418604,904,13561
0.0,0.0,0.0,0.000813669650122,0.0,0.000813669650122,0.0032546786004882,0.000813669650122,0.2505307855626327,0.0423728813559322,1229,13562
0.0,0.0,0.0026219192448872,0.0010487676979549,0.0,0.0005243838489774,0.0005243838489774,0.0010487676979549,0.8553240740740741,0.1123139377537212,1907,13563
0.0,0.0,0.0,0.0005387931034482,0.0,0.0037715517241379,0.0021551724137931,0.0021551724137931,0.2911764705882353,0.1262626262626262,1856,13564
0.0,0.0,0.0,0.0046296296296296,0.0,0.0,0.0,0.0,4.56,0.2105263157894736,216,13565
0.0031746031746031,0.0,0.0,0.0031746031746031,0.0031746031746031,0.0015873015873015,0.0,0.0015873015873015,0.388704318936877,0.1111111111111111,630,13566
0.0,0.0,0.0011350737797956,0.0022701475595913,0.0,0.0,0.0011350737797956,0.0022701475595913,0.4208695652173913,0.0743801652892562,881,13567
0.001039501039501,0.0,0.0,0.001039501039501,0.0,0.0,0.002079002079002,0.0,0.7167019027484144,0.1415929203539823,962,13568
0.0074626865671641,0.0,0.0024875621890547,0.0024875621890547,0.0049751243781094,0.0,0.0,0.0,0.7378048780487805,0.0661157024793388,402,13569
0.0,0.0,0.0,0.0043103448275862,0.0,0.0,0.0,0.0,0.1969696969696969,0.5769230769230769,232,13570
0.0,0.0,0.0008764241893076,0.0008764241893076,0.0,0.0,0.0,0.0,0.6088957055214724,0.0579345088161209,1141,13571
0.0,0.0,0.0039920159680638,0.0019960079840319,0.0,0.0,0.0019960079840319,0.0,0.4025974025974026,0.1612903225806451,501,13572
0.0,0.0,0.0,0.0015325670498084,0.0,0.0,0.0,0.0007662835249042,0.4262086513994911,0.1313432835820895,1305,13573
0.001081081081081,0.0,0.0043243243243243,0.0021621621621621,0.0,0.0,0.0,0.001081081081081,0.1834862385321101,0.2916666666666667,925,13574
0.0,0.0,0.0005282620179609,0.0010565240359218,0.0,0.0,0.0036978341257263,0.0005282620179609,1.182960893854749,0.1263282172373081,1893,13575
0.0,0.0,0.0006930006930006,0.0006930006930006,0.0,0.0,0.002079002079002,0.002079002079002,0.4855305466237942,0.0507726269315673,1443,13576
0.0,0.0,0.0007507507507507,0.0007507507507507,0.0,0.0,0.0,0.0,0.6335978835978836,0.1398747390396659,1332,13577
0.0,0.0,0.0,0.0014814814814814,0.0,0.0,0.0103703703703703,0.0,1.0688524590163937,0.0398773006134969,675,13578
0.0015128593040847,0.0010085728693898,0.0005042864346949,0.0005042864346949,0.0015128593040847,0.0,0.0015128593040847,0.0010085728693898,1.9190140845070425,0.0926605504587156,1983,13579
0.0007072135785007,0.0,0.0,0.0106082036775106,0.0,0.0,0.0049504950495049,0.0035360678925035,0.4646581691772885,0.0723192019950124,1414,13580
0.0,0.0,0.0005750431282346,0.0011500862564692,0.0,0.002875215641173,0.002875215641173,0.0,1.1615487316421895,0.0551724137931034,1739,13581
0.0,0.0,0.0,0.0026737967914438,0.0,0.0,0.0240641711229946,0.0,0.2591093117408907,0.25,374,13582
0.0,0.0,0.0,0.0010465724751439,0.0,0.0005232862375719,0.0062794348508634,0.0,0.6947565543071161,0.0390835579514824,1911,13583
0.0,0.0,0.0011587485515643,0.0011587485515643,0.0,0.0011587485515643,0.0,0.0023174971031286,0.3127413127413127,0.3148148148148148,863,13584
0.0,0.0,0.0006954102920723,0.0013908205841446,0.0,0.0006954102920723,0.0,0.0,0.3266596417281349,0.1580645161290322,1438,13585
0.0,0.0,0.0,0.0043290043290043,0.0,0.0,0.0129870129870129,0.0,0.1544117647058823,0.9047619047619048,231,13586
0.0,0.0,0.0,0.0008453085376162,0.0,0.0004226542688081,0.0008453085376162,0.0046491969568892,0.4162508909479686,0.2397260273972602,2366,13587
0.0,0.0,0.000467726847521,0.000935453695042,0.0,0.0,0.0028063610851262,0.0046772684752104,0.6677994902293968,0.1106870229007633,2138,13588
0.0,0.0,0.0,0.0009165902841429,0.0,0.0,0.0164986251145737,0.0,1.2087912087912087,0.049090909090909,1091,13589
0.0028089887640449,0.0,0.0,0.0028089887640449,0.0,0.0,0.0028089887640449,0.0112359550561797,1.119047619047619,0.0992907801418439,356,13590
0.0,0.0,0.0010515247108307,0.0010515247108307,0.0,0.0,0.0021030494216614,0.0,0.8102345415778252,0.0894736842105263,951,13591
0.0,0.0,0.0,0.0132450331125827,0.0,0.0,0.0596026490066225,0.0,0.391304347826087,0.2592592592592592,151,13592
0.0,0.0,0.0,0.0046511627906976,0.0,0.0,0.0186046511627906,0.0,0.2279411764705882,0.032258064516129,215,13593
0.0,0.0,0.0,0.0022727272727272,0.0,0.0,0.0,0.0,0.7378190255220418,0.0911949685534591,880,13594
0.0,0.0,0.0,0.0011750881316098,0.0,0.0,0.0,0.0,0.2638655462184874,0.0828025477707006,851,13595
0.0,0.0020746887966804,0.0,0.0020746887966804,0.0,0.0,0.0082987551867219,0.0,0.4732142857142857,1.1415094339622642,482,13596
0.0,0.0,0.0,0.0036630036630036,0.0,0.0,0.0109890109890109,0.0036630036630036,2.564516129032258,0.1949685534591195,273,13597
0.0005681818181818,0.0,0.0,0.0005681818181818,0.0,0.0005681818181818,0.0017045454545454,0.0017045454545454,1.6037414965986394,0.0392364793213149,1760,13598
0.0,0.0,0.0,0.0016597510373443,0.0,0.0,0.0049792531120331,0.0008298755186721,1.171206225680934,0.048172757475083,1205,13599
0.0,0.0,0.0021739130434782,0.0014492753623188,0.0,0.0007246376811594,0.0050724637681159,0.0,0.3274917853231106,0.1806020066889632,1380,13600
0.0,0.0,0.000788643533123,0.000788643533123,0.0,0.0,0.002365930599369,0.0,0.6036931818181818,0.148235294117647,1268,13601
0.0074626865671641,0.0,0.0024875621890547,0.017412935323383,0.0,0.0373134328358208,0.0323383084577114,0.0,0.6705882352941176,0.0789473684210526,402,13602
0.0,0.0,0.0021493820526598,0.0010746910263299,0.0005373455131649,0.0,0.0026867275658248,0.0075228371843095,1.768270944741533,0.1491935483870967,1861,13603
0.0012531328320802,0.0,0.0012531328320802,0.0025062656641604,0.0,0.0,0.0087719298245614,0.0,0.2202729044834308,0.4336283185840708,798,13604
0.0,0.0,0.0011560693641618,0.0011560693641618,0.0,0.0046242774566473,0.0011560693641618,0.0,0.4679245283018868,0.0725806451612903,865,13605
0.0,0.0,0.0,0.0040281973816717,0.0,0.0,0.0,0.0,0.3670886075949367,0.6206896551724138,993,13606
0.0,0.0,0.0025756600128783,0.0012878300064391,0.0,0.0,0.0070830650354153,0.0,0.4791914387633769,0.1712158808933002,1553,13607
0.0,0.0,0.0089686098654708,0.0089686098654708,0.0,0.0044843049327354,0.0,0.0044843049327354,0.127906976744186,1.4545454545454546,223,13608
0.0,0.0,0.0,0.0036764705882352,0.0,0.0,0.0,0.0,1.024,0.0078125,272,13609
0.0,0.0,0.0009165902841429,0.0018331805682859,0.0,0.0,0.0,0.0,0.24,0.2068965517241379,1091,13610
0.0,0.0,0.0017482517482517,0.0034965034965034,0.0,0.0,0.0104895104895104,0.0,1.2534562211981566,0.0441176470588235,572,13611
0.0,0.0,0.0,0.0011435105774728,0.0,0.0,0.0,0.0028587764436821,0.7114093959731543,0.0927672955974842,1749,13612
0.0002921413964358,0.0,0.0020449897750511,0.0005842827928717,0.0,0.0020449897750511,0.0020449897750511,0.0026292725679228,1.2346570397111911,0.0900584795321637,3423,13613
0.0,0.0015600624024961,0.0015600624024961,0.0140405616224648,0.0,0.0031201248049922,0.0124804992199688,0.0031201248049922,0.1945080091533181,0.2588235294117647,641,13614
0.002020202020202,0.0,0.0,0.002020202020202,0.0,0.0,0.006060606060606,0.0,1.2885906040268456,0.1614583333333333,495,13615
0.0,0.0,0.0021201413427561,0.0014134275618374,0.0,0.0007067137809187,0.0007067137809187,0.0,0.3613053613053613,0.2806451612903226,1415,13616
0.0,0.0,0.0011587485515643,0.0023174971031286,0.0,0.0011587485515643,0.0173812282734646,0.0,0.4206008583690987,0.1377551020408163,863,13617
0.0018248175182481,0.0,0.0,0.0018248175182481,0.0,0.0,0.010948905109489,0.0,0.5152439024390244,0.1005917159763313,548,13618
0.0,0.0,0.0,0.0021621621621621,0.0,0.0021621621621621,0.0151351351351351,0.0021621621621621,0.3304940374787052,0.2474226804123711,925,13619
0.0,0.0,0.0,0.0012642225031605,0.0,0.0,0.0,0.0,0.2948490230905861,0.144578313253012,791,13620
0.0,0.0,0.0,0.0007645259938837,0.0,0.0,0.0,0.0,1.271559633027523,0.0202020202020202,1308,13621
0.0,0.0,0.0013937282229965,0.0013937282229965,0.0,0.0013937282229965,0.0104529616724738,0.0,0.9723502304147466,0.0489731437598736,1435,13622
0.0,0.0,0.0010050251256281,0.0010050251256281,0.0,0.0,0.0,0.0010050251256281,0.2049861495844875,0.1351351351351351,995,13623
0.0014154281670205,0.0,0.0007077140835102,0.0014154281670205,0.0,0.0021231422505307,0.0184005661712668,0.0,0.3849557522123893,0.0660919540229885,1413,13624
0.0,0.0,0.0,0.0013089005235602,0.0,0.0013089005235602,0.0026178010471204,0.0,0.8837837837837837,0.0703363914373088,764,13625
0.0,0.0,0.0076923076923076,0.0153846153846153,0.0,0.0,0.0769230769230769,0.0,0.775,0.1935483870967742,130,13626
0.0,0.0,0.0012224938875305,0.0012224938875305,0.0,0.0,0.0036674816625916,0.0,0.360655737704918,0.0959595959595959,818,13627
0.0004327131112072,0.0,0.0012981393336218,0.0008654262224145,0.0,0.0004327131112072,0.0060579835569017,0.0051925573344872,0.5704280155642023,0.1377899045020464,2311,13628
0.0,0.0,0.0,0.0024096385542168,0.0,0.0,0.008433734939759,0.0036144578313253,0.0565217391304347,0.5128205128205128,830,13629
0.0,0.0,0.0,0.0013774104683195,0.0,0.0041322314049586,0.0,0.0027548209366391,0.1194762684124386,0.1095890410958904,726,13630
0.0,0.0,0.0011111111111111,0.0022222222222222,0.0,0.0,0.0122222222222222,0.0,0.5835051546391753,0.0812720848056537,900,13631
0.0,0.0,0.0,0.0024796315975912,0.0,0.0,0.0024796315975912,0.0003542330853701,0.8499308437067773,0.0219690805532953,2823,13632
0.0009115770282588,0.0,0.0009115770282588,0.0018231540565177,0.0,0.0,0.0109389243391066,0.0009115770282588,0.1946795646916566,0.1739130434782608,1097,13633
0.0005580357142857,0.0,0.0005580357142857,0.0005580357142857,0.0,0.0,0.0,0.0,1.1745827984595636,0.0469945355191256,1792,13634
0.0,0.0,0.0,0.0011389521640091,0.0,0.0022779043280182,0.0,0.0,0.1669172932330827,0.2702702702702703,878,13635
0.0,0.0,0.0,0.0068728522336769,0.0,0.0,0.0171821305841924,0.0,2.740740740740741,0.2094594594594594,291,13636
0.0048780487804878,0.0,0.0,0.0,0.0,0.0,0.0,0.0,1.031746031746032,0.0615384615384615,205,13637
0.0,0.0,0.0,0.0009182736455463,0.0,0.0,0.0,0.0064279155188246,0.4363143631436314,0.015527950310559,1089,13638
0.0,0.0,0.001628664495114,0.003257328990228,0.0,0.001628664495114,0.004885993485342,0.0,0.8794642857142857,0.0862944162436548,614,13639
0.0,0.0,0.0010030090270812,0.0010030090270812,0.0,0.0,0.0020060180541624,0.0,0.3194029850746269,0.2336448598130841,997,13640
0.0,0.0,0.0,0.0017953321364452,0.0,0.0017953321364452,0.0017953321364452,0.0,0.415041782729805,0.1476510067114094,557,13641
0.0,0.0,0.0,0.00127959053103,0.0,0.0,0.000639795265515,0.00127959053103,0.2796688132474701,0.1282894736842105,1563,13642
0.0,0.0,0.0,0.0515463917525773,0.0,0.0,0.0721649484536082,0.0,0.0,,97,13643
0.0,0.0,0.0,0.000871839581517,0.0,0.000871839581517,0.003487358326068,0.001743679163034,1.053742802303263,0.0746812386156648,1147,13644
0.0,0.0,0.0,0.001841620626151,0.0,0.0,0.005524861878453,0.0,0.6442307692307693,0.053731343283582,1086,13645
0.0013831258644536,0.0,0.0,0.0027662517289073,0.0,0.0,0.0082987551867219,0.0,0.2453874538745387,0.0225563909774436,723,13646
0.0,0.0,0.0,0.0011890606420927,0.0,0.0035671819262782,0.0011890606420927,0.0,1.0213333333333334,0.0939947780678851,841,13647
0.0,0.0,0.0,0.0019588638589618,0.0,0.0019588638589618,0.0029382957884427,0.0,1.0430839002267571,0.0739130434782608,1021,13648
0.0,0.0,0.0,0.0011723329425556,0.0,0.0,0.0023446658851113,0.0,0.4123505976095618,0.2125603864734299,853,13649
0.0,0.0,0.0025940337224383,0.0025940337224383,0.0,0.0025940337224383,0.0012970168612191,0.0,0.6978021978021978,0.0866141732283464,771,13650
0.0,0.0,0.0,0.0020964360587002,0.0,0.0,0.0062893081761006,0.0020964360587002,0.1406649616368286,0.1454545454545454,477,13651
0.0,0.0,0.0009066183136899,0.0009066183136899,0.0,0.0,0.0036264732547597,0.0018132366273798,0.8063872255489022,0.1435643564356435,1103,13652
0.0008,0.0,0.0,0.0016,0.0,0.0,0.0088,0.0,0.933572710951526,0.075,1250,13653
0.0,0.0013368983957219,0.0,0.0026737967914438,0.0,0.0013368983957219,0.0,0.0,0.576,0.1481481481481481,748,13654
0.0,0.0,0.0020242914979757,0.0020242914979757,0.0,0.0,0.0020242914979757,0.0,0.2978723404255319,0.1938775510204081,494,13655
0.0,0.0,0.0021810250817884,0.0021810250817884,0.0,0.0,0.0,0.0,0.1097560975609756,0.7936507936507936,917,13656
0.0,0.0,0.0006858710562414,0.0034293552812071,0.0048010973936899,0.0041152263374485,0.0041152263374485,0.0,0.0976138828633405,0.0111111111111111,1458,13657
0.0,0.0,0.0,0.0037054191755442,0.0,0.0,0.0050949513663733,0.0,0.4494117647058823,0.06282722513089,2159,13658
0.0,0.0,0.0,0.0017376194613379,0.0,0.0008688097306689,0.0034752389226759,0.0008688097306689,0.7086206896551724,0.1192214111922141,1151,13659
0.0018264840182648,0.0,0.0,0.0009132420091324,0.0,0.0009132420091324,0.0009132420091324,0.0009132420091324,0.6834170854271356,0.0490196078431372,1095,13660
0.0,0.0,0.0,0.0028901734104046,0.0,0.0,0.0158959537572254,0.0,0.24282982791587,0.0708661417322834,692,13661
0.0,0.0,0.0,0.0028735632183908,0.0,0.0,0.0258620689655172,0.0,0.6977401129943502,0.1578947368421052,696,13662
0.0,0.0,0.0,0.0011750881316098,0.0,0.0,0.0047003525264394,0.0,0.3633156966490299,0.0436893203883495,851,13663
0.0,0.0,0.0,0.0014814814814814,0.0,0.0,0.0029629629629629,0.0,0.6504065040650406,0.0791666666666666,675,13664
0.0,0.0,0.0,0.00418410041841,0.0,0.0,0.00418410041841,0.0,0.5321100917431193,0.0172413793103448,239,13665
0.0,0.0,0.0,0.0014992503748125,0.0,0.0,0.0082458770614692,0.0007496251874062,0.3539518900343643,0.0744336569579288,1334,13666
0.0,0.0,0.0007457121551081,0.0014914243102162,0.0,0.0,0.0074571215510812,0.0014914243102162,0.2837988826815642,0.1535433070866141,1341,13667
0.0,0.0,0.0,0.0017211703958691,0.0,0.0,0.0,0.0017211703958691,0.7702265372168284,0.0504201680672268,581,13668
0.0,0.0,0.0,0.000942507068803,0.0,0.0,0.0051837888784165,0.0,2.206540447504303,0.1014040561622464,2122,13669
0.0,0.0,0.0015600624024961,0.0015600624024961,0.0,0.0,0.0039001560062402,0.0179407176287051,0.5379746835443038,0.2323529411764706,1282,13670
0.0,0.0,0.0,0.001841620626151,0.0,0.0,0.001841620626151,0.003683241252302,0.3649851632047478,0.1951219512195122,543,13671
0.0,0.0,0.0,0.0017825311942959,0.0008912655971479,0.0,0.0,0.0008912655971479,0.5158850226928896,0.1026392961876832,1122,13672
0.0055172413793103,0.0,0.0027586206896551,0.0027586206896551,0.0,0.0,0.0027586206896551,0.0,0.3113456464379947,0.2711864406779661,725,13673
0.0,0.0,0.0,0.0006788866259334,0.0,0.0,0.0013577732518669,0.0,0.7525510204081632,0.0898305084745762,1473,13674
0.0,0.0028818443804034,0.0,0.0057636887608069,0.0,0.0,0.0,0.0,0.6258064516129033,0.2577319587628865,347,13675
0.0,0.0,0.0011904761904761,0.0003968253968253,0.0,0.0003968253968253,0.0003968253968253,0.0011904761904761,0.8234817813765182,0.0973451327433628,2520,13676
0.0,0.0,0.0006711409395973,0.0013422818791946,0.0,0.0013422818791946,0.0006711409395973,0.0,0.3014256619144603,0.1959459459459459,1490,13677
0.0017921146953405,0.0,0.0,0.0017921146953405,0.0,0.0,0.0,0.0,0.4096045197740113,0.2758620689655172,558,13678
0.0,0.0,0.0,0.0023391812865497,0.0,0.0,0.0198830409356725,0.0046783625730994,0.3406998158379374,0.2486486486486486,855,13679
0.0,0.0,0.0,0.0039637599093997,0.0,0.0,0.0,0.0,1.116120218579235,0.0526315789473684,1766,13680
0.0,0.0,0.0,0.0014285714285714,0.0,0.0,0.0057142857142857,0.0014285714285714,0.4207792207792207,0.2839506172839506,700,13681
0.0,0.0,0.0017094017094017,0.0034188034188034,0.0,0.0,0.0119658119658119,0.0,0.0945945945945946,0.3571428571428571,585,13682
0.0,0.0,0.0,0.0013670539986329,0.0,0.0,0.0,0.0041011619958988,1.0163132137030997,0.1412520064205457,1463,13683
0.0,0.0,0.0,0.001386962552011,0.0,0.0,0.0055478502080443,0.0,0.7086614173228346,0.1518518518518518,721,13684
0.0,0.0,0.0,0.0078125,0.0,0.0,0.0,0.0,0.6176470588235294,0.0714285714285714,128,13685
0.0006702412868632,0.0,0.0033512064343163,0.0020107238605898,0.0,0.0013404825737265,0.0,0.0053619302949061,0.3579175704989154,0.1181818181818181,1492,13686
0.0,0.0,0.0012642225031605,0.0025284450063211,0.0,0.0,0.011378002528445,0.0012642225031605,0.345703125,0.1016949152542373,791,13687
0.0,0.0,0.0,0.0038986354775828,0.0,0.0,0.0331384015594541,0.0,0.192090395480226,0.2352941176470588,513,13688
0.0,0.0,0.0,0.000534188034188,0.0,0.0,0.001068376068376,0.0,0.6605839416058394,0.0359116022099447,1872,13689
0.0,0.0,0.0033726812816188,0.0016863406408094,0.0,0.0033726812816188,0.0,0.0,0.6206896551724138,0.1262626262626262,593,13690
0.0,0.0,0.0035026269702276,0.0035026269702276,0.0,0.0,0.0035026269702276,0.0,0.1573033707865168,0.3928571428571428,571,13691
0.0,0.0,0.0,0.0017211703958691,0.0,0.0,0.0172117039586919,0.0,0.6820987654320988,0.0769230769230769,581,13692
0.0,0.0,0.0,0.0020898641588296,0.0,0.0,0.0031347962382445,0.0010449320794148,0.2544459644322845,0.0376344086021505,957,13693
0.0,0.0,0.0,0.0015015015015015,0.0,0.0,0.012012012012012,0.0,1.4552845528455285,0.026536312849162,1332,13694
0.0009199632014719,0.0,0.0018399264029438,0.0018399264029438,0.0,0.0,0.0018399264029438,0.0009199632014719,1.0227272727272727,0.1088888888888888,1087,13695
0.0,0.0,0.0,0.0020576131687242,0.0,0.0,0.0010288065843621,0.0,0.0873671782762691,0.2027027027027027,972,13696
0.0,0.0,0.0,0.0024271844660194,0.0,0.0,0.0,0.0,2.436170212765957,0.148471615720524,412,13697
0.0,0.0,0.0,0.0021097046413502,0.0,0.0,0.0,0.0,0.3878887070376432,0.1181434599156118,948,13698
0.0,0.0,0.0,0.0031545741324921,0.0,0.0,0.028391167192429,0.0031545741324921,0.7516778523489933,0.1875,317,13699
0.0,0.0,0.0,0.006269592476489,0.0,0.0,0.0156739811912225,0.0,0.3350253807106599,0.303030303030303,319,13700
0.0,0.0,0.0,0.002125398512221,0.0,0.0,0.0053134962805526,0.0,0.7865429234338747,0.103244837758112,941,13701
0.0034207525655644,0.0011402508551881,0.0011402508551881,0.0022805017103762,0.0,0.0,0.0011402508551881,0.0,0.3581780538302277,0.2947976878612717,877,13702
0.0,0.0,0.0017889087656529,0.0017889087656529,0.0,0.0107334525939177,0.0,0.0,0.1382488479262673,0.2833333333333333,559,13703
0.003875968992248,0.0,0.0,0.0271317829457364,0.0,0.0,0.0891472868217054,0.0,0.6172839506172839,0.14,258,13704
0.0,0.0,0.0036630036630036,0.0014652014652014,0.0,0.0014652014652014,0.0,0.0,0.1197870452528837,0.1925925925925926,1365,13705
0.0,0.0,0.0,0.0018621973929236,0.0,0.0018621973929236,0.0074487895716946,0.0,0.4335443037974683,0.1094890510948905,537,13706
0.0,0.0,0.0,0.0010298661174047,0.0,0.0010298661174047,0.0010298661174047,0.0,0.7340823970037453,0.0255102040816326,971,13707
0.0,0.0011061946902654,0.0,0.0022123893805309,0.0,0.0022123893805309,0.0066371681415929,0.0022123893805309,0.9443099273607748,0.0538461538461538,904,13708
0.0,0.0,0.0,0.0032336297493936,0.0,0.0,0.0452708164915117,0.0,0.1684210526315789,0.2013888888888889,1237,13709
0.0,0.0,0.0,0.0018050541516245,0.0,0.0,0.0135379061371841,0.0,1.0772532188841202,0.2091633466135458,1108,13710
0.0,0.0,0.0,0.0020120724346076,0.0,0.0020120724346076,0.0,0.0,1.3026315789473684,0.0808080808080808,497,13711
0.0,0.0,0.0070484581497797,0.0008810572687224,0.0,0.0008810572687224,0.0,0.0008810572687224,0.4960998439937597,0.2232704402515723,1135,13712
0.0,0.0,0.0,0.0021810250817884,0.0,0.0010905125408942,0.0032715376226826,0.0,0.3137996219281663,0.3132530120481928,917,13713
0.0,0.0,0.0,0.0030911901081916,0.0,0.0,0.0015455950540958,0.0030911901081916,0.2459893048128342,0.1630434782608695,647,13714
0.0,0.0,0.0,0.001412429378531,0.0,0.0,0.0042372881355932,0.0028248587570621,0.697452229299363,0.1324200913242009,708,13715
0.0,0.0011961722488038,0.0011961722488038,0.0023923444976076,0.0,0.0,0.0083732057416267,0.0011961722488038,0.4143426294820717,0.1490384615384615,836,13716
0.0,0.0,0.0,0.0007830853563038,0.0,0.0,0.0,0.0,0.4256594724220623,0.1605633802816901,1277,13717
0.0,0.0,0.0,0.0015873015873015,0.0,0.0,0.0,0.0,1.225296442687747,0.0612903225806451,630,13718
0.0,0.0,0.0035810205908683,0.0017905102954341,0.0,0.0,0.0053715308863025,0.0,0.658,0.1671732522796352,1117,13719
0.0,0.0,0.0012121212121212,0.0024242424242424,0.0,0.0,0.0218181818181818,0.0,0.1933884297520661,0.2393162393162393,825,13720
0.0008756567425569,0.0,0.0017513134851138,0.0017513134851138,0.0,0.0017513134851138,0.0148861646234676,0.0,0.2647058823529412,0.2592592592592592,1142,13721
0.0011834319526627,0.0,0.0,0.0023668639053254,0.0,0.0,0.0047337278106508,0.0,0.1894409937888198,0.0655737704918032,845,13722
0.0,0.0,0.0,0.0015822784810126,0.0,0.0,0.0,0.0007911392405063,0.8956521739130435,0.0699029126213592,1264,13723
0.0,0.0,0.0,0.0010940919037199,0.0,0.0,0.0109409190371991,0.0,0.3323216995447648,0.0547945205479452,914,13724
0.0005989817310572,0.0002994908655286,0.0002994908655286,0.0002994908655286,0.0,0.0008984725965858,0.0005989817310572,0.0005989817310572,1.2229166666666669,0.0369108461101646,3339,13725
0.0,0.003690036900369,0.0,0.003690036900369,0.0,0.003690036900369,0.0,0.0,0.1518987341772152,1.0833333333333333,271,13726
0.0,0.0,0.0,0.0019685039370078,0.0,0.0009842519685039,0.0206692913385826,0.0,0.7976744186046512,0.1603498542274052,1016,13727
0.0,0.0,0.0018621973929236,0.0093109869646182,0.0,0.0009310986964618,0.0381750465549348,0.0009310986964618,0.3285939968404423,0.2259615384615384,1074,13728
0.0010030090270812,0.0,0.0,0.0010030090270812,0.0,0.0,0.0080240722166499,0.0020060180541624,0.8343434343434344,0.0314769975786924,997,13729
0.0,0.0,0.0010834236186348,0.0021668472372697,0.0,0.0,0.0,0.0,0.1527581329561527,0.074074074074074,923,13730
0.0,0.0,0.0,0.0010559662090813,0.0,0.0,0.0,0.0005279831045406,0.1827338129496402,0.1850393700787401,1894,13731
0.0,0.0,0.0013477088948787,0.0026954177897574,0.0,0.0040431266846361,0.0013477088948787,0.0026954177897574,0.3311965811965812,0.1741935483870967,742,13732
0.0,0.0,0.0,0.0009451795841209,0.0,0.0,0.0037807183364839,0.0,0.8673684210526316,0.1043689320388349,1058,13733
0.0113636363636363,0.0,0.0037878787878787,0.0,0.0,0.0037878787878787,0.0265151515151515,0.0,0.4326923076923077,0.0444444444444444,264,13734
0.0,0.0,0.0,0.0009671179883945,0.0,0.0,0.0029013539651837,0.0,1.1019955654101996,0.0382293762575452,1034,13735
0.0,0.0,0.0012484394506866,0.0024968789013732,0.0,0.0,0.0,0.0024968789013732,0.3139293139293139,0.2317880794701986,801,13736
0.0113636363636363,0.0,0.0113636363636363,0.0113636363636363,0.0,0.0,0.0,0.0,0.0,,88,13737
0.0,0.0,0.0,0.0089285714285714,0.0,0.0,0.0803571428571428,0.0,0.18,0.3333333333333333,112,13738
0.0,0.0,0.0,0.0013351134846461,0.0,0.0040053404539385,0.0,0.0,0.4552058111380145,0.25,749,13739
0.0013175230566534,0.0,0.0,0.0026350461133069,0.0,0.0013175230566534,0.0118577075098814,0.0013175230566534,1.7605633802816902,0.0533333333333333,759,13740
0.0,0.0,0.0,0.0023809523809523,0.0,0.0,0.0,0.0,0.2491582491582491,0.3108108108108108,420,13741
0.0,0.0,0.0008156606851549,0.0016313213703099,0.0,0.0008156606851549,0.0065252854812398,0.0,1.1142284569138277,0.118705035971223,1226,13742
0.0,0.0,0.0,0.0012360939431396,0.0,0.0,0.0,0.0,0.1944894651539708,0.15,809,13743
0.0060240963855421,0.0,0.0,0.0060240963855421,0.0,0.0,0.0,0.0120481927710843,0.2297297297297297,0.2941176470588235,166,13744
0.0,0.0,0.0,0.0013262599469496,0.0,0.0,0.0,0.0,0.3966244725738396,0.2234042553191489,754,13745
0.0,0.0,0.0,0.0027548209366391,0.0,0.0,0.024793388429752,0.0055096418732782,0.0332326283987915,0.3636363636363636,363,13746
0.0,0.0,0.0,0.002375296912114,0.0,0.002375296912114,0.001187648456057,0.0,0.1996644295302013,0.1932773109243697,842,13747
0.0,0.0,0.0013642564802182,0.0027285129604365,0.0,0.0,0.0013642564802182,0.0,0.2621359223300971,0.0518518518518518,733,13748
0.0,0.0,0.0,0.0033955857385398,0.0,0.0,0.0237691001697792,0.0,0.1424936386768447,0.5535714285714286,589,13749
0.0,0.0,0.0,0.0015243902439024,0.0,0.0,0.0,0.0030487804878048,0.6035805626598465,0.0508474576271186,656,13750
0.0,0.0,0.0044543429844097,0.0022271714922048,0.0,0.0,0.0111358574610244,0.0,0.2181818181818181,0.2666666666666666,449,13751
0.0004960317460317,0.0,0.0,0.0012400793650793,0.0017361111111111,0.0,0.0,0.0,2.3123689727463312,0.0448776065276518,4032,13752
0.0,0.0,0.0022338049143708,0.0014892032762472,0.0007446016381236,0.0,0.0029784065524944,0.0,0.3714622641509434,0.146031746031746,1343,13753
0.0,0.0,0.0,0.0015105740181268,0.0,0.0,0.0045317220543806,0.0030211480362537,0.6597325408618128,0.081081081081081,1324,13754
0.0,0.0,0.0,0.0016077170418006,0.0,0.0008038585209003,0.0104501607717041,0.0008038585209003,0.6534090909090909,0.0695652173913043,1244,13755
0.0,0.0,0.0003968253968253,0.0007936507936507,0.0,0.0,0.0047619047619047,0.0003968253968253,0.612558450233801,0.0283533260632497,2520,13756
0.0,0.0,0.0006743088334457,0.0013486176668914,0.0,0.0033715441672285,0.0060687795010114,0.0006743088334457,0.5744157441574416,0.1627408993576017,1483,13757
0.0,0.0,0.0,0.0015455950540958,0.0,0.0,0.0030911901081916,0.0,2.4207317073170733,0.1259445843828715,647,13758
0.0,0.0,0.0,0.0013986013986013,0.0,0.0,0.0139860139860139,0.0,0.1130434782608695,0.4923076923076923,715,13759
0.0,0.0007757951900698,0.0007757951900698,0.0015515903801396,0.0,0.0,0.0007757951900698,0.0007757951900698,0.6780923994038748,0.1010989010989011,1289,13760
0.0,0.0,0.0,0.001937984496124,0.0,0.0,0.003875968992248,0.0,0.403076923076923,0.0458015267175572,516,13761
0.0,0.0,0.0024630541871921,0.0024630541871921,0.0,0.0,0.0,0.0098522167487684,0.72,0.0694444444444444,406,13762
0.0007513148009015,0.0,0.0,0.0015026296018031,0.0,0.0,0.0045078888054094,0.0007513148009015,1.7447306791569086,0.0322147651006711,1331,13763
0.0,0.0,0.0,0.0036523009495982,0.0,0.0,0.0065741417092768,0.0,1.0172413793103448,0.1224105461393597,1369,13764
0.0,0.0,0.0,0.0016433853738701,0.0,0.0,0.0024650780608052,0.0,0.6342182890855457,0.0930232558139534,1217,13765
0.0,0.0,0.0009784735812133,0.0009784735812133,0.0,0.0,0.0029354207436399,0.0088062622309197,0.3256484149855908,0.0752212389380531,1022,13766
0.0010309278350515,0.0,0.002061855670103,0.0010309278350515,0.0,0.0010309278350515,0.0082474226804123,0.0,0.6850715746421268,0.1044776119402985,970,13767
0.0,0.0,0.0011223344556677,0.0011223344556677,0.0,0.0011223344556677,0.0011223344556677,0.0,0.7243589743589743,0.1415929203539823,891,13768
0.0,0.0,0.0027932960893854,0.0013966480446927,0.0,0.0,0.0125698324022346,0.0,0.5229357798165137,0.0964912280701754,716,13769
0.0,0.0,0.0,0.0005740528128587,0.0,0.0,0.0011481056257175,0.0,0.2041267501842299,0.1046931407942238,1742,13770
0.0,0.0,0.0,0.0023419203747072,0.0,0.0,0.0257611241217798,0.0023419203747072,0.7684729064039408,0.0961538461538461,854,13771
0.0,0.0,0.0,0.0043859649122807,0.0,0.0,0.0,0.0,1.855072463768116,0.1328125,228,13772
0.0007656967840735,0.0,0.0,0.004594180704441,0.0,0.0,0.0022970903522205,0.0,0.7655786350148368,0.1143410852713178,1306,13773
0.0029282576866764,0.0,0.0029282576866764,0.0043923865300146,0.0029282576866764,0.0014641288433382,0.0,0.0029282576866764,0.0862619808306709,0.9629629629629628,683,13774
0.0,0.0,0.0,0.0008375209380234,0.0,0.0033500837520938,0.0,0.0,1.8672316384180792,0.0922844175491679,1194,13775
0.0,0.0011376564277588,0.0011376564277588,0.0011376564277588,0.0,0.0,0.0,0.0,0.8408551068883611,0.1864406779661017,879,13776
0.0003709198813056,0.0,0.0,0.0037091988130563,0.0,0.0,0.0140949554896142,0.0,1.312306101344364,0.1095350669818755,2696,13777
0.0,0.0,0.0,0.0017543859649122,0.0,0.0,0.0070175438596491,0.0,0.6835443037974683,0.0416666666666666,570,13778
0.0008826125330979,0.0,0.0,0.0008826125330979,0.0,0.0,0.0044130626654898,0.0017652250661959,1.3548387096774193,0.1025641025641025,1133,13779
0.0,0.0,0.0024752475247524,0.0024752475247524,0.0,0.0,0.0,0.0,0.5616438356164384,0.1869918699186991,404,13780
0.0,0.0,0.0,0.0014094432699083,0.0,0.0014094432699083,0.0,0.0,0.6954177897574124,0.0600775193798449,1419,13781
0.0,0.0,0.0,0.0013755158184319,0.0,0.0,0.0,0.0027510316368638,0.0885668276972624,0.2727272727272727,727,13782
0.0,0.0,0.0,0.0019646365422396,0.0,0.0,0.0,0.0,0.3112391930835735,0.1481481481481481,509,13783
0.0,0.0,0.0,0.0011441647597254,0.0,0.0,0.0034324942791762,0.0251716247139588,0.0386597938144329,0.4,874,13784
0.0,0.0,0.0013522650439486,0.0013522650439486,0.0,0.0,0.0081135902636916,0.0060851926977687,0.2680810028929604,0.2050359712230215,1479,13785
0.0,0.0,0.0,0.05,0.0,0.0,0.0,0.05,,,20,13786
0.0,0.0,0.0,0.0056179775280898,0.0,0.0,0.0252808988764044,0.0,0.179372197309417,0.5,356,13787
0.0047732696897374,0.0,0.0023866348448687,0.0023866348448687,0.0,0.0011933174224343,0.0,0.0,0.3253275109170305,0.1409395973154362,838,13788
0.0,0.0,0.0,0.0018726591760299,0.0,0.0018726591760299,0.0056179775280898,0.0,0.3550295857988165,0.2083333333333333,534,13789
0.001085776330076,0.0,0.0,0.002171552660152,0.0,0.0,0.0,0.0,0.5352941176470588,0.1794871794871795,921,13790
0.0,0.0,0.0,0.0025974025974025,0.0,0.0012987012987012,0.0233766233766233,0.0025974025974025,0.3620309050772627,0.2865853658536585,770,13791
0.0,0.0,0.0013623978201634,0.0013623978201634,0.0,0.0,0.0,0.0,0.7117117117117117,0.1772151898734177,734,13792
0.0,0.0,0.0014144271570014,0.0014144271570014,0.0,0.0,0.0,0.0,0.2732673267326733,0.181159420289855,707,13793
0.0,0.0,0.0012484394506866,0.0024968789013732,0.0,0.0,0.0,0.0037453183520599,0.628498727735369,0.2226720647773279,801,13794
0.0,0.0,0.0026246719160104,0.0013123359580052,0.0,0.0013123359580052,0.0104986876640419,0.0,0.9138888888888888,0.0516717325227963,762,13795
0.0,0.0,0.0,0.0006020469596628,0.0,0.0,0.0006020469596628,0.0012040939193257,0.2274809160305343,0.0738255033557047,1661,13796
0.0,0.0,0.0,0.001628664495114,0.0,0.0,0.011400651465798,0.001628664495114,0.4123711340206185,0.0625,614,13797
0.0,0.0,0.0,0.0018115942028985,0.0,0.0,0.0,0.0,0.2741116751269035,0.074074074074074,552,13798
0.0,0.0,0.0,0.0053763440860215,0.0,0.0,0.032258064516129,0.0,5.473684210526316,0.2307692307692307,186,13799
0.0,0.0,0.0024509803921568,0.0024509803921568,0.0,0.0,0.034313725490196,0.0,0.0778816199376947,0.08,408,13800
0.0,0.0,0.0,0.0024844720496894,0.0,0.0,0.0,0.0012422360248447,1.234920634920635,0.1079691516709511,805,13801
0.0009372071227741,0.0009372071227741,0.0056232427366447,0.0028116213683223,0.0,0.0,0.0,0.0028116213683223,0.2259541984732824,0.1486486486486486,1067,13802
0.0,0.0,0.0,0.0035335689045936,0.0,0.0,0.0,0.0017667844522968,0.0348583877995642,0.375,566,13803
0.001338688085676,0.0,0.0,0.002008032128514,0.0,0.0,0.0468540829986613,0.001338688085676,1.3817504655493482,0.0997304582210242,1494,13804
0.0,0.0,0.0,0.0024038461538461,0.0,0.0,0.0192307692307692,0.0,0.0843373493975903,0.5357142857142857,416,13805
0.0,0.0,0.0007733952049497,0.0015467904098994,0.0,0.0,0.0224284609435421,0.0007733952049497,1.1663201663201663,0.1639928698752228,1293,13806
0.0,0.0,0.0009442870632672,0.0018885741265344,0.0,0.0,0.0094428706326723,0.0,0.6174055829228243,0.0611702127659574,1059,13807
0.0,0.0,0.0030612244897959,0.0020408163265306,0.0,0.0010204081632653,0.0173469387755102,0.0,0.5430579964850615,0.1229773462783171,980,13808
0.0,0.0,0.0,0.0023529411764705,0.0,0.0,0.0023529411764705,0.0,0.1025641025641025,0.5,425,13809
0.0,0.0,0.0,0.0008787346221441,0.0,0.0,0.0017574692442882,0.0,0.7420382165605095,0.0407725321888412,1138,13810
0.0,0.0,0.0,0.0015082956259426,0.0,0.0,0.0075414781297134,0.0,0.1557692307692307,0.1851851851851851,663,13811
0.0,0.0,0.0028169014084507,0.0056338028169014,0.0,0.0,0.0112676056338028,0.0,0.36,0.238095238095238,355,13812
0.0,0.0,0.0020949720670391,0.0006983240223463,0.0,0.0,0.0,0.0006983240223463,0.471635150166852,0.1108490566037735,1432,13813
0.0,0.0,0.0,0.0017857142857142,0.0,0.0,0.0053571428571428,0.0,0.3029490616621983,0.1769911504424778,560,13814
0.0,0.0,0.0,0.0031446540880503,0.0,0.0,0.0,0.0031446540880503,0.1929824561403508,0.1136363636363636,318,13815
0.003076923076923,0.003076923076923,0.0,0.003076923076923,0.0,0.003076923076923,0.0061538461538461,0.0123076923076923,2.8688524590163933,0.1771428571428571,325,13816
0.0,0.0,0.0,0.0014174344436569,0.0,0.0,0.0056697377746279,0.0028348688873139,0.7409470752089137,0.0808270676691729,1411,13817
0.0,0.0,0.0011494252873563,0.0005747126436781,0.0,0.0011494252873563,0.0034482758620689,0.0,2.430084745762712,0.037489102005231,1740,13818
0.0,0.0,0.0011098779134295,0.002219755826859,0.0,0.0,0.002219755826859,0.0,0.7066974595842956,0.2124183006535947,901,13819
0.0,0.0,0.0,0.0018018018018018,0.0,0.0,0.0135135135135135,0.0009009009009009,0.584,0.084931506849315,1110,13820
0.0,0.0,0.0,0.0028943560057887,0.0,0.0,0.0014471780028943,0.0,0.5130208333333334,0.116751269035533,691,13821
0.0,0.0,0.0024271844660194,0.0024271844660194,0.0,0.0012135922330097,0.012135922330097,0.0,0.5227765726681128,0.2863070539419087,824,13822
0.0,0.0,0.0,0.0042283298097251,0.0,0.0,0.0,0.0,0.3767605633802817,0.102803738317757,473,13823
0.0,0.0012562814070351,0.0012562814070351,0.0012562814070351,0.0,0.0012562814070351,0.0012562814070351,0.0,1.050561797752809,0.0481283422459893,796,13824
0.0,0.0,0.0,0.0165289256198347,0.0,0.0,0.0330578512396694,0.0082644628099173,0.2285714285714285,0.125,121,13825
0.0,0.0,0.0,0.0035971223021582,0.0,0.0,0.0251798561151079,0.0,0.2246575342465753,0.1341463414634146,556,13826
0.0,0.0,0.0,0.0028735632183908,0.0,0.0,0.007183908045977,0.0,0.2813238770685579,0.3025210084033613,696,13827
0.0,0.0,0.0009045680687471,0.0009045680687471,0.0,0.0004522840343735,0.0,0.0004522840343735,0.860655737704918,0.2511904761904762,2211,13828
0.0,0.0,0.0,0.0019011406844106,0.0,0.0,0.0076045627376425,0.0,0.4011627906976744,0.0217391304347826,526,13829
0.0,0.0,0.0,0.0093896713615023,0.0,0.0,0.0234741784037558,0.0,2.1951219512195124,0.0888888888888888,213,13830
0.0,0.0,0.0011976047904191,0.0023952095808383,0.0,0.0,0.0059880239520958,0.0023952095808383,0.2904411764705882,0.2025316455696202,835,13831
0.0,0.0,0.0,0.0018927444794952,0.0,0.0,0.007570977917981,0.0,0.5419426048565121,0.0672097759674134,1585,13832
0.0080321285140562,0.0,0.0,0.0,0.0,0.0,0.0,0.0,1.0545454545454545,0.0344827586206896,249,13833
0.0,0.0,0.0,0.0011025358324145,0.0,0.0011025358324145,0.0,0.0,0.2983257229832572,0.0816326530612244,907,13834
0.0,0.0,0.0007818608287724,0.0015637216575449,0.0,0.0,0.0,0.0,0.4335443037974683,0.3941605839416058,1279,13835
0.0,0.0,0.0007278020378457,0.0014556040756914,0.0,0.0,0.0145560407569141,0.0,0.5439900867410161,0.0432801822323462,1374,13836
0.0,0.0,0.0,0.0018248175182481,0.0,0.0,0.0,0.0063868613138686,0.8706563706563707,0.0399113082039911,1096,13837
0.0,0.0,0.0065237651444548,0.0018639328984156,0.0,0.0009319664492078,0.0130475302889096,0.0,0.584717607973422,0.0426136363636363,1073,13838
0.0,0.0,0.0,0.001233045622688,0.0,0.0,0.0123304562268803,0.0,0.5389221556886228,0.0777777777777777,811,13839
0.0,0.0,0.0,0.0021074815595363,0.0,0.0,0.0126448893572181,0.0,0.6049149338374291,0.025,949,13840
0.0055452865064695,0.0,0.0018484288354898,0.0,0.0,0.0,0.0092421441774491,0.0055452865064695,0.1382716049382716,0.8035714285714286,541,13841
0.0,0.0,0.0,0.0029850746268656,0.0,0.0,0.0,0.0,1.2687747035573125,0.1152647975077881,670,13842
0.0,0.0,0.0,0.0010905125408942,0.0,0.0,0.0010905125408942,0.0,0.0913770913770913,0.2816901408450704,917,13843
0.0,0.0,0.0009115770282588,0.0009115770282588,0.0,0.0,0.0063810391978122,0.0,1.0666666666666669,0.0386029411764705,1097,13844
0.0,0.0,0.0018433179723502,0.0018433179723502,0.0,0.0,0.0018433179723502,0.0092165898617511,0.4141566265060241,0.2181818181818181,1085,13845
0.0,0.0,0.0013568521031207,0.0013568521031207,0.0,0.0,0.0271370420624151,0.0,0.4371980676328502,0.2541436464088398,737,13846
0.0,0.0,0.0,0.001310615989515,0.0,0.0,0.0144167758846657,0.001310615989515,0.452431289640592,0.2102803738317757,763,13847
0.0,0.0,0.0,0.0018484288354898,0.0,0.0,0.0,0.0036968576709796,1.6666666666666667,0.0295081967213114,541,13848
0.0,0.0004438526409232,0.0,0.0004438526409232,0.0,0.0,0.0004438526409232,0.0,3.275390625,0.0029815146094215,2253,13849
0.0,0.0,0.0,0.0013586956521739,0.0,0.0,0.0054347826086956,0.0054347826086956,0.3564356435643564,0.0444444444444444,736,13850
0.0,0.0,0.0,0.0011961722488038,0.0,0.0011961722488038,0.0095693779904306,0.0011961722488038,0.437007874015748,0.1351351351351351,836,13851
0.0,0.0,0.0,0.001787310098302,0.0,0.0,0.0,0.0,1.2413793103448276,0.0759259259259259,1119,13852
0.0,0.0,0.0,0.0011621150493898,0.0,0.0,0.0034863451481696,0.0,0.9811794228356336,0.0447570332480818,1721,13853
0.0,0.0,0.0025542784163473,0.0025542784163473,0.0,0.0,0.0,0.0,0.0398671096345514,0.75,783,13854
0.0,0.0,0.0011481056257175,0.0011481056257175,0.0,0.0034443168771526,0.0022962112514351,0.0011481056257175,0.6078838174273858,0.1058020477815699,871,13855
0.0,0.0,0.0017182130584192,0.0017182130584192,0.0,0.0,0.0,0.0,0.4668769716088328,0.1824324324324324,582,13856
0.0,0.0,0.0,0.0027510316368638,0.0,0.0,0.0192572214580467,0.0013755158184319,0.3065217391304348,0.0709219858156028,727,13857
0.0,0.0,0.002932551319648,0.0058651026392961,0.0,0.0,0.0,0.0,0.4846625766871165,0.1012658227848101,341,13858
0.0,0.0,0.0,0.0011968880909634,0.0,0.0,0.0035906642728904,0.0,2.349892008639309,0.0496323529411764,1671,13859
0.0,0.0,0.0,0.0019607843137254,0.0,0.0039215686274509,0.0127450980392156,0.0,0.4631578947368421,0.1590909090909091,1020,13860
0.0,0.0,0.0,0.001187648456057,0.0,0.0,0.004750593824228,0.003562945368171,1.1202185792349726,0.0634146341463414,842,13861
0.0,0.0,0.005524861878453,0.011049723756906,0.0,0.011049723756906,0.0,0.0,0.7906976744186046,0.4117647058823529,181,13862
0.0,0.0,0.0,0.0018552875695732,0.0,0.0,0.0,0.0055658627087198,0.2805555555555555,0.2772277227722772,539,13863
0.0,0.0,0.0,0.0017699115044247,0.0,0.0017699115044247,0.0088495575221238,0.0,0.3873873873873873,0.2403100775193798,565,13864
0.001082251082251,0.0,0.0021645021645021,0.0032467532467532,0.0,0.0043290043290043,0.0043290043290043,0.0021645021645021,0.7086614173228346,0.1925925925925926,924,13865
0.0,0.0,0.0,0.0011848341232227,0.0,0.0,0.0,0.0,1.1740331491712708,0.0447058823529411,844,13866
0.0019083969465648,0.0012722646310432,0.0063613231552162,0.0025445292620865,0.0,0.0006361323155216,0.0,0.0095419847328244,0.4946236559139785,0.3451086956521739,1572,13867
0.0,0.0,0.0,0.000539374325782,0.0,0.0,0.0026968716289104,0.000539374325782,3.671122994652406,0.0123816460305899,1854,13868
0.0168821839080459,0.0,0.0086206896551724,0.0308908045977011,0.0043103448275862,0.0,0.0,0.0,4.700787401574803,0.0209380234505862,2784,13869
0.0012690355329949,0.0,0.0076142131979695,0.0012690355329949,0.0,0.0012690355329949,0.0,0.0,0.5422535211267606,0.1428571428571428,788,13870
0.0,0.0,0.0,0.001254705144291,0.0,0.0,0.0,0.0,0.3035381750465549,0.1288343558282208,797,13871
0.0,0.0,0.0,0.0024937655860349,0.0,0.0024937655860349,0.0124688279301745,0.0,1.709401709401709,0.245,401,13872
0.0018050541516245,0.0,0.0018050541516245,0.0018050541516245,0.0,0.0,0.0054151624548736,0.0,0.2135678391959799,0.1058823529411764,554,13873
0.0009950248756218,0.0,0.0009950248756218,0.0019900497512437,0.0,0.0,0.008955223880597,0.0,0.1527967257844474,0.1964285714285714,1005,13874
0.0,0.0,0.0,0.0012210012210012,0.0,0.0,0.0012210012210012,0.0024420024420024,0.6511111111111111,0.098976109215017,819,13875
0.0007293946024799,0.0,0.0,0.0,0.0,0.0021881838074398,0.0007293946024799,0.0029175784099197,2.0372340425531914,0.1553524804177545,1371,13876
0.0,0.0,0.0,0.0013698630136986,0.0,0.0,0.0068493150684931,0.0,0.4702702702702703,0.4827586206896552,730,13877
0.0,0.0,0.0,0.0016460905349794,0.0,0.0016460905349794,0.0032921810699588,0.0032921810699588,0.5170876671619614,0.0804597701149425,1215,13878
0.0,0.0,0.00125,0.0025,0.0,0.0,0.0,0.0,0.4413793103448276,0.1875,800,13879
0.000738552437223,0.000738552437223,0.0,0.001477104874446,0.0,0.0,0.001477104874446,0.0,0.199203187250996,0.18,1354,13880
0.0,0.0,0.0,0.002061855670103,0.0,0.0,0.0061855670103092,0.0,0.3149847094801223,0.145631067961165,485,13881
0.0,0.0,0.0,0.0034305317324185,0.0,0.0,0.0291595197255574,0.0,0.2473684210526315,0.2340425531914893,583,13882
0.0,0.0,0.0,0.0185185185185185,0.0,0.0,0.1666666666666666,0.0,0.2,0.3333333333333333,54,13883
0.0,0.0,0.0,0.0023501762632197,0.0,0.0,0.0047003525264394,0.0,0.2152777777777778,0.3225806451612903,851,13884
0.0,0.0,0.0,0.0018975332068311,0.0,0.0028462998102466,0.0113851992409867,0.0009487666034155,1.1945812807881773,0.0989690721649484,1054,13885
0.0,0.0,0.0,0.0010152284263959,0.0,0.0010152284263959,0.0,0.0,0.7217898832684825,0.0512129380053908,985,13886
0.0,0.0,0.0,0.0018832391713747,0.0,0.0018832391713747,0.0,0.0,0.4573170731707317,0.0866666666666666,531,13887
0.0,0.0004432624113475,0.0004432624113475,0.0004432624113475,0.0,0.0004432624113475,0.000886524822695,0.0013297872340425,0.7401129943502824,0.0512540894220283,2256,13888
0.0,0.0,0.0,0.0024875621890547,0.0,0.0,0.0161691542288557,0.0,0.5146443514644351,0.1097560975609756,804,13889
0.0,0.0,0.002016129032258,0.002016129032258,0.0,0.0,0.0060483870967741,0.0,1.0509259259259258,0.0969162995594713,496,13890
0.0,0.0,0.0,0.002770083102493,0.0,0.0,0.002770083102493,0.0,0.0891089108910891,0.5555555555555556,361,13891
0.0,0.0,0.0006064281382656,0.0012128562765312,0.0,0.0,0.0090964220739842,0.0,0.5669125395152792,0.0390334572490706,1649,13892
0.0,0.0,0.0,0.0029542097488921,0.0,0.0,0.017725258493353,0.0,0.3828125,0.2108843537414966,677,13893
0.0,0.0,0.0032397408207343,0.0021598272138228,0.0,0.0043196544276457,0.0010799136069114,0.0021598272138228,0.2917369308600337,0.1849710982658959,926,13894
0.0,0.0,0.0,0.0006301197227473,0.0,0.0,0.0050409577819785,0.0,0.2101167315175097,0.0333333333333333,1587,13895
0.0,0.0008210180623973,0.0041050903119868,0.0016420361247947,0.0,0.0024630541871921,0.0106732348111658,0.0,1.628428927680798,0.0949464012251148,1218,13896
0.0,0.0,0.0,0.002237851662404,0.0,0.0006393861892583,0.0073529411764705,0.0035166240409207,2.835408022130014,0.0321951219512195,3128,13897
0.0,0.0,0.0,0.001,0.0,0.0,0.004,0.001,0.6768802228412256,0.1069958847736625,2000,13898
0.0,0.0,0.0,0.0023310023310023,0.0,0.0,0.0069930069930069,0.0023310023310023,0.311787072243346,0.1829268292682926,429,13899
0.0,0.0,0.0,0.0052631578947368,0.0,0.0,0.0157894736842105,0.0,1.091549295774648,0.1806451612903225,380,13900
0.0,0.0,0.001412429378531,0.0028248587570621,0.0,0.0,0.0084745762711864,0.0,0.6263157894736842,0.1260504201680672,708,13901
0.0,0.0,0.0031847133757961,0.0031847133757961,0.0,0.0,0.0047770700636942,0.0,0.5494186046511628,0.0899470899470899,628,13902
0.0,0.0,0.0,0.0024844720496894,0.0,0.0,0.0,0.0,0.2613240418118467,0.08,805,13903
0.0,0.0,0.0,0.0007716049382716,0.0,0.0,0.0023148148148148,0.0030864197530864,0.2979737783075089,0.076,1296,13904
0.0,0.0,0.0015698587127158,0.0007849293563579,0.0,0.0,0.0,0.0,0.6144578313253012,0.1299019607843137,1274,13905
0.0,0.0,0.0,0.0007122507122507,0.0,0.0,0.0042735042735042,0.0007122507122507,0.8293413173652695,0.1137184115523465,1404,13906
0.0,0.0,0.0,0.0015060240963855,0.0,0.0,0.0,0.0015060240963855,0.0591497227356746,0.96875,664,13907
0.0,0.0,0.0012531328320802,0.0025062656641604,0.0,0.0037593984962406,0.0025062656641604,0.0037593984962406,0.2274678111587982,0.3962264150943396,798,13908
0.0,0.0,0.0,0.0013245033112582,0.0,0.0,0.0,0.0,0.0574886535552193,0.131578947368421,755,13909
0.0,0.0,0.0011778563015312,0.0023557126030624,0.0,0.0023557126030624,0.0035335689045936,0.005889281507656,0.2285714285714285,0.171875,849,13910
0.0,0.0,0.0005359056806002,0.0005359056806002,0.0,0.0,0.0037513397642015,0.0005359056806002,3.9237536656891496,0.0792227204783258,1866,13911
0.0,0.0,0.0009505703422053,0.0009505703422053,0.0,0.0,0.0009505703422053,0.0,0.4485530546623794,0.2688172043010752,1052,13912
0.0,0.0,0.0,0.0006743088334457,0.0,0.0006743088334457,0.0,0.0013486176668914,0.1970096745822339,0.1919642857142857,1483,13913
0.0015337423312883,0.0,0.0007668711656441,0.0,0.0015337423312883,0.0,0.0,0.0,0.7400611620795107,0.0289256198347107,1304,13914
0.0,0.0,0.0008532423208191,0.0008532423208191,0.0,0.0017064846416382,0.0051194539249146,0.0,0.4293865905848787,0.1129568106312292,1172,13915
0.0,0.0,0.0,0.0021551724137931,0.0,0.0,0.0150862068965517,0.0,0.1914893617021276,0.2857142857142857,464,13916
0.0,0.0,0.00074294205052,0.00074294205052,0.0,0.00074294205052,0.00074294205052,0.0014858841010401,0.9233082706766916,0.0553745928338762,1346,13917
0.0,0.0,0.0,0.0029368575624082,0.0,0.0,0.0029368575624082,0.0,0.5702479338842975,0.144927536231884,681,13918
0.0,0.0,0.0017152658662092,0.0034305317324185,0.0,0.0,0.0240137221269296,0.0,1.1386138613861383,0.1521739130434782,583,13919
0.0,0.0,0.0,0.00234375,0.0,0.0,0.00390625,0.00234375,1.0210896309314588,0.0430292598967297,1280,13920
0.0,0.0,0.0,0.0103092783505154,0.0,0.0,0.0,0.0,0.0975609756097561,0.0,97,13921
0.0,0.0,0.0,0.001002004008016,0.0,0.0,0.0,0.0,0.2457142857142857,0.2558139534883721,998,13922
0.0018034265103697,0.0,0.0,0.0009017132551848,0.0,0.0,0.0027051397655545,0.0,0.988212180746562,0.05168986083499,1109,13923
0.0,0.0,0.0,0.0007716049382716,0.0,0.0,0.0,0.0003858024691358,0.9610591900311528,0.0283630470016207,2592,13924
0.0,0.0014903129657228,0.0,0.0029806259314456,0.0,0.0,0.0029806259314456,0.0029806259314456,0.2004310344827586,0.1397849462365591,671,13925
0.0,0.0,0.0,0.0022222222222222,0.0,0.0,0.0088888888888888,0.0,0.2980132450331126,0.2111111111111111,450,13926
0.0,0.0,0.0010121457489878,0.0010121457489878,0.0,0.0,0.0050607287449392,0.0070850202429149,0.1230366492146596,0.4680851063829787,988,13927
0.0,0.0,0.000895255147717,0.0017905102954341,0.0,0.0,0.0044762757385854,0.0026857654431512,0.2995839112343966,0.1805555555555555,1117,13928
0.0,0.0,0.0,0.0028860028860028,0.0,0.0,0.0115440115440115,0.0014430014430014,0.3537414965986394,0.2115384615384615,693,13929
0.0030828516377649,0.0,0.0026974951830443,0.0007707129094412,0.0011560693641618,0.0015414258188824,0.0007707129094412,0.0277456647398843,2.7429193899782134,0.0841938046068308,2595,13930
0.0006666666666666,0.0,0.0033333333333333,0.0013333333333333,0.0,0.0006666666666666,0.0053333333333333,0.0013333333333333,0.5129943502824859,0.118942731277533,1500,13931
0.0,0.0,0.0,0.003220611916264,0.0,0.0,0.0128824476650563,0.0,0.2317880794701986,0.238095238095238,621,13932
0.0,0.0,0.0021739130434782,0.0043478260869565,0.0,0.0,0.0239130434782608,0.0,0.2478991596638655,0.5084745762711864,460,13933
0.0,0.0,0.0,0.0055096418732782,0.0,0.0055096418732782,0.046831955922865,0.0055096418732782,4.297872340425532,0.2029702970297029,363,13934
0.0,0.0,0.0006644518272425,0.0006644518272425,0.0,0.0,0.0033222591362126,0.001328903654485,0.523093447905478,0.055441478439425,1505,13935
0.0,0.0,0.0017064846416382,0.0017064846416382,0.0,0.0,0.0,0.0,0.5031055900621118,0.2037037037037037,586,13936
0.0,0.0,0.0,0.005,0.0,0.0,0.005,0.0,1.1025641025641026,0.0,200,13937
0.0,0.0,0.0030138637733574,0.0012055455093429,0.0,0.0,0.0,0.0,1.9959432048681545,0.0416666666666666,1659,13938
0.001150747986191,0.0003835826620636,0.0015343306482546,0.0019179133103183,0.002301495972382,0.0,0.0,0.0,1.225475841874085,0.080047789725209,2607,13939
0.0,0.0,0.0025839793281653,0.0025839793281653,0.0,0.0,0.0129198966408268,0.0,0.6018099547511312,0.0225563909774436,387,13940
0.0,0.0,0.0008223684210526,0.0008223684210526,0.0,0.0,0.0041118421052631,0.0,0.4029850746268656,0.1919191919191919,1216,13941
0.0,0.0003894080996884,0.0003894080996884,0.0003894080996884,0.0,0.0003894080996884,0.0007788161993769,0.0,0.7924812030075188,0.0910815939278937,2568,13942
0.0,0.0,0.0,0.0051413881748071,0.0,0.0,0.0334190231362467,0.0,0.3619909502262443,0.275,389,13943
0.0,0.0,0.0,0.0019398642095053,0.0,0.0009699321047526,0.0019398642095053,0.002909796314258,0.4841402337228714,0.1137931034482758,1031,13944
0.0,0.0030487804878048,0.0,0.0030487804878048,0.0,0.0,0.0,0.0,0.6993865030674846,0.2543859649122807,328,13945
0.0,0.0,0.0,0.0013495276653171,0.0,0.0,0.0107962213225371,0.0,0.1100244498777506,0.1259259259259259,1482,13946
0.0015948963317384,0.0,0.0,0.0015948963317384,0.0,0.0,0.0127591706539074,0.0015948963317384,0.825503355704698,0.1300813008130081,627,13947
0.0,0.0,0.0,0.0010240655401945,0.0,0.0015360983102918,0.021505376344086,0.0,0.3625429553264604,0.1563981042654028,1953,13948
0.0,0.0,0.0,0.0019035532994923,0.0,0.0025380710659898,0.0114213197969543,0.0,0.5757918552036199,0.106090373280943,1576,13949
0.0,0.0,0.0009578544061302,0.0009578544061302,0.0,0.0009578544061302,0.0086206896551724,0.0,0.4182344428364689,0.0034602076124567,1044,13950
0.0,0.0,0.0035419126328217,0.0023612750885478,0.0,0.0,0.0,0.0,0.308411214953271,0.1696969696969697,847,13951
0.0,0.0,0.0,0.0038022813688212,0.0,0.0,0.0456273764258555,0.0038022813688212,0.8803418803418803,0.1262135922330097,263,13952
0.0,0.0,0.0009784735812133,0.0009784735812133,0.0,0.0,0.0107632093933463,0.0,0.9977324263038548,0.1363636363636363,1022,13953
0.0,0.0,0.0,0.0009478672985781,0.0,0.0,0.0,0.0,1.6155913978494625,0.0532445923460898,1055,13954
0.0,0.0,0.0,0.0006932409012131,0.0,0.0006932409012131,0.0038128249566724,0.0,1.6395233366434956,0.0817686250757116,2885,13955
0.0,0.0,0.0051085568326947,0.0012771392081736,0.0,0.0,0.003831417624521,0.0,1.2847682119205297,0.0747422680412371,783,13956
0.0,0.0,0.0,0.001310615989515,0.0,0.0,0.0026212319790301,0.0,0.4749455337690632,0.0963302752293578,763,13957
0.0,0.0,0.0054347826086956,0.0018115942028985,0.0,0.0018115942028985,0.0,0.0,0.5346534653465347,0.1851851851851851,552,13958
0.0,0.0,0.0,0.003125,0.0,0.0,0.0015625,0.0015625,0.7223880597014926,0.0743801652892562,640,13959
0.0,0.0,0.0013458950201884,0.0026917900403768,0.0,0.0,0.0067294751009421,0.0026917900403768,0.3767123287671233,0.1393939393939394,743,13960
0.0019047619047619,0.0,0.0038095238095238,0.0019047619047619,0.0,0.0,0.0114285714285714,0.0,0.8135593220338984,0.1145833333333333,525,13961
0.0,0.0,0.0,0.0010188487009679,0.0,0.0,0.0030565461029037,0.0010188487009679,0.5561312607944733,0.0947204968944099,1963,13962
0.0,0.0,0.0,0.0016366612111292,0.0,0.0,0.0081833060556464,0.0,0.1466395112016293,0.1388888888888889,611,13963
0.0,0.0,0.0,0.0021739130434782,0.0,0.0,0.0065217391304347,0.0,0.2068965517241379,0.1666666666666666,460,13964
0.0,0.0,0.0017241379310344,0.0017241379310344,0.0,0.0,0.0051724137931034,0.0,0.151578947368421,0.0972222222222222,580,13965
0.0,0.0,0.0,0.0007892659826361,0.0,0.0,0.0047355958958168,0.0,1.3272727272727274,0.060882800608828,1267,13966
0.0,0.0,0.0,0.0017331022530329,0.0,0.0017331022530329,0.0034662045060658,0.0,0.4929971988795518,0.0454545454545454,577,13967
0.0,0.0,0.0,0.0004568296025582,0.0,0.0,0.0018273184102329,0.0004568296025582,0.3787061994609164,0.1494661921708185,2189,13968
0.0,0.0,0.0,0.0060240963855421,0.0,0.0,0.0,0.0,0.1318681318681318,1.2916666666666667,332,13969
0.0,0.0,0.0004904364884747,0.0009808729769494,0.0,0.0,0.0004904364884747,0.0,0.8968968968968969,0.0368303571428571,2039,13970
0.0,0.0,0.0,0.0017152658662092,0.0,0.0017152658662092,0.006861063464837,0.0,0.161925601750547,0.1621621621621621,583,13971
0.0,0.0,0.0,0.0014781966001478,0.0,0.0,0.0,0.0,1.5020242914979758,0.1172506738544474,1353,13972
0.0,0.0,0.0010593220338983,0.0010593220338983,0.0,0.0052966101694915,0.0148305084745762,0.0010593220338983,0.4397810218978102,0.0829875518672199,944,13973
0.0,0.0,0.0,0.0012755102040816,0.0,0.0012755102040816,0.0,0.0,0.1398026315789473,0.1058823529411764,784,13974
0.0,0.0,0.0,0.0023474178403755,0.0,0.0,0.0070422535211267,0.0,0.2129963898916967,0.7627118644067796,426,13975
0.0,0.0,0.0011723329425556,0.0023446658851113,0.0,0.0,0.0058616647127784,0.0,0.2897033158813263,0.1024096385542168,853,13976
0.0077519379844961,0.0,0.0155038759689922,0.0077519379844961,0.0,0.0,0.0077519379844961,0.0,0.0526315789473684,1.6666666666666667,129,13977
0.0,0.0009990009990009,0.0009990009990009,0.0019980019980019,0.0,0.0009990009990009,0.0169830169830169,0.0,0.8121212121212121,0.1442786069651741,1001,13978
0.0008748906386701,0.0,0.0008748906386701,0.0017497812773403,0.0,0.0008748906386701,0.0148731408573928,0.0,0.3925619834710744,0.1543859649122807,1143,13979
0.0,0.0,0.0011086474501108,0.0011086474501108,0.0,0.0,0.0022172949002217,0.0,0.2201834862385321,0.1736111111111111,902,13980
0.0016313213703099,0.0,0.0,0.0032626427406199,0.0,0.0081566068515497,0.0097879282218597,0.0,0.1708428246013667,0.2666666666666666,613,13981
0.0,0.0,0.0,0.0017361111111111,0.0,0.0,0.0225694444444444,0.0,0.5238095238095238,0.1306818181818181,576,13982
0.0,0.0004755111745126,0.0,0.0004755111745126,0.0,0.0004755111745126,0.0033285782215882,0.0,0.5547112462006079,0.0410958904109589,2103,13983
0.0,0.0,0.0,0.0028860028860028,0.0,0.0,0.0057720057720057,0.0,0.3827493261455525,0.2957746478873239,693,13984
0.0,0.0,0.0052287581699346,0.0039215686274509,0.0,0.0026143790849673,0.0,0.0130718954248366,0.529891304347826,0.2153846153846154,765,13985
0.0007087172218284,0.0,0.0007087172218284,0.0007087172218284,0.0,0.0,0.0,0.0007087172218284,0.2737752161383285,0.0456140350877193,1411,13986
0.0,0.0,0.0,0.0014430014430014,0.0,0.0,0.0,0.0,1.0546623794212218,0.0914634146341463,693,13987
0.0,0.0,0.0,0.0018587360594795,0.0,0.0092936802973977,0.0260223048327137,0.0018587360594795,0.2544910179640718,0.388235294117647,538,13988
0.0,0.0,0.0010309278350515,0.0010309278350515,0.0,0.0010309278350515,0.0041237113402061,0.0,0.1023720349563046,0.2195121951219512,970,13989
0.0,0.0,0.0,0.001850138760407,0.0,0.0,0.005550416281221,0.0,0.3774104683195592,0.1715328467153284,1081,13990
0.0005257623554153,0.0,0.0005257623554153,0.0005257623554153,0.0,0.0010515247108307,0.0010515247108307,0.0,0.347758887171561,0.1088888888888888,1902,13991
0.0,0.0,0.0009074410163339,0.0009074410163339,0.0,0.0,0.0099818511796733,0.0045372050816696,0.3305555555555555,0.315126050420168,1102,13992
0.0029282576866764,0.0,0.0014641288433382,0.0014641288433382,0.0,0.0,0.0014641288433382,0.0,0.0882917466410748,0.6521739130434783,683,13993
0.001477104874446,0.0,0.001477104874446,0.001477104874446,0.0,0.0,0.0118168389955686,0.0,0.0781527531083481,0.0227272727272727,677,13994
0.000733137829912,0.001466275659824,0.002932551319648,0.001466275659824,0.0,0.000733137829912,0.001466275659824,0.001466275659824,0.8733552631578947,0.0979284369114877,1364,13995
0.0025906735751295,0.0,0.0,0.005181347150259,0.0,0.0,0.005181347150259,0.0,0.375,0.2133333333333333,386,13996
0.0,0.0,0.0,0.0029850746268656,0.0,0.0,0.0208955223880597,0.0,1.087837837837838,0.062111801242236,335,13997
0.0,0.0,0.0075949367088607,0.0012658227848101,0.0,0.0012658227848101,0.0088607594936708,0.0037974683544303,0.2389380530973451,0.237037037037037,790,13998
0.0,0.0,0.0,0.0010025062656641,0.0,0.0,0.0090225563909774,0.0,0.3888439773645917,0.0873180873180873,1995,13999
0.0,0.0,0.0009746588693957,0.0009746588693957,0.0,0.0019493177387914,0.0029239766081871,0.0,0.2800546448087431,0.0780487804878048,1026,14000
