CUSTOMER_KEY,LOB_SEAHAWKS,LOB_FGI,email_click,email_incoming_from_customer,email_open,email_outgoing_to_customer,email_send,email_sub,email_unsub,form_submission,forward_receipt,forward_received,forward_send,initial_creation,merch_purchase,page_view,phonecall_incoming_from_customer,phonecall_outgoing_to_customer,primary_purchase_club,primary_purchase_ga,primary_purchase_single,primary_purchase_sth,primary_purchase_suite,secondary_purchase,secondary_sale,survey_submission,text_incoming_from_customer,text_outgoing_to_customer,Totals,ID,AVG_TIME_DAYS_purchase,percent_open,percent_click
-9157915483923582597,25,0,82,1,923,2,183,0,0,2,0,0,2,2,0,2,0,0,0,0,0,2,0,0,13,1,0,0,1221,0,37.0,5.043715846994536,0.08884073672806067
-9141810862643511111,16,0,7,0,47,0,77,0,0,1,0,0,3,1,0,0,0,0,0,0,0,1,0,0,6,0,0,0,149,1,21.0,0.6103896103896104,0.14893617021276595
-9116334708896324979,266,0,13,2,4,2,74,0,0,1,0,0,0,1,0,253,0,0,0,0,0,1,0,0,4,0,0,0,363,2,37.0,0.05405405405405406,3.25
-9090058647971006971,927,0,36,0,107,0,242,0,0,7,0,0,2,1,0,891,0,0,0,0,0,2,0,0,13,0,8,8,1330,3,38.0,0.44214876033057854,0.3364485981308411
-9037673472788855146,883,0,1,0,1,2,66,0,0,2,0,0,5,1,0,860,0,0,0,0,0,1,0,0,4,0,0,0,955,4,39.0,0.015151515151515152,1.0
-9012908103242928757,197,0,10,1,146,3,291,0,0,3,0,0,10,1,0,163,0,0,1,0,0,2,0,0,7,0,0,0,650,5,55.0,0.5017182130584192,0.0684931506849315
-8969161225324756307,230,0,33,1,153,0,160,0,0,3,0,0,0,1,2,195,0,0,0,0,0,2,0,0,3,0,0,0,579,6,80.0,0.95625,0.21568627450980393
-8953369186187304802,11,0,6,1,25,1,55,0,0,1,0,1,3,0,0,0,0,0,0,0,0,1,0,0,1,1,0,0,101,7,62.0,0.45454545454545453,0.24
-8944279931800903083,241,0,15,1,48,0,132,0,0,2,0,0,5,1,1,215,0,0,0,0,0,2,0,0,14,0,0,0,440,8,31.0,0.36363636363636365,0.3125
-8908214432887373553,164,0,5,0,55,0,76,0,0,1,0,1,1,1,0,148,0,0,0,0,0,1,0,0,1,0,0,0,302,9,72.0,0.7236842105263158,0.09090909090909091
-8904016174467606188,206,0,26,2,16,0,102,0,0,1,0,0,2,1,0,192,0,0,0,0,0,1,0,0,3,0,4,2,359,10,80.0,0.1568627450980392,1.625
-8823143030947066599,346,0,27,0,12,0,153,0,0,1,0,21,25,1,0,275,0,0,0,0,0,2,0,0,0,0,0,0,540,11,18.0,0.0784313725490196,2.25
-8764571205881441145,22,0,7,0,40,0,70,0,0,1,0,3,1,1,0,0,0,0,0,0,0,1,0,0,2,1,0,0,142,12,29.0,0.5714285714285714,0.175
-8724293523212305214,1868,0,7,0,7,1,137,0,0,1,0,8,10,2,0,1824,0,0,0,0,0,2,0,0,10,1,2,1,2027,13,28.0,0.051094890510948905,1.0
-8595620673097257954,433,0,29,12,61,11,160,0,0,2,0,0,27,2,0,389,0,0,0,0,0,2,0,0,1,0,0,0,709,14,163.0,0.38125,0.47540983606557374
-8579243188925613602,151,1,43,0,276,0,97,1,0,1,1,1,20,3,0,74,2,1,0,0,1,5,0,0,10,0,4,0,580,15,155.0,2.845360824742268,0.15579710144927536
-8563383892407729413,322,6,6,3,6,4,88,0,0,2,0,3,4,1,0,299,0,0,1,0,0,1,0,0,0,2,0,0,439,16,43.0,0.06818181818181818,1.0
-8546414107986006688,161,0,29,7,159,7,99,0,0,1,0,0,1,1,1,140,0,0,0,0,0,1,0,1,2,1,0,0,465,17,33.0,1.606060606060606,0.18238993710691823
-8545723227759132764,575,0,22,1,160,0,216,0,0,3,0,0,3,1,0,548,0,0,0,0,0,2,0,0,14,1,0,0,976,18,35.0,0.7407407407407407,0.1375
-8541684936303598204,61,0,6,0,94,0,61,0,0,1,0,0,2,1,0,44,0,0,0,0,0,1,0,0,7,0,0,0,224,19,17.0,1.540983606557377,0.06382978723404255
-8527154437507280396,114,0,4,4,4,4,53,0,0,0,0,0,11,2,0,89,0,0,0,0,0,2,0,0,0,2,0,0,187,20,237.0,0.07547169811320754,1.0
-8512051865524996985,236,0,24,5,242,6,146,0,0,3,0,0,1,1,0,210,0,0,0,0,1,2,0,0,17,0,0,0,662,21,28.0,1.6575342465753424,0.09917355371900827
-8395702843977383706,95,0,29,0,120,1,95,0,0,2,0,0,1,0,1,79,0,0,0,0,0,1,0,0,0,0,0,0,341,22,120.0,1.263157894736842,0.24166666666666667
-8272766310669968539,1017,0,31,12,45,10,171,0,0,2,0,4,11,1,0,957,0,0,0,0,1,2,0,1,6,0,0,0,1288,23,38.0,0.2631578947368421,0.6888888888888889
-8262710112382693632,30,0,22,0,43,3,151,0,0,1,0,1,18,0,0,0,0,0,0,0,0,2,0,0,4,0,0,0,250,24,91.0,0.2847682119205298,0.5116279069767442
-8256754319375022645,384,0,2,0,14,0,166,0,0,1,0,1,16,1,1,348,0,0,0,0,0,2,0,0,16,0,0,0,568,25,23.0,0.08433734939759036,0.14285714285714285
-8239924760846022191,381,0,13,7,149,8,175,0,0,2,0,0,13,1,1,354,0,0,0,0,0,2,0,0,4,0,0,0,735,26,71.0,0.8514285714285714,0.087248322147651
-8214881762988851175,239,0,57,4,194,4,224,0,0,13,0,1,5,2,1,190,0,0,1,0,0,2,0,1,21,2,0,0,728,27,19.0,0.8660714285714286,0.29381443298969073
-8205598831632061841,239,0,9,0,21,0,173,0,0,1,0,0,2,1,0,219,0,0,1,0,0,2,0,0,15,1,0,0,445,28,29.0,0.12138728323699421,0.42857142857142855
-8137007490398234626,315,4,24,2,97,2,150,0,0,2,0,0,13,2,0,278,0,0,0,0,1,2,0,0,0,1,0,1,599,29,157.0,0.6466666666666666,0.24742268041237114
-8107343631148959525,277,0,23,0,315,0,137,0,0,1,0,0,4,2,0,246,0,0,0,0,0,2,0,0,14,0,0,0,755,30,32.0,2.2992700729927007,0.07301587301587302
-8049229478301472368,340,0,0,5,110,7,13,0,0,3,0,0,11,1,0,315,0,0,0,0,0,1,0,2,6,0,0,0,478,31,20.0,8.461538461538462,0.0
-8037488590670368599,43,0,0,2,0,1,45,0,0,1,0,0,2,1,0,29,0,0,0,0,0,1,0,0,7,0,0,0,93,32,17.0,0.0,
-8006093595710719691,22,0,9,0,4,0,50,0,0,1,0,0,3,1,0,16,0,0,0,0,0,1,0,0,0,0,0,0,87,33,0.0,0.08,2.25
-7996578165159496962,55,0,1,0,14,0,45,0,0,1,0,0,4,1,0,35,0,0,0,0,0,1,0,0,6,0,0,0,117,34,27.0,0.3111111111111111,0.07142857142857142
-7980281280322329922,518,1,22,0,208,1,271,0,0,1,0,1,19,1,0,481,0,0,1,0,0,2,0,0,1,0,0,0,1023,35,119.0,0.7675276752767528,0.10576923076923077
-7859634946791141915,14,0,0,1,4,1,0,0,0,1,0,0,3,0,0,0,0,0,0,0,0,1,0,0,0,0,0,0,21,36,0.0,inf,0.0
-7831089669626833044,299,3,19,3,97,3,149,0,0,4,0,4,17,2,0,249,0,0,0,1,0,2,0,1,0,1,1,0,578,37,68.0,0.6510067114093959,0.1958762886597938
-7767978990747320864,478,0,5,0,5,0,141,0,0,1,0,0,28,1,0,444,0,0,0,0,1,2,0,0,1,1,0,0,632,38,106.0,0.03546099290780142,1.0
-7727440583793414975,22,0,15,18,183,25,118,0,0,2,0,1,12,0,0,0,0,0,3,0,0,1,0,0,0,0,0,0,382,39,32.0,1.5508474576271187,0.08196721311475409
-7711708169338796633,248,0,17,2,120,4,145,0,0,2,0,0,4,3,0,224,0,0,0,0,0,2,0,0,3,0,0,0,540,40,136.0,0.8275862068965517,0.14166666666666666
-7708667885611474725,49,0,5,0,26,0,65,0,0,2,0,0,7,1,0,22,0,0,0,0,1,1,0,0,16,0,0,0,147,41,8.0,0.4,0.19230769230769232
-7706993705029856901,28,0,8,0,5,0,59,0,0,1,0,0,4,0,1,0,0,0,0,0,0,1,0,3,11,0,0,0,101,42,11.0,0.0847457627118644,1.6
-7696380263556700079,61,8,54,3,32,5,170,0,0,2,0,1,6,0,7,14,0,0,0,2,1,2,0,0,0,0,0,0,333,43,37.0,0.18823529411764706,1.6875
-7687478522823981278,42,0,12,18,4,11,145,1,0,0,0,0,20,2,0,0,0,0,12,0,0,8,0,0,0,0,0,0,235,44,20.0,0.027586206896551724,3.0
-7666347589326922410,1104,0,62,3,463,3,705,0,0,7,0,1,3,2,0,996,0,1,1,0,0,7,0,0,17,0,0,0,2345,45,96.0,0.6567375886524822,0.13390928725701945
-7498088826449412707,855,0,51,3,315,3,767,0,0,4,0,0,20,1,2,775,0,0,0,0,0,7,0,1,30,0,3,0,2000,46,62.0,0.4106910039113429,0.1619047619047619
-7444272062984528908,284,0,9,3,6,1,29,0,0,1,0,0,11,1,2,244,0,0,0,0,0,2,0,0,5,0,0,1,335,47,62.0,0.20689655172413793,1.5
-7381434639362989072,115,0,2,0,141,1,54,0,0,1,0,0,3,2,0,101,0,0,0,0,0,1,0,0,4,0,0,0,316,48,41.0,2.611111111111111,0.014184397163120567
-7362917538814672174,22,0,4,1,3,1,58,0,0,2,0,0,1,0,0,6,0,0,0,0,0,1,0,0,8,0,0,0,91,49,20.0,0.05172413793103448,1.3333333333333333
-7220704954349947024,239,0,4,0,2,0,62,0,0,2,0,0,3,1,0,230,0,0,0,0,0,1,0,0,5,0,0,0,310,50,32.0,0.03225806451612903,2.0
-7182001334407371537,255,0,8,0,6,1,146,0,0,2,0,1,3,1,0,234,0,0,0,0,0,2,0,0,7,0,0,0,419,51,56.0,0.0410958904109589,1.3333333333333333
-7160336814061335004,127,0,6,2,11,3,15,0,0,2,0,0,2,0,0,112,0,0,0,0,0,1,0,0,0,0,0,0,166,52,0.0,0.7333333333333333,0.5454545454545454
-7139108510981460782,144,0,1,0,24,0,60,0,0,1,0,0,0,1,0,134,0,0,0,0,0,1,0,0,7,0,0,0,231,53,25.0,0.4,0.041666666666666664
-7077566730579788140,11,0,3,2,12,3,68,0,0,0,0,0,2,0,1,0,0,0,1,0,0,1,0,0,2,0,0,0,99,54,25.0,0.17647058823529413,0.25
-7043912350925996833,200,0,14,0,21,1,231,0,0,2,0,0,4,1,0,177,0,0,0,0,0,2,0,0,8,0,2,1,472,55,59.0,0.09090909090909091,0.6666666666666666
-7036322561516370182,123,0,17,1,18,2,192,0,0,2,0,1,14,1,0,99,0,0,0,0,0,2,0,0,2,0,0,0,355,56,81.0,0.09375,0.9444444444444444
-7015441505373850168,837,0,34,7,292,7,158,0,0,5,0,2,32,0,0,789,0,1,1,0,0,2,0,0,0,0,0,0,1338,57,119.0,1.8481012658227849,0.11643835616438356
-7010510342748082784,24,0,21,0,10,0,272,0,0,2,0,0,7,0,0,0,0,0,0,0,0,2,0,1,2,0,0,0,329,58,121.0,0.03676470588235294,2.1
-6957829994505452049,245,0,16,2,58,1,76,0,0,2,0,0,6,0,0,232,0,0,0,0,0,1,0,0,4,0,0,0,399,59,25.0,0.7631578947368421,0.27586206896551724
-6950906650238113394,19,0,0,2,45,2,112,0,0,2,0,1,4,0,0,0,0,0,0,0,0,1,0,1,4,0,0,0,181,60,28.0,0.4017857142857143,0.0
-6818709734020143629,818,0,14,2,168,1,229,0,0,1,0,0,12,1,0,789,0,0,0,0,1,2,0,0,0,0,0,0,1234,61,156.0,0.7336244541484717,0.08333333333333333
-6790631518461061502,11,0,4,0,58,0,146,0,0,0,0,0,0,0,0,6,0,0,0,0,0,1,0,0,4,3,0,0,222,62,42.0,0.3972602739726027,0.06896551724137931
-6750744984810005994,181,0,4,0,53,1,14,0,0,1,0,0,4,1,0,170,0,0,0,0,0,1,0,0,0,0,0,0,255,63,0.0,3.7857142857142856,0.07547169811320754
-6744167893657008546,64,2,4,34,51,27,81,0,0,3,0,4,35,1,0,3,0,0,1,0,0,2,1,0,0,0,0,0,264,64,33.0,0.6296296296296297,0.0784313725490196
-6741972986182287599,103,0,11,0,50,2,158,0,0,2,0,0,7,1,2,89,0,0,0,0,0,2,0,0,1,1,0,0,328,65,128.0,0.31645569620253167,0.22
-6660345576974130847,144,0,14,3,134,2,94,0,0,0,0,0,5,1,0,131,0,0,0,0,0,1,0,0,1,0,0,0,392,66,259.0,1.425531914893617,0.1044776119402985
-6530624777430011960,17,3,5,6,89,8,87,0,0,0,0,0,17,0,0,0,0,0,1,0,0,1,0,0,0,0,0,0,215,67,288.0,1.0229885057471264,0.056179775280898875
-6527090671150346969,134,0,11,3,18,3,51,0,0,1,0,0,10,0,0,120,0,0,0,0,0,1,0,0,0,0,0,0,221,68,0.0,0.35294117647058826,0.6111111111111112
-6526689350072366994,198,0,7,0,50,0,56,0,0,2,0,1,10,1,0,172,0,0,0,0,1,1,0,0,0,0,0,0,313,69,31.0,0.8928571428571429,0.14
-6507184187867875336,63,0,4,5,42,6,54,0,0,2,0,0,2,0,0,47,0,0,0,0,1,1,0,0,1,0,0,0,175,70,90.0,0.7777777777777778,0.09523809523809523
-6483971988094031572,307,0,27,3,120,7,231,0,0,4,0,1,0,2,1,264,0,0,0,0,0,2,0,0,0,0,0,0,698,71,97.0,0.5194805194805194,0.225
-6441900937252259965,318,3,20,0,21,0,252,0,0,4,0,0,8,0,0,282,0,0,1,0,1,2,0,0,0,0,0,1,616,72,107.0,0.08333333333333333,0.9523809523809523
-6417429995057190665,974,0,76,8,407,9,239,0,0,5,0,1,14,1,1,921,0,0,0,0,1,2,0,0,7,0,0,0,1715,73,46.0,1.702928870292887,0.18673218673218672
-6171746212769013547,17,0,9,0,4,0,92,0,0,1,0,0,1,0,1,0,0,0,0,0,0,1,0,0,2,0,0,0,123,74,50.0,0.043478260869565216,2.25
-6160508446446456021,23,0,9,0,54,0,78,0,0,1,0,0,10,1,0,12,0,0,0,0,0,1,0,0,0,0,0,0,166,75,0.0,0.6923076923076923,0.16666666666666666
-6112744960481964509,14,0,3,0,76,0,48,0,0,1,0,0,1,0,0,1,0,0,0,0,0,1,0,0,7,1,0,0,143,76,23.0,1.5833333333333333,0.039473684210526314
-6061965555223657586,408,9,65,23,440,20,195,0,0,2,0,1,12,2,1,307,0,0,3,2,0,1,2,0,3,1,0,0,1164,77,30.0,2.2564102564102564,0.14772727272727273
-6059503310037458980,405,0,10,0,33,1,230,0,0,4,0,0,2,1,5,359,0,0,1,0,0,15,0,0,7,0,0,0,683,78,15.0,0.14347826086956522,0.30303030303030304
-6049570537394932747,123,0,22,1,272,1,170,0,0,4,0,0,21,1,0,84,0,0,0,0,0,2,0,2,5,0,0,0,591,79,63.0,1.6,0.08088235294117647
-6025874840385639274,18,0,3,0,24,0,97,0,0,1,0,0,0,0,0,6,0,0,0,0,0,1,0,0,9,0,0,0,143,80,20.0,0.24742268041237114,0.125
-5968559310524040605,88,0,21,0,279,1,257,0,0,1,0,0,3,2,0,59,0,0,0,0,0,2,0,1,12,1,0,0,650,81,37.0,1.0856031128404668,0.07526881720430108
-5939722819055984299,358,0,20,1,23,2,106,0,0,1,0,0,8,1,0,337,0,0,0,0,1,1,0,0,0,1,0,0,513,82,20.0,0.2169811320754717,0.8695652173913043
-5760014016219071183,240,0,20,4,94,4,293,0,0,2,0,0,5,2,0,208,0,0,0,0,0,2,0,0,0,0,0,0,658,83,322.0,0.32081911262798635,0.2127659574468085
-5759102919560029214,187,0,2,0,13,0,43,0,0,1,0,0,1,1,0,171,0,0,0,0,0,1,0,0,3,0,0,0,247,84,50.0,0.3023255813953488,0.15384615384615385
-5742895356362100559,710,10,79,1,44,0,369,0,0,14,0,0,4,0,6,667,0,0,0,0,0,2,0,0,2,0,0,0,1214,85,59.0,0.11924119241192412,1.7954545454545454
-5713531855049494109,154,0,57,1,208,1,316,0,0,6,0,0,8,1,6,105,0,0,0,0,0,2,0,0,6,0,0,0,739,86,41.0,0.6582278481012658,0.27403846153846156
-5525552194471188130,248,0,8,1,75,1,65,0,0,1,0,0,1,1,0,228,0,0,0,0,0,1,0,0,18,0,0,0,400,87,9.0,1.1538461538461537,0.10666666666666667
-5450984110095424957,155,0,11,3,128,2,83,0,0,1,0,0,0,2,4,130,0,0,1,0,0,1,0,0,1,0,0,0,384,88,30.0,1.5421686746987953,0.0859375
-5417602618748645204,83,0,14,0,74,0,109,0,0,1,0,3,5,0,0,60,0,0,0,0,1,1,0,0,2,0,0,0,281,89,30.0,0.6788990825688074,0.1891891891891892
-5401122347547820497,203,0,3,0,2,1,30,0,0,2,0,0,4,2,0,188,0,0,0,0,0,2,0,0,9,0,0,0,243,90,50.0,0.06666666666666667,1.5
-5374280373648718728,106,0,0,0,12,0,45,0,0,1,0,0,5,1,0,96,0,0,0,0,0,1,0,0,4,0,0,0,165,91,42.0,0.26666666666666666,0.0
-5373872813822702213,227,0,18,3,28,3,178,0,0,1,0,1,26,2,0,180,0,0,0,0,0,2,0,0,0,0,0,0,460,92,212.0,0.15730337078651685,0.6428571428571429
-5348106785397086848,95,0,2,0,29,0,88,0,0,0,0,0,3,0,0,66,0,0,0,0,0,1,0,0,0,0,0,0,214,93,0.0,0.32954545454545453,0.06896551724137931
-5333932416693985977,23,0,9,0,37,0,36,0,0,1,0,0,2,1,0,2,0,0,0,0,0,1,0,0,4,0,0,0,107,94,46.0,1.0277777777777777,0.24324324324324326
-5290223801113959591,15,0,3,0,53,0,15,0,0,1,0,1,4,0,1,0,0,0,0,0,0,1,0,0,3,0,0,0,87,95,37.0,3.533333333333333,0.05660377358490566
-5256542463348651930,297,2,9,0,208,0,106,0,0,1,0,1,7,1,1,281,0,0,0,0,0,1,0,0,3,0,0,0,624,96,36.0,1.9622641509433962,0.04326923076923077
-5216982100634739990,94,0,23,1,255,2,153,0,0,4,0,0,8,0,1,66,0,0,0,0,0,2,0,0,6,0,0,0,529,97,64.0,1.6666666666666667,0.09019607843137255
-5161998943714438438,139,0,18,9,20,10,204,0,0,3,0,0,18,0,0,112,0,0,0,0,0,2,0,0,1,0,1,0,404,98,222.0,0.09803921568627451,0.9
-5123831164705290246,31,0,5,4,48,4,94,0,0,2,0,0,7,0,0,21,0,0,0,0,0,1,0,0,2,4,0,0,192,99,42.0,0.5106382978723404,0.10416666666666667
-5096185894353951257,40,0,5,0,42,0,55,0,0,0,0,1,18,0,0,0,0,0,3,0,1,7,0,0,0,0,0,0,142,100,36.0,0.7636363636363637,0.11904761904761904
-5042074203120848926,369,0,70,5,445,7,183,0,0,4,0,0,9,1,6,323,0,0,0,0,0,2,1,0,5,2,0,0,1083,101,40.0,2.431693989071038,0.15730337078651685
-5025315013505885548,617,4,28,0,20,0,205,0,0,3,0,0,6,1,0,572,0,0,1,0,0,2,0,0,7,0,0,0,876,102,55.0,0.0975609756097561,1.4
-5019571105787427096,199,0,2,0,2,3,60,0,0,0,0,0,2,1,0,181,0,0,0,0,0,1,0,0,1,0,0,0,267,103,135.0,0.03333333333333333,1.0
-5019341014345708127,349,0,79,3,91,5,236,0,0,4,0,0,5,1,0,311,0,0,0,0,0,4,0,0,0,0,0,0,767,104,168.0,0.3855932203389831,0.8681318681318682
-4901350347277773919,301,0,22,6,155,5,276,0,0,6,0,0,27,1,0,257,0,0,0,0,1,2,0,0,2,0,0,0,767,105,61.0,0.5615942028985508,0.14193548387096774
-4862378835485175580,235,0,13,0,9,0,79,0,1,1,0,1,30,1,0,193,0,0,0,0,0,2,0,0,0,0,0,0,339,106,122.0,0.11392405063291139,1.4444444444444444
-4860521492561668577,17,0,0,3,40,3,47,0,0,0,0,0,2,1,0,14,0,0,0,0,0,1,0,0,0,0,0,0,111,107,0.0,0.851063829787234,0.0
-4855642355938387396,658,1,20,0,79,1,228,0,0,1,1,0,8,1,0,630,0,0,0,0,0,2,0,0,0,0,0,0,989,108,245.0,0.34649122807017546,0.25316455696202533
-4791621758927842840,103,0,10,0,181,0,153,0,0,2,0,0,3,2,0,65,0,0,0,0,0,2,0,0,6,1,0,0,452,109,70.0,1.1830065359477124,0.055248618784530384
-4747730387069051589,427,0,40,0,292,1,238,0,0,1,0,0,7,2,3,364,0,0,0,0,0,2,0,0,0,0,0,0,1001,110,121.0,1.226890756302521,0.136986301369863
-4738118209948674539,204,0,49,1,367,3,399,0,0,7,0,2,0,1,0,176,0,0,1,0,0,2,0,0,6,2,0,0,1027,111,52.0,0.9197994987468672,0.1335149863760218
-4736085589278100603,132,5,14,1,13,2,170,0,0,1,0,2,7,0,2,74,0,0,0,1,0,9,0,2,8,0,0,0,338,112,23.0,0.07647058823529412,1.0769230769230769
-4717661861309443035,484,0,4,2,75,4,70,0,0,2,0,1,1,1,0,459,0,0,1,0,0,1,0,0,3,0,0,0,641,113,23.0,1.0714285714285714,0.05333333333333334
-4673656321567355733,459,0,31,4,40,2,253,0,0,5,0,0,13,1,0,431,0,0,0,0,0,2,0,0,1,0,0,0,792,114,253.0,0.15810276679841898,0.775
-4648197002837373632,687,0,17,5,111,6,210,0,0,3,0,4,3,2,0,650,0,0,0,0,0,2,0,0,15,0,9,5,1052,115,25.0,0.5285714285714286,0.15315315315315314
-4523375502732363456,18,3,7,2,10,3,60,0,0,1,0,0,3,0,0,5,0,0,1,0,0,1,0,0,6,1,0,0,105,116,24.0,0.16666666666666666,0.7
-4471155583228856558,171,0,36,5,60,5,185,0,0,2,0,0,5,0,1,129,0,0,0,0,0,2,0,2,14,1,0,1,465,117,28.0,0.32432432432432434,0.6
-4467910846133477428,11,0,2,0,5,2,51,0,0,0,0,0,10,0,0,0,0,0,0,0,0,1,0,0,0,0,0,0,71,118,0.0,0.09803921568627451,0.4
-4397005921544659447,73,0,5,0,141,0,63,0,0,1,0,0,6,1,0,58,0,0,0,0,0,1,0,0,0,1,0,0,285,119,0.0,2.238095238095238,0.03546099290780142
-4366399185271234860,418,0,18,2,281,1,196,0,0,1,0,2,11,2,0,372,0,0,0,0,0,2,0,1,15,0,0,0,919,120,27.0,1.433673469387755,0.06405693950177936
-4333526255452124651,372,0,12,2,48,2,91,0,0,2,0,0,11,0,1,353,0,0,0,0,0,1,0,0,0,0,2,0,531,121,124.0,0.5274725274725275,0.25
-4321519843941254985,265,4,14,4,235,4,229,0,0,2,0,0,3,1,0,203,0,0,2,0,1,2,0,2,26,0,0,0,757,122,16.0,1.0262008733624455,0.059574468085106386
-4300689202468780666,105,0,12,0,81,0,65,0,0,1,0,0,2,1,0,89,0,0,0,0,0,1,0,1,2,0,0,0,265,123,54.0,1.2461538461538462,0.14814814814814814
-4239063859259116483,94,0,6,3,31,3,40,0,0,1,0,1,5,2,0,66,0,0,0,0,0,2,0,0,10,0,0,0,180,124,44.0,0.775,0.1935483870967742
-4239042740920878792,119,0,6,1,16,1,67,0,0,1,0,0,2,2,0,100,0,0,0,0,0,1,0,0,3,0,0,0,213,125,47.0,0.23880597014925373,0.375
-4223453201399531403,765,0,52,7,111,6,318,0,0,3,0,2,1,1,3,730,0,0,1,0,0,2,0,0,14,0,0,0,1261,126,25.0,0.3490566037735849,0.46846846846846846
-4171777467130422453,325,0,15,3,9,3,161,0,0,1,0,1,11,1,0,304,0,0,0,0,0,2,0,0,7,1,0,1,520,127,59.0,0.055900621118012424,1.6666666666666667
-4151725809898180033,11,0,1,0,1,0,69,0,0,1,0,0,10,0,0,0,0,0,0,0,0,1,0,0,0,0,0,0,83,128,0.0,0.014492753623188406,1.0
-4131351606452516686,386,0,14,0,20,0,157,0,0,1,0,0,3,1,0,355,0,0,0,0,1,2,0,0,11,0,0,0,579,129,41.0,0.12738853503184713,0.7
-4086618434401195181,135,0,27,2,976,2,1301,0,0,2,0,20,39,3,1,35,0,1,0,0,0,7,0,0,7,0,0,0,2448,130,72.0,0.7501921598770177,0.027663934426229508
-4058975275652354016,377,0,16,0,54,0,29,0,0,1,0,0,4,2,1,349,0,0,1,0,0,2,0,0,12,0,0,0,479,131,35.0,1.8620689655172413,0.2962962962962963
-4056808781079647327,5,0,4,0,93,0,145,0,0,1,0,0,3,0,0,0,0,0,0,0,0,1,0,0,0,0,0,0,247,132,0.0,0.6413793103448275,0.043010752688172046
-3943385539704604019,183,0,6,0,15,0,61,0,0,2,0,0,5,1,0,156,0,0,0,0,0,1,0,0,0,0,0,0,267,133,0.0,0.2459016393442623,0.4
-3754890901974969501,156,0,5,0,42,1,32,0,0,1,0,0,3,1,0,133,0,0,0,0,0,2,0,0,5,0,0,0,238,134,80.0,1.3125,0.11904761904761904
-3726703148680101841,12,0,2,0,44,0,94,0,0,1,0,0,1,0,2,0,0,0,0,0,0,1,0,0,0,0,0,0,153,135,68.0,0.46808510638297873,0.045454545454545456
-3709517034804563781,537,1,14,8,143,8,154,0,0,4,1,0,6,1,0,486,0,0,0,0,0,2,0,0,3,0,0,0,867,136,117.0,0.9285714285714286,0.0979020979020979
-3686380349691304905,284,0,5,0,35,0,69,0,0,1,0,0,15,1,0,263,0,0,0,0,0,1,0,0,2,0,0,0,395,137,82.0,0.5072463768115942,0.14285714285714285
-3667187634197863206,33,0,4,0,23,0,64,0,0,1,0,0,0,1,0,22,0,0,0,0,0,1,0,1,1,0,0,0,126,138,85.0,0.359375,0.17391304347826086
-3654919271345243651,314,0,10,2,31,1,222,0,0,1,0,1,35,1,1,272,0,1,0,0,0,2,0,0,1,0,0,0,583,139,81.0,0.13963963963963963,0.3225806451612903
-3644588186450830372,191,0,0,0,0,2,1,1,0,0,0,3,28,2,0,113,0,0,0,0,0,5,0,0,7,0,0,0,197,140,174.0,0.0,
-3644005315631254155,35,0,5,1,5,1,40,0,0,1,0,0,3,0,0,24,0,0,0,0,0,1,0,0,4,0,0,0,88,141,40.0,0.125,1.0
-3599653692081963666,262,0,11,0,172,0,169,0,0,2,0,0,6,1,0,233,0,0,0,0,0,2,0,0,6,0,0,0,616,142,74.0,1.017751479289941,0.06395348837209303
-3599396249974101779,102,0,3,0,2,1,152,0,0,1,0,0,1,1,0,80,0,0,1,0,0,2,0,0,6,0,0,0,262,143,67.0,0.013157894736842105,1.5
-3549586006726838856,32,0,0,0,0,0,8,0,0,1,0,0,10,4,0,17,0,0,0,0,0,1,0,0,1,0,0,0,45,144,170.0,0.0,
-3535888076561219194,112,0,21,3,226,2,159,0,0,1,0,0,28,0,0,80,0,1,0,0,0,2,0,0,2,0,0,0,525,145,159.0,1.421383647798742,0.09292035398230089
-3515938717308036014,411,0,10,0,45,0,50,0,0,2,0,0,3,1,0,390,0,0,0,0,0,1,0,0,2,1,5,4,528,146,70.0,0.9,0.2222222222222222
-3449793347955270583,283,0,9,11,33,9,115,0,0,2,0,1,11,1,0,254,0,0,0,0,0,2,0,1,1,0,0,1,464,147,127.0,0.28695652173913044,0.2727272727272727
-3447322943989718034,28,0,1,0,2,0,80,0,0,1,0,0,10,1,0,14,0,0,0,0,0,1,0,0,3,0,0,0,113,148,24.0,0.025,0.5
-3397129148885823876,341,2,8,1,7,1,66,0,0,0,1,0,3,0,0,312,0,0,0,0,0,1,0,0,4,0,0,0,426,149,31.0,0.10606060606060606,1.1428571428571428
-3382757376026760148,599,0,25,0,20,0,160,0,0,2,0,1,7,3,0,561,0,0,1,0,0,2,0,0,11,0,1,1,810,150,37.0,0.125,1.25
-3359997052903434556,440,3,29,9,147,5,149,0,0,1,0,1,6,2,0,413,0,0,0,1,0,2,0,0,0,0,2,1,788,151,156.0,0.9865771812080537,0.19727891156462585
-3233307686976104578,291,0,6,0,9,1,57,0,0,1,0,0,5,1,0,279,0,0,0,0,0,1,0,0,1,0,0,0,366,152,142.0,0.15789473684210525,0.6666666666666666
-3215561428289952421,1314,0,30,3,17,4,306,0,0,5,0,1,13,3,0,1265,0,0,0,0,2,2,0,0,0,0,0,0,1677,153,101.0,0.05555555555555555,1.7647058823529411
-3166205630034220835,453,0,1,0,79,4,813,0,0,0,0,0,52,1,0,30,0,1,0,0,1,5,6,6,6,0,0,1,1353,154,94.0,0.0971709717097171,0.012658227848101266
-3138572035927920423,1080,0,36,4,495,4,1144,0,0,3,0,0,40,3,0,961,0,1,0,0,0,8,0,0,11,0,0,0,2768,155,133.0,0.4326923076923077,0.07272727272727272
-3082203482580036439,230,0,39,4,220,4,166,0,0,1,0,0,1,2,1,196,0,0,0,0,0,2,0,0,4,0,0,0,666,156,82.0,1.3253012048192772,0.17727272727272728
-3030139893180282185,117,6,9,0,94,0,119,0,0,2,0,1,8,1,0,102,0,0,2,0,0,1,0,0,0,0,0,0,347,157,38.0,0.7899159663865546,0.09574468085106383
-2990000139853618845,13,0,6,7,6,9,120,0,0,0,0,0,0,0,0,0,0,0,0,0,0,2,0,0,11,0,0,0,161,158,39.0,0.05,1.0
-2867421769672671895,108,0,25,0,122,0,131,0,0,1,0,0,5,1,0,78,0,0,0,0,0,2,0,0,18,0,0,0,388,159,27.0,0.9312977099236641,0.20491803278688525
-2839494538319401191,395,0,3,0,32,0,76,0,0,0,0,0,4,1,0,382,0,0,0,0,0,1,0,0,4,0,0,0,507,160,36.0,0.42105263157894735,0.09375
-2818649123152670975,99,0,10,0,83,0,64,0,0,1,0,0,1,1,0,90,0,0,0,0,0,1,0,0,1,1,0,0,259,161,170.0,1.296875,0.12048192771084337
-2811186867998375080,12,2,1,1,45,2,51,0,0,0,1,1,6,0,0,0,0,0,0,0,0,1,0,0,1,0,0,0,114,162,62.0,0.8823529411764706,0.022222222222222223
-2806275552735155020,337,0,15,0,133,1,244,0,0,0,0,1,2,1,1,304,0,0,0,0,0,2,0,0,11,0,0,0,731,163,37.0,0.5450819672131147,0.11278195488721804
-2669931094367607847,513,0,23,0,19,1,233,0,0,1,0,0,6,1,2,473,0,0,0,0,0,2,0,0,10,0,0,0,791,164,39.0,0.0815450643776824,1.2105263157894737
-2664420756988156524,15,0,2,0,63,0,50,0,0,2,0,0,13,0,0,0,0,0,0,0,0,1,0,0,0,0,0,0,131,165,0.0,1.26,0.031746031746031744
-2608824785411221806,308,0,63,1,514,2,202,0,0,4,0,0,7,2,0,270,0,0,0,0,0,2,0,0,11,3,0,0,1096,166,41.0,2.5445544554455446,0.122568093385214
-2585587656764190616,615,0,19,5,67,5,194,0,0,1,0,0,4,1,14,541,0,0,0,0,0,2,0,0,5,1,0,0,908,167,27.0,0.34536082474226804,0.2835820895522388
-2582103307382270977,163,0,15,0,45,0,58,0,0,1,0,0,6,1,0,153,0,0,0,0,0,1,0,0,1,0,0,0,283,168,143.0,0.7758620689655172,0.3333333333333333
-2573214722675026136,168,3,20,7,48,4,185,0,0,6,0,0,17,1,0,140,0,0,0,0,0,2,1,0,0,0,0,0,437,169,161.0,0.2594594594594595,0.4166666666666667
-2565766531814235293,461,7,23,1,45,2,139,0,0,1,0,0,18,1,0,415,0,0,4,0,0,2,0,0,2,0,0,0,680,170,73.0,0.3237410071942446,0.5111111111111111
-2548879864242745044,137,0,17,0,72,0,92,0,0,2,0,0,1,1,0,122,0,0,0,0,0,1,0,0,2,0,0,0,320,171,93.0,0.782608695652174,0.2361111111111111
-2520857002066657767,287,1,15,0,34,0,31,0,0,1,0,0,10,1,0,259,0,0,0,1,0,2,0,0,0,0,0,0,370,172,270.0,1.096774193548387,0.4411764705882353
-2468521909863036211,238,0,12,0,157,0,123,0,0,3,0,0,5,1,0,206,0,0,0,0,0,1,0,0,1,0,0,0,532,173,81.0,1.2764227642276422,0.07643312101910828
-2434827724090990363,391,0,35,6,99,8,247,0,0,2,0,0,3,1,0,358,0,2,0,0,0,2,0,0,1,1,0,0,791,174,238.0,0.4008097165991903,0.35353535353535354
-2434236695741534622,7,0,22,1,57,0,53,0,0,1,0,0,5,1,0,1,0,0,0,0,0,1,0,0,0,1,0,0,143,175,0.0,1.0754716981132075,0.38596491228070173
-2390592235834233319,125,0,29,0,95,1,206,0,0,1,0,1,1,2,4,93,0,0,0,0,0,2,0,0,17,1,0,0,459,176,21.0,0.46116504854368934,0.30526315789473685
-2245340384774111066,445,0,43,0,810,0,713,0,0,4,0,7,42,2,0,350,0,0,0,0,0,7,0,0,0,1,0,0,2017,177,174.0,1.1360448807854138,0.05308641975308642
-2211711296221096794,39,0,8,0,21,0,61,0,0,1,0,0,1,0,0,22,0,0,0,0,0,1,0,0,0,0,0,0,130,178,0.0,0.3442622950819672,0.38095238095238093
-2165164350228152275,250,0,6,0,4,0,148,0,0,3,0,0,8,2,0,225,0,1,0,0,0,2,0,0,7,0,0,0,414,179,65.0,0.02702702702702703,1.5
-2113276512439213972,316,0,40,3,373,3,287,0,0,8,0,0,20,1,4,279,0,0,0,0,0,2,0,0,0,0,0,0,1024,180,64.0,1.2996515679442509,0.10723860589812333
-2111608424893774516,24,0,16,1,96,1,71,0,0,1,0,0,0,0,0,18,0,0,0,0,0,1,0,0,4,0,0,0,210,181,34.0,1.352112676056338,0.16666666666666666
-2050582524506813300,10,0,1,0,16,1,49,0,0,0,0,0,9,0,0,0,0,0,0,0,0,1,0,0,0,0,0,0,77,182,0.0,0.32653061224489793,0.0625
-1998508438812506231,522,2,14,0,12,1,226,0,0,2,0,0,35,1,0,480,0,0,1,0,1,3,0,0,0,1,0,0,780,183,120.0,0.05309734513274336,1.1666666666666667
-1981605965881483916,104,0,14,0,62,1,167,0,0,1,0,0,0,1,0,56,0,0,0,0,1,2,0,0,9,0,0,0,350,184,47.0,0.3712574850299401,0.22580645161290322
-1908314556136496650,224,0,7,0,5,0,121,0,0,1,0,0,0,0,0,203,0,0,0,0,0,2,0,0,17,0,0,0,358,185,28.0,0.04132231404958678,1.4
-1833125070678384908,24,0,1,0,62,1,93,0,0,1,0,0,2,1,0,9,0,0,0,0,0,1,0,0,2,0,0,0,183,186,62.0,0.6666666666666666,0.016129032258064516
-1828203011036128607,25,0,7,4,88,5,50,0,0,1,0,1,5,1,0,3,0,0,0,0,2,1,0,0,0,1,0,0,182,187,19.0,1.76,0.07954545454545454
-1815684644179172831,402,0,16,0,11,0,155,0,0,1,0,1,11,1,0,347,0,0,0,0,1,2,0,0,2,0,0,0,586,188,100.0,0.07096774193548387,1.4545454545454546
-1798205996522052075,11,0,3,0,45,0,52,0,0,1,0,0,0,0,0,0,0,0,0,0,0,1,0,0,10,0,0,0,112,189,17.0,0.8653846153846154,0.06666666666666667
-1743315900877308097,38,0,4,0,40,1,155,0,0,0,0,0,18,1,0,15,0,0,0,0,0,2,0,0,3,0,0,0,239,190,134.0,0.25806451612903225,0.1
-1712928828441539958,321,0,9,5,379,2,161,0,0,1,0,1,5,1,0,293,0,1,0,0,0,2,0,0,16,0,0,0,880,191,30.0,2.3540372670807455,0.023746701846965697
-1701381161926765085,314,0,35,2,322,3,168,0,0,5,0,0,23,1,1,266,0,0,1,0,0,2,0,0,2,0,4,1,853,192,105.0,1.9166666666666667,0.10869565217391304
-1629749818343211908,52,0,6,0,19,0,257,0,0,1,0,0,6,2,0,33,0,1,0,0,0,2,0,0,1,0,0,0,338,193,119.0,0.07392996108949416,0.3157894736842105
-1607969564004255328,96,0,27,0,202,0,87,0,0,2,0,2,11,1,0,79,0,0,0,0,0,1,0,0,0,0,0,0,414,194,62.0,2.32183908045977,0.13366336633663367
-1593685559565675947,258,0,9,0,37,0,41,0,0,1,0,0,15,1,0,233,0,0,0,0,0,2,0,0,0,0,1,0,348,195,240.0,0.9024390243902439,0.24324324324324326
-1567335579808648995,29,0,6,0,38,0,19,0,0,1,0,0,2,0,1,0,0,0,0,0,0,1,0,0,9,0,0,0,93,196,17.0,2.0,0.15789473684210525
-1532857735454341805,29,0,20,1,65,2,196,0,0,1,0,0,3,0,0,0,0,0,0,0,0,2,0,0,5,0,0,0,313,197,74.0,0.33163265306122447,0.3076923076923077
-1492244780845815588,408,0,21,0,87,0,176,0,0,1,0,6,15,1,0,363,0,0,0,0,0,2,0,0,5,0,0,1,695,198,43.0,0.4943181818181818,0.2413793103448276
-1426793066813373419,718,12,20,0,48,0,152,0,0,4,0,0,16,2,0,659,0,0,3,0,0,2,0,0,1,0,0,1,954,199,65.0,0.3157894736842105,0.4166666666666667
-1414233270093453327,14,0,1,1,28,1,82,0,0,1,0,1,10,0,0,0,0,0,0,0,0,1,0,0,0,0,0,0,128,200,154.0,0.34146341463414637,0.03571428571428571
-1265530777266298606,108,0,7,3,50,4,81,1,0,0,0,0,50,1,0,0,0,0,1,0,0,7,0,0,23,0,0,1,256,201,82.0,0.6172839506172839,0.14
-1220869225413988791,140,0,18,0,58,0,264,0,0,2,0,0,1,1,0,119,0,0,0,0,0,2,0,1,0,0,0,0,483,202,256.0,0.2196969696969697,0.3103448275862069
-1198167147963684810,338,0,4,2,3,2,57,0,0,1,0,0,3,0,0,330,0,0,0,0,0,1,0,0,4,0,0,0,407,203,29.0,0.05263157894736842,1.3333333333333333
-1147625282695306637,108,0,4,0,2,0,82,0,0,1,0,0,5,1,0,97,0,0,0,0,0,1,0,0,1,0,0,0,198,204,111.0,0.024390243902439025,2.0
-1131670398252707324,167,4,11,0,119,0,156,0,0,1,1,0,2,2,0,133,0,0,0,0,0,2,0,1,6,0,0,0,460,205,66.0,0.7628205128205128,0.09243697478991597
-1083734884703233774,379,0,27,13,30,13,368,0,0,4,0,3,7,2,0,279,0,0,0,0,0,4,0,0,56,0,19,12,864,206,13.0,0.08152173913043478,0.9
-1083688701716948822,30,0,31,0,182,0,132,0,0,2,0,0,4,0,0,0,0,0,0,0,0,2,0,0,15,0,0,0,376,207,32.0,1.378787878787879,0.17032967032967034
-916608070633910467,69,0,2,1,45,2,44,0,0,1,0,1,8,0,0,47,0,0,0,0,0,1,0,0,0,0,0,0,164,208,90.0,1.0227272727272727,0.044444444444444446
-902302212912353907,64,0,14,0,11,0,102,0,0,2,0,0,0,1,0,46,0,0,0,0,0,1,0,0,0,1,0,0,194,209,0.0,0.10784313725490197,1.2727272727272727
-881664841252749810,414,0,39,21,122,22,177,0,0,3,0,0,0,1,0,366,0,0,0,0,0,2,0,0,3,0,0,0,796,210,124.0,0.6892655367231638,0.319672131147541
-857244109258642297,647,0,12,1,12,3,132,0,0,1,0,0,9,2,1,619,0,0,0,0,0,2,0,0,1,0,0,0,810,211,146.0,0.09090909090909091,1.0
-824057639938502141,745,0,5,0,34,2,46,0,0,3,0,11,19,1,1,690,0,0,0,0,0,1,0,0,3,0,0,0,834,212,11.0,0.7391304347826086,0.14705882352941177
-769933339748050048,166,5,25,1,126,1,168,0,0,8,0,0,5,2,1,127,0,0,0,1,1,2,0,0,7,0,0,0,502,213,49.0,0.75,0.1984126984126984
-741990055865096388,70,0,7,0,68,0,91,0,0,1,0,0,3,1,0,60,0,0,0,0,0,1,0,0,0,1,0,0,239,214,0.0,0.7472527472527473,0.10294117647058823
-727782455849430832,91,0,7,6,154,5,14,0,0,1,0,1,7,1,0,76,0,0,0,0,0,1,0,0,0,0,0,0,279,215,119.0,11.0,0.045454545454545456
-715372709422001120,534,0,6,3,10,3,119,0,0,1,0,18,23,1,0,487,0,0,0,0,0,2,0,0,1,0,0,0,677,216,24.0,0.08403361344537816,0.6
-714108589129613209,125,0,11,0,50,0,190,0,0,1,0,0,1,1,0,85,0,0,0,0,1,2,0,0,18,0,0,0,378,217,26.0,0.2631578947368421,0.22
-706509246924800073,605,0,32,2,88,2,275,0,0,7,0,2,1,1,0,561,0,0,1,0,1,2,0,1,17,0,0,1,1007,218,23.0,0.32,0.36363636363636365
-675743816116817713,116,2,8,5,5,6,178,0,0,3,0,1,7,1,0,85,0,0,0,0,0,2,0,0,4,0,0,0,324,219,90.0,0.028089887640449437,1.6
-673159509946797512,280,0,27,12,310,11,173,0,0,2,0,0,8,2,1,228,0,0,0,0,0,2,0,0,0,1,0,0,817,220,161.0,1.7919075144508672,0.08709677419354839
-653429417626779823,33,0,4,0,34,1,66,0,0,1,0,0,0,1,0,22,0,0,0,0,0,1,0,0,10,0,0,0,140,221,16.0,0.5151515151515151,0.11764705882352941
-652900301117566986,74,6,12,0,181,0,123,0,0,1,0,0,7,1,1,52,0,0,0,1,0,1,0,1,2,3,0,0,401,222,36.0,1.4715447154471544,0.06629834254143646
-553912656836909171,229,2,13,0,11,0,70,0,0,1,0,0,13,1,0,210,0,0,0,1,0,1,0,0,0,0,0,0,327,223,99.0,0.15714285714285714,1.1818181818181819
-520789415540135302,1046,0,30,1,32,1,161,0,0,1,0,0,10,1,0,1006,0,0,0,0,0,2,0,0,21,0,0,0,1273,224,24.0,0.19875776397515527,0.9375
-463404697273683255,372,0,28,3,35,1,172,0,0,4,0,0,3,1,1,292,0,0,0,0,0,10,0,0,41,1,0,0,614,225,10.0,0.20348837209302326,0.8
-448778578026980446,403,1,1,0,124,0,91,0,0,1,0,0,0,1,2,390,0,0,1,0,0,1,0,0,8,0,0,0,622,226,14.0,1.3626373626373627,0.008064516129032258
-394604378696679063,231,0,5,0,35,0,177,0,0,2,0,0,8,2,0,186,0,0,0,0,1,2,0,0,0,0,0,0,451,227,160.0,0.1977401129943503,0.14285714285714285
-355598201296085113,495,0,29,5,171,7,389,0,0,3,0,0,6,1,0,427,0,0,0,0,0,2,0,0,0,0,0,0,1098,228,322.0,0.43958868894601544,0.1695906432748538
-306103656484763942,298,0,11,1,8,2,166,0,0,1,0,1,3,1,2,267,0,0,0,0,0,2,0,0,1,0,0,0,488,229,100.0,0.04819277108433735,1.375
-292108369637018448,283,0,8,1,75,2,106,0,0,1,0,0,2,1,0,264,0,0,0,0,0,1,0,0,4,0,1,0,477,230,44.0,0.7075471698113207,0.10666666666666667
-263501977567835355,114,0,6,0,120,0,104,0,0,1,0,0,3,1,0,82,0,0,0,0,0,1,0,0,3,0,0,0,346,231,58.0,1.1538461538461537,0.05
-216042227138601657,938,0,19,1,14,1,121,0,0,4,0,0,16,1,2,906,0,0,0,0,1,2,0,0,0,0,0,0,1096,232,120.0,0.11570247933884298,1.3571428571428572
-160614725570614007,39,0,0,9,0,12,15,0,0,0,0,0,15,5,0,21,0,0,0,0,1,1,0,0,0,0,0,0,80,233,181.0,0.0,
-133885363486392444,273,0,3,0,9,0,50,1,0,2,0,0,1,2,0,257,0,0,0,0,0,1,0,0,9,0,0,0,339,234,18.0,0.18,0.3333333333333333
-36497008654095384,52,0,13,0,39,0,77,0,0,1,0,0,14,0,0,27,0,0,0,0,0,1,0,0,0,0,0,0,182,235,0.0,0.5064935064935064,0.3333333333333333
-5229453852965352,446,0,12,12,276,8,157,0,0,1,0,2,9,2,1,416,0,0,1,0,0,2,0,0,9,0,0,0,914,236,38.0,1.7579617834394905,0.043478260869565216
913689558063628,14,0,10,2,9,1,48,0,0,1,0,0,9,0,0,0,0,0,0,0,0,1,0,0,0,0,0,0,85,237,0.0,0.1875,1.1111111111111112
54246006229265996,365,0,48,2,261,1,168,0,0,1,0,0,5,2,0,333,0,0,0,0,0,2,0,1,8,1,0,1,850,238,53.0,1.5535714285714286,0.1839080459770115
87907711975807512,124,0,2,0,19,0,14,0,0,1,0,1,5,1,0,101,0,0,0,0,0,1,0,0,0,0,0,0,161,239,81.0,1.3571428571428572,0.10526315789473684
91139834327738618,87,0,3,8,16,8,66,0,0,0,0,1,4,1,1,70,0,0,0,0,0,1,0,0,0,0,0,0,189,240,100.0,0.24242424242424243,0.1875
116086167407455191,93,0,9,0,40,0,72,0,0,1,0,0,4,2,0,80,0,0,0,0,0,1,0,0,0,1,0,0,218,241,0.0,0.5555555555555556,0.225
192460101532095111,10,0,2,0,2,0,49,0,0,0,0,0,0,0,0,0,0,0,0,0,0,1,0,0,9,0,0,0,63,242,19.0,0.04081632653061224,1.0
206192548635190383,542,0,13,1,12,2,160,0,0,2,0,0,10,1,0,511,0,0,0,0,0,2,0,1,1,0,0,0,732,243,166.0,0.075,1.0833333333333333
210808434016319356,308,0,6,2,16,2,175,0,0,1,0,0,11,1,0,281,0,0,0,0,1,2,0,0,1,0,0,0,511,244,105.0,0.09142857142857143,0.375
218541060134532260,412,0,21,3,28,2,152,0,0,3,0,0,1,1,0,386,0,0,0,0,0,2,0,0,14,2,0,1,623,245,36.0,0.18421052631578946,0.75
238068817638324872,9,0,3,0,3,0,57,0,0,1,0,0,7,0,1,0,0,0,0,0,0,1,0,0,0,0,0,0,73,246,54.0,0.05263157894736842,1.0
316006156207188715,124,0,3,5,3,7,11,0,0,1,0,1,10,0,0,105,0,0,0,0,0,1,0,0,5,0,5,5,163,247,28.0,0.2727272727272727,1.0
365224865637950024,853,4,99,110,1982,66,804,0,0,5,0,0,198,4,0,510,0,0,2,0,0,5,5,0,0,0,0,0,3922,248,165.0,2.4651741293532337,0.04994954591321897
372321100548815409,428,3,13,3,59,5,273,0,0,2,0,0,6,2,0,403,0,0,0,0,0,2,1,0,4,0,3,2,793,249,81.0,0.21611721611721613,0.22033898305084745
389407828954457728,578,1,26,2,201,2,266,0,0,7,0,0,2,1,3,543,0,1,0,0,0,2,0,0,6,0,0,0,1079,250,49.0,0.7556390977443609,0.12935323383084577
426940714698341462,98,0,22,1,136,1,175,0,0,1,0,0,1,2,1,72,0,0,0,0,0,2,0,1,13,0,0,0,436,251,33.0,0.7771428571428571,0.16176470588235295
436244295715698241,201,0,18,1,89,2,351,0,0,4,0,0,11,1,0,166,0,1,0,0,0,2,0,0,10,0,0,0,668,252,48.0,0.2535612535612536,0.20224719101123595
446774864054782689,623,0,22,2,24,3,185,0,0,3,0,0,3,1,0,599,0,0,0,0,1,2,0,1,9,0,0,0,861,253,42.0,0.12972972972972974,0.9166666666666666
562685317932426940,88,0,9,0,80,0,21,0,0,2,0,0,0,1,0,73,0,0,0,0,0,1,0,0,2,0,1,1,203,254,35.0,3.8095238095238093,0.1125
574847860073792068,64,0,14,0,12,0,64,0,0,2,0,1,1,1,0,40,0,0,0,0,0,1,0,0,10,0,0,0,156,255,14.0,0.1875,1.1666666666666667
583045948511089926,373,5,21,5,152,4,166,0,0,1,0,0,13,1,0,348,0,0,0,1,0,2,0,0,1,0,0,0,728,256,157.0,0.9156626506024096,0.13815789473684212
647374596292018505,187,0,0,0,5,0,51,0,0,1,0,0,5,1,0,165,0,0,0,0,0,1,0,0,2,0,0,0,245,257,84.0,0.09803921568627451,0.0
696538663690062826,76,0,2,0,15,0,15,0,0,1,0,0,5,1,0,62,0,0,0,0,0,1,0,0,0,0,0,0,110,258,0.0,1.0,0.13333333333333333
720378829423514291,342,3,20,0,329,0,164,0,0,1,0,0,20,2,1,294,0,0,1,0,0,2,0,0,6,0,0,0,861,259,60.0,2.0060975609756095,0.060790273556231005
756217681173798836,374,0,61,5,458,4,344,0,0,5,0,28,38,3,0,260,0,0,0,0,0,5,0,0,9,0,0,0,1251,260,30.0,1.3313953488372092,0.1331877729257642
767041540694331440,286,0,23,0,227,1,188,0,0,2,0,0,13,2,0,263,0,0,0,0,0,2,0,0,3,0,0,0,728,261,135.0,1.2074468085106382,0.1013215859030837
812640005982389678,73,0,3,0,21,0,69,0,0,1,0,3,7,0,1,49,0,0,0,0,0,1,0,0,3,0,0,0,167,262,19.0,0.30434782608695654,0.14285714285714285
812997385876845119,331,0,28,0,136,1,156,0,0,1,0,0,2,1,0,319,0,0,1,0,1,1,0,1,6,1,0,0,655,263,58.0,0.8717948717948718,0.20588235294117646
822794039590682507,19,0,14,0,75,0,104,0,0,2,0,1,0,0,0,0,0,0,0,0,0,1,0,0,1,0,0,0,214,264,71.0,0.7211538461538461,0.18666666666666668
861005005666467285,18,0,4,1,72,0,78,0,0,2,0,0,0,1,0,8,0,0,0,0,0,1,0,0,9,0,0,0,176,265,10.0,0.9230769230769231,0.05555555555555555
873112501456750054,339,0,2,0,1,0,115,0,0,1,0,5,15,1,0,310,0,0,0,0,0,1,0,0,2,0,0,0,459,266,20.0,0.008695652173913044,2.0
906505079772058549,233,0,18,0,108,0,156,0,0,2,0,0,4,1,2,191,0,0,0,0,0,2,0,0,22,0,0,0,517,267,20.0,0.6923076923076923,0.16666666666666666
909401111772142256,2,3,11,0,20,0,13,0,0,1,1,0,1,0,0,0,0,0,0,0,0,1,0,0,0,0,0,0,50,268,0.0,1.5384615384615385,0.55
983785021443986165,31,1,33,4,347,11,399,0,0,4,0,0,20,0,0,0,0,0,1,0,0,6,0,0,3,1,0,0,829,269,91.0,0.8696741854636592,0.09510086455331412
1010171044159308784,713,11,26,19,27,20,308,0,0,1,2,8,44,5,0,612,0,0,2,0,2,3,2,0,0,0,0,1,1131,270,54.0,0.08766233766233766,0.9629629629629629
1033145951262685292,27,0,27,3,100,2,47,0,0,1,0,3,14,0,0,0,0,0,0,0,0,1,0,0,0,0,0,0,207,271,8.0,2.127659574468085,0.27
1102561819676702524,41,4,11,0,97,0,66,0,0,1,1,0,5,1,0,28,0,0,0,0,0,1,0,0,0,1,0,0,222,272,0.0,1.4696969696969697,0.1134020618556701
1118326834411156134,962,0,139,11,1130,9,907,0,0,5,0,1,49,2,0,803,0,0,1,0,0,10,0,0,38,0,0,0,3160,273,50.0,1.2458654906284454,0.12300884955752213
1121624023394329487,23,0,3,0,40,0,52,0,0,1,0,0,2,1,0,9,0,0,0,0,0,1,0,0,4,0,0,0,120,274,42.0,0.7692307692307693,0.075
1124591947672789577,230,0,17,4,87,2,79,0,0,1,0,1,6,0,0,201,0,0,1,0,0,1,0,0,5,1,0,0,421,275,25.0,1.1012658227848102,0.19540229885057472
1180554150881951127,71,0,0,0,19,0,13,0,0,1,0,0,3,0,0,59,0,0,0,0,0,1,0,0,0,0,0,0,104,276,0.0,1.4615384615384615,0.0
1203130414392645446,282,0,23,8,231,5,158,0,0,3,0,0,13,2,0,255,0,0,0,0,0,2,0,0,0,0,0,0,710,277,327.0,1.4620253164556962,0.09956709956709957
1234985264049484870,15,0,3,0,5,0,86,0,0,1,0,0,2,0,0,0,0,0,0,0,0,1,0,0,0,0,0,0,110,278,0.0,0.05813953488372093,0.6
1236967767795104925,67,0,13,0,43,2,66,0,0,2,0,0,1,1,0,52,0,0,0,0,0,1,0,0,0,0,0,0,193,279,0.0,0.6515151515151515,0.3023255813953488
1252999370157284458,108,0,6,0,6,0,74,0,0,1,0,0,2,1,11,83,0,0,0,0,0,1,0,0,3,0,0,0,196,280,13.0,0.08108108108108109,1.0
1335289152677493887,243,0,28,0,18,1,213,0,0,2,0,0,6,1,0,218,0,0,0,0,0,2,0,0,12,0,0,0,505,281,38.0,0.08450704225352113,1.5555555555555556
1398315912738930473,11,0,0,0,0,0,0,0,0,1,0,0,10,0,0,0,0,0,0,0,0,1,0,0,0,0,0,0,12,282,0.0,,
1439631218863115267,125,1,14,0,14,0,113,0,0,1,1,0,0,0,0,114,0,0,0,0,0,2,0,0,9,0,1,1,270,283,50.0,0.12389380530973451,1.0
1476937314701533490,126,0,13,18,23,19,185,0,0,3,0,2,37,3,0,45,0,0,1,0,1,2,0,0,0,1,0,0,388,284,80.0,0.12432432432432433,0.5652173913043478
1490480495623853270,247,1,5,0,5,0,49,0,0,1,0,0,3,1,0,234,0,0,0,0,0,1,0,0,3,0,0,0,308,285,55.0,0.10204081632653061,1.0
1501312844647271592,141,0,22,7,105,4,197,0,0,9,0,1,22,2,0,105,0,0,1,0,0,2,0,0,0,0,1,0,482,286,141.0,0.5329949238578681,0.20952380952380953
1513416223940629149,348,0,27,2,101,1,179,0,0,3,0,0,5,2,1,308,0,0,0,0,0,2,0,0,18,0,0,0,660,287,23.0,0.5642458100558659,0.26732673267326734
1548691521386604755,493,0,27,0,37,0,54,0,0,1,0,0,11,0,0,476,0,0,0,0,0,1,0,0,0,0,0,0,612,288,0.0,0.6851851851851852,0.7297297297297297
1566769287901966204,72,0,4,0,35,0,51,0,0,1,0,0,4,1,0,61,0,0,0,0,0,1,0,0,0,1,0,0,165,289,0.0,0.6862745098039216,0.11428571428571428
1700363213907088642,261,0,16,0,43,0,141,0,0,2,0,0,13,1,2,235,0,1,0,0,0,2,0,0,0,0,0,0,464,290,109.0,0.3049645390070922,0.37209302325581395
1702543779791101580,54,0,4,0,53,0,60,0,0,1,0,0,1,0,0,42,0,0,0,0,0,1,0,0,8,1,0,0,173,291,18.0,0.8833333333333333,0.07547169811320754
1783574532155790387,23,0,12,0,75,0,162,0,0,2,0,0,4,1,1,9,0,0,0,0,0,1,0,0,1,1,0,0,275,292,81.0,0.46296296296296297,0.16
1802279478658860482,161,0,6,1,78,1,78,0,0,1,0,0,1,0,0,144,0,0,0,0,0,1,0,0,7,0,0,0,326,293,24.0,1.0,0.07692307692307693
1839373212532127460,18,0,2,0,2,0,68,0,0,1,0,0,6,1,0,4,0,0,0,0,0,1,0,0,0,0,0,0,92,294,0.0,0.029411764705882353,1.0
1950835051185463034,43,0,2,6,27,7,11,0,0,0,0,0,4,1,0,32,0,0,0,0,0,1,0,0,6,0,0,0,97,295,25.0,2.4545454545454546,0.07407407407407407
2000158576938894433,129,0,1,0,2,1,48,0,0,1,0,0,0,1,0,119,0,0,0,0,0,1,0,0,9,0,0,0,183,296,18.0,0.041666666666666664,0.5
2045268389921756174,107,0,28,3,180,2,84,0,1,2,0,0,7,1,1,72,0,0,0,0,0,2,0,0,0,0,0,0,407,297,161.0,2.142857142857143,0.15555555555555556
2072511258918973627,303,3,12,1,14,3,180,0,0,1,1,3,43,1,0,239,0,0,1,1,0,3,0,0,0,0,0,0,518,298,60.0,0.07777777777777778,0.8571428571428571
2092782807049798532,262,0,3,1,3,1,123,0,0,2,0,0,3,3,1,228,0,1,0,0,0,2,0,0,0,0,0,0,399,299,228.0,0.024390243902439025,1.0
2100428963627056988,45,0,64,18,410,9,323,0,0,1,0,0,7,0,0,0,0,0,0,0,0,3,0,0,31,0,0,0,869,300,41.0,1.2693498452012384,0.15609756097560976
2127044987595639239,34,0,6,0,5,0,65,0,0,0,0,0,12,1,0,12,0,0,0,0,0,1,0,0,8,1,0,0,112,301,19.0,0.07692307692307693,1.2
2199547965675047157,656,0,50,3,67,2,194,0,0,2,0,0,3,1,0,613,0,0,0,0,0,2,0,0,29,1,0,0,976,302,17.0,0.34536082474226804,0.746268656716418
2208616795967783004,91,0,16,2,117,4,178,0,0,1,0,0,0,1,0,74,0,0,0,0,0,2,0,0,9,1,0,0,411,303,53.0,0.6573033707865169,0.13675213675213677
2256929428800420256,38,0,24,2,134,2,182,0,0,2,0,1,0,1,0,11,0,0,0,0,0,2,0,0,17,0,0,0,384,304,28.0,0.7362637362637363,0.1791044776119403
2281819065936032700,408,0,6,2,13,2,79,0,0,1,0,1,1,1,0,392,0,0,0,0,0,1,0,0,1,0,0,0,512,305,85.0,0.16455696202531644,0.46153846153846156
2327354250791835037,17,0,5,0,78,0,66,0,0,2,0,0,14,0,0,0,0,0,0,0,0,1,0,0,2,0,0,0,168,306,72.0,1.1818181818181819,0.0641025641025641
2455801617962954290,222,0,4,1,11,1,61,0,0,1,0,0,4,1,0,212,0,0,0,0,0,1,0,0,5,1,0,0,303,307,22.0,0.18032786885245902,0.36363636363636365
2495519768263301554,337,0,15,2,43,5,132,0,0,0,0,1,17,2,0,306,0,0,0,0,0,2,0,0,4,0,0,0,536,308,93.0,0.32575757575757575,0.3488372093023256
2498877082094762653,45,0,6,0,91,0,103,0,0,1,0,0,3,0,0,32,0,0,0,0,0,1,0,0,0,0,0,0,246,309,0.0,0.883495145631068,0.06593406593406594
2567249280211414216,131,0,9,3,21,4,94,0,0,1,0,1,2,1,0,114,0,1,0,0,0,1,0,0,3,0,0,0,265,310,41.0,0.22340425531914893,0.42857142857142855
2577046745435537974,18,0,2,4,5,3,98,0,0,0,0,1,3,0,1,0,0,0,0,0,0,1,0,0,0,1,0,0,131,311,31.0,0.05102040816326531,0.4
2649954135131108104,149,4,31,0,175,1,61,1,0,0,0,0,2,3,2,130,0,0,1,1,0,1,0,1,2,0,0,0,425,312,30.0,2.8688524590163933,0.17714285714285713
2784139405197028076,430,0,22,3,294,3,187,0,0,0,0,0,7,1,3,390,0,0,0,0,0,2,0,0,8,0,0,0,940,313,44.0,1.572192513368984,0.07482993197278912
2804359475529491530,42,0,6,0,159,0,59,0,0,1,0,0,1,0,0,22,0,0,0,0,0,1,0,2,5,0,0,0,267,314,21.0,2.694915254237288,0.03773584905660377
2811776590703927448,76,0,32,6,125,7,175,0,0,1,0,2,14,0,0,26,0,0,0,0,0,2,0,0,2,0,1,1,424,315,64.0,0.7142857142857143,0.256
2877234476565788954,339,0,19,2,100,2,153,0,0,1,0,0,1,2,1,320,0,0,0,0,0,2,0,0,15,1,0,0,619,316,29.0,0.6535947712418301,0.19
2908950533355411939,267,0,20,0,92,1,55,0,1,3,0,1,10,2,0,233,0,0,0,0,0,2,0,0,1,0,0,0,441,317,183.0,1.6727272727272726,0.21739130434782608
2947542333053795585,57,0,9,0,9,0,132,0,0,0,0,0,10,1,0,30,0,0,0,0,0,2,0,1,10,0,0,0,208,318,44.0,0.06818181818181818,1.0
2953436956857136833,285,0,9,0,75,1,154,0,0,3,0,0,9,1,0,267,0,0,0,0,0,2,0,0,0,0,0,0,528,319,322.0,0.487012987012987,0.12
2994713208938864372,82,3,4,0,77,0,64,0,0,1,0,0,3,1,0,67,0,0,0,0,0,1,0,0,1,2,0,0,234,320,174.0,1.203125,0.05194805194805195
3174063727892513201,603,0,1,0,8,1,35,0,0,1,0,0,3,2,1,568,0,0,0,0,0,2,0,0,4,0,0,0,650,321,89.0,0.22857142857142856,0.125
3174611853592252372,625,0,7,3,4,2,131,0,0,1,0,0,10,1,0,592,0,0,0,0,0,2,0,0,14,0,0,0,774,322,30.0,0.030534351145038167,1.75
3207941006684843164,525,1,23,7,42,7,139,0,0,3,0,0,5,1,0,492,0,1,0,0,0,2,0,0,5,0,0,0,747,323,90.0,0.302158273381295,0.5476190476190477
3360112381820195886,500,1,96,12,338,7,301,0,0,16,0,1,20,1,0,453,0,0,0,0,0,2,0,0,0,1,0,0,1258,324,163.0,1.1229235880398671,0.28402366863905326
3387165129622227533,134,0,1,0,67,0,62,0,0,1,0,0,2,1,0,123,0,0,0,0,0,1,0,0,4,1,0,0,267,325,31.0,1.0806451612903225,0.014925373134328358
3416393144615731624,168,0,6,9,66,9,25,0,0,1,0,0,3,2,0,142,0,0,0,0,0,2,0,0,5,0,0,0,286,326,83.0,2.64,0.09090909090909091
3520359907701474016,198,0,18,13,73,9,155,0,0,5,0,0,6,1,0,180,1,0,0,0,0,2,0,0,5,0,0,0,470,327,90.0,0.47096774193548385,0.2465753424657534
3535792325648304042,629,1,31,11,134,11,210,0,0,7,0,0,5,1,0,589,0,0,0,0,0,3,0,0,12,0,0,0,1028,328,31.0,0.638095238095238,0.23134328358208955
3681067785587465792,78,0,5,0,11,0,77,0,0,1,0,0,13,1,0,58,0,0,0,0,0,1,0,1,0,0,0,0,173,329,107.0,0.14285714285714285,0.45454545454545453
3684368383074509151,1516,0,53,3,30,3,261,0,0,2,0,0,3,2,0,1455,0,0,0,0,0,2,0,0,0,1,0,0,1870,330,322.0,0.11494252873563218,1.7666666666666666
3695474156926190458,337,0,11,0,131,1,180,0,0,1,0,0,5,1,0,297,0,0,0,0,1,2,0,0,20,0,0,0,662,331,24.0,0.7277777777777777,0.08396946564885496
3718988845608514682,361,0,15,0,145,1,187,0,0,2,0,0,13,1,5,331,0,0,0,0,0,2,0,0,0,0,0,0,712,332,80.0,0.7754010695187166,0.10344827586206896
3721462226182209924,142,0,8,1,128,3,190,0,0,2,0,0,0,2,0,92,0,0,0,0,1,2,0,0,14,0,3,0,478,333,30.0,0.6736842105263158,0.0625
3811170900822061289,13,0,12,0,115,0,56,0,0,2,0,0,0,1,0,1,0,0,0,0,0,1,0,0,10,0,0,0,198,334,8.0,2.0535714285714284,0.10434782608695652
3811402618130644691,294,0,4,2,7,3,183,0,0,0,0,1,13,2,0,265,0,0,0,0,0,2,0,0,12,0,0,0,495,335,34.0,0.03825136612021858,0.5714285714285714
3864881881594595490,81,0,13,1,88,1,32,0,1,1,0,0,22,2,0,41,0,0,0,0,0,2,0,0,0,0,0,0,220,336,342.0,2.75,0.14772727272727273
3865122093027396009,49,0,1,0,6,0,80,0,0,1,0,0,0,0,0,33,0,0,0,0,0,1,0,0,1,0,0,0,137,337,124.0,0.075,0.16666666666666666
3909814187036328379,13,0,4,0,111,0,56,0,0,2,0,0,0,0,0,0,0,0,0,0,0,1,0,0,7,0,0,0,185,338,23.0,1.9821428571428572,0.036036036036036036
3920831961738455883,41,0,34,1,41,2,218,0,0,3,0,0,2,1,0,6,0,0,0,0,0,2,0,0,2,0,0,0,339,339,148.0,0.18807339449541285,0.8292682926829268
3972984796780654450,157,0,10,1,42,0,73,0,0,2,0,0,0,0,0,145,0,0,0,0,0,1,0,0,10,0,0,0,284,340,17.0,0.5753424657534246,0.23809523809523808
3982375663193700170,14,0,6,4,57,4,73,0,0,1,0,0,0,0,0,0,0,0,0,0,0,1,0,0,11,0,0,0,159,341,15.0,0.7808219178082192,0.10526315789473684
3983679809001507052,173,0,3,0,43,0,16,0,0,1,0,0,0,1,2,157,0,0,0,0,0,1,0,0,0,0,0,0,237,342,89.0,2.6875,0.06976744186046512
3993594359479716225,84,2,0,2,225,4,65,0,0,1,0,0,0,1,0,56,0,0,0,0,0,1,0,0,1,0,0,0,384,343,134.0,3.4615384615384617,0.0
4044607203955427692,71,0,0,0,0,0,59,0,0,1,0,0,0,1,0,59,0,0,0,0,0,1,0,0,4,0,0,0,132,344,35.0,0.0,
4045144018612370388,81,0,4,1,38,1,49,0,0,1,0,0,1,0,0,69,0,0,0,0,0,1,0,0,8,1,0,0,176,345,14.0,0.7755102040816326,0.10526315789473684
4049774439383900568,347,0,19,0,113,0,137,0,0,1,0,0,3,1,0,318,0,0,0,0,0,2,0,0,0,0,0,0,618,346,326.0,0.8248175182481752,0.168141592920354
4066051136572938179,450,0,25,3,327,4,216,0,0,2,0,0,3,1,0,418,0,0,0,0,0,2,0,0,6,0,0,0,1027,347,72.0,1.5138888888888888,0.0764525993883792
4109598164911312315,321,0,10,0,11,0,212,0,0,1,0,0,5,1,0,287,0,0,0,0,1,2,0,0,0,0,0,0,556,348,122.0,0.05188679245283019,0.9090909090909091
4111994315750236722,141,0,3,0,90,0,76,0,0,1,0,0,6,1,1,125,0,0,0,0,0,1,0,0,2,0,0,0,312,349,48.0,1.1842105263157894,0.03333333333333333
4170757963275669285,309,0,10,0,5,0,60,0,0,1,0,0,1,1,0,293,0,0,0,0,0,1,0,0,0,1,0,0,387,350,0.0,0.08333333333333333,2.0
4208244411761643157,548,0,10,5,29,4,165,0,0,1,0,0,5,2,1,525,0,0,0,0,0,2,0,0,14,0,0,0,763,351,33.0,0.17575757575757575,0.3448275862068966
4227718166871983296,132,0,8,1,79,0,163,1,0,0,0,0,8,2,0,72,0,1,0,0,0,2,0,0,0,0,0,0,387,352,245.0,0.48466257668711654,0.10126582278481013
4260265808205288686,101,0,37,3,465,2,181,0,0,1,0,0,18,2,0,70,0,0,0,0,0,2,0,0,6,0,0,1,793,353,70.0,2.569060773480663,0.07956989247311828
4335934744780318052,649,0,19,0,17,0,161,0,0,2,0,0,5,1,0,624,0,0,0,0,0,2,0,0,13,0,0,0,848,354,37.0,0.10559006211180125,1.1176470588235294
4345595226461386824,51,0,15,0,97,0,84,0,0,1,0,0,2,1,0,36,0,0,0,0,0,1,0,0,4,0,0,0,249,355,31.0,1.1547619047619047,0.15463917525773196
4347839261497246772,105,0,9,3,24,4,30,0,0,1,0,0,7,1,0,74,0,0,0,0,0,2,0,0,0,0,1,0,178,356,245.0,0.8,0.375
4359962913659671079,88,0,17,0,9,0,61,0,0,6,0,0,2,0,3,76,0,0,0,0,0,1,0,0,0,3,0,0,184,357,42.0,0.14754098360655737,1.8888888888888888
4379296178887351382,182,0,5,0,27,0,71,0,0,1,0,0,6,1,0,156,0,0,0,0,0,1,0,0,5,0,0,0,287,358,34.0,0.38028169014084506,0.18518518518518517
4424736675178072977,837,4,21,8,41,9,132,0,0,8,0,0,5,1,2,771,0,0,1,0,0,3,0,1,4,0,0,0,1053,359,44.0,0.3106060606060606,0.5121951219512195
4472197432221675944,76,0,6,0,146,0,85,0,0,3,0,0,2,1,0,59,0,0,0,0,0,1,0,0,0,1,0,0,316,360,0.0,1.7176470588235293,0.0410958904109589
4546250833605914732,657,6,84,13,189,11,215,0,0,19,0,1,34,1,13,529,0,0,3,2,2,4,0,0,0,0,0,0,1177,361,22.0,0.8790697674418605,0.4444444444444444
4547974193428422091,397,0,4,0,340,0,84,0,0,2,0,0,6,1,0,377,0,0,0,0,0,1,0,0,5,0,0,0,827,362,32.0,4.0476190476190474,0.011764705882352941
4653408185498398674,1394,0,25,5,1194,8,254,2,0,2,0,16,605,3,0,128,0,0,47,0,24,86,12,0,0,0,0,0,2887,363,13.0,4.700787401574803,0.020938023450586266
4684438969878281426,181,0,18,6,104,4,93,0,0,4,0,0,1,1,0,162,0,0,0,0,1,1,0,0,0,0,0,0,409,364,13.0,1.118279569892473,0.17307692307692307
4718444751591731494,99,2,2,0,33,0,61,0,0,1,1,0,4,4,0,81,0,0,0,0,0,1,0,0,0,0,0,0,202,365,0.0,0.5409836065573771,0.06060606060606061
4733351984009497656,13,0,36,0,129,0,48,0,0,1,0,0,1,0,0,0,0,0,0,0,0,1,0,1,5,0,0,0,227,366,28.0,2.6875,0.27906976744186046
4751297124731241350,33,0,5,0,20,0,66,0,0,2,0,0,7,0,0,0,0,0,1,0,0,1,0,0,2,0,0,0,125,367,27.0,0.30303030303030304,0.25
4774090311080957407,213,0,15,0,69,1,239,0,0,3,0,0,6,1,0,179,0,0,1,0,0,2,0,0,7,1,0,0,540,368,59.0,0.28870292887029286,0.21739130434782608
4777448182417286330,69,0,11,0,71,0,92,0,0,1,0,0,2,1,1,54,0,0,0,0,0,1,0,0,1,1,0,0,246,369,53.0,0.7717391304347826,0.15492957746478872
4871185563805265936,95,0,36,5,51,4,49,1,1,2,0,4,2,0,0,68,0,0,0,0,0,1,0,0,5,0,0,0,243,370,16.0,1.0408163265306123,0.7058823529411765
4938142221747388521,328,0,15,0,46,1,173,0,0,2,0,2,3,1,1,276,0,0,0,0,0,2,0,1,4,0,0,0,565,371,53.0,0.2658959537572254,0.32608695652173914
4980849668876957881,235,0,11,0,11,1,157,0,0,1,0,0,6,1,0,203,0,0,0,0,0,2,0,0,0,1,0,0,418,372,322.0,0.07006369426751592,1.0
5065007706232005858,693,5,18,0,101,0,260,0,0,4,0,0,14,2,0,663,0,0,1,1,0,2,0,0,2,0,0,0,1080,373,95.0,0.38846153846153847,0.1782178217821782
5070154865842830691,97,0,6,2,25,2,58,0,0,0,0,0,2,1,0,89,0,0,0,0,0,1,0,0,3,0,0,0,191,374,46.0,0.43103448275862066,0.24
5151868838377420665,234,0,21,7,52,4,118,0,0,1,0,0,3,1,0,201,0,0,0,0,0,2,0,0,17,0,1,0,439,375,26.0,0.4406779661016949,0.40384615384615385
5173156748003488960,11,0,2,0,6,0,30,1,0,1,0,0,1,2,0,0,0,0,0,0,0,1,0,0,9,0,0,0,53,376,14.0,0.2,0.3333333333333333
5279524327580582739,329,0,15,10,46,7,166,0,0,1,0,22,26,0,0,266,0,0,0,0,0,2,0,0,3,0,1,0,575,377,18.0,0.27710843373493976,0.32608695652173914
5298694172511125916,434,0,30,2,276,3,156,0,0,1,0,0,6,0,0,402,0,0,0,0,0,2,0,3,12,2,0,0,904,378,31.0,1.7692307692307692,0.10869565217391304
5299373065333502110,278,0,11,1,233,0,102,0,0,1,0,0,1,1,0,256,0,0,0,0,0,1,0,0,0,0,0,0,627,379,0.0,2.284313725490196,0.04721030042918455
5303118846705404083,103,0,2,0,17,0,55,0,0,1,0,0,0,1,0,87,0,0,0,0,0,1,0,0,0,0,0,0,179,380,0.0,0.3090909090909091,0.11764705882352941
5355057424460226742,12,4,9,0,126,0,132,0,0,1,1,0,5,0,0,0,0,0,0,1,0,1,0,0,2,0,0,0,284,381,55.0,0.9545454545454546,0.07142857142857142
5411861034638094216,87,0,21,5,72,6,186,0,0,1,0,0,0,1,0,62,0,0,0,0,0,2,0,0,13,1,0,0,380,382,37.0,0.3870967741935484,0.2916666666666667
5412248148010927737,11,0,6,2,49,3,50,0,0,1,0,0,5,0,0,0,0,0,0,0,0,1,0,0,3,0,0,0,122,383,47.0,0.98,0.12244897959183673
5494283785949956805,6,0,1,0,1,0,48,0,0,1,0,0,4,0,0,0,0,0,0,0,0,1,0,0,1,0,0,0,57,384,77.0,0.020833333333333332,1.0
5495297224910883012,608,0,7,5,139,4,203,0,0,5,0,0,6,1,0,583,0,0,0,0,0,2,0,0,13,1,0,0,969,385,36.0,0.6847290640394089,0.050359712230215826
5512782723195472506,265,0,15,0,13,2,148,0,0,1,0,0,0,1,0,243,0,0,0,0,0,2,0,0,12,0,15,10,470,386,41.0,0.08783783783783784,1.1538461538461537
5668984710974196666,354,0,14,2,36,2,161,0,0,2,0,0,3,1,0,313,0,0,0,0,0,2,0,2,1,0,0,0,571,387,81.0,0.2236024844720497,0.3888888888888889
5681898667488262224,9,0,2,2,48,2,134,0,0,1,0,0,0,0,0,0,0,0,0,0,0,1,0,0,8,0,0,0,198,388,18.0,0.3582089552238806,0.041666666666666664
5715288135627234375,117,1,20,2,150,1,146,0,0,1,0,0,15,3,0,75,0,0,0,1,0,2,0,0,13,0,0,0,441,389,36.0,1.0273972602739727,0.13333333333333333
5724977969757302738,527,0,66,26,1835,21,657,0,0,6,0,8,34,3,11,394,0,0,0,0,0,7,0,2,23,0,0,1,3139,390,49.0,2.792998477929985,0.03596730245231607
5790293659334895208,258,0,60,5,412,4,241,0,0,6,0,0,10,1,2,229,0,0,0,0,0,2,0,0,8,1,0,0,983,391,43.0,1.7095435684647302,0.14563106796116504
5810470013625410243,288,0,6,3,8,5,78,0,0,1,0,0,4,2,1,269,0,0,0,0,0,1,0,0,3,0,0,0,391,392,35.0,0.10256410256410256,0.75
5836010493811606575,23,0,24,9,138,8,130,0,0,3,0,0,8,1,0,0,0,0,0,0,0,2,0,0,6,0,0,0,335,393,65.0,1.0615384615384615,0.17391304347826086
5927107407442585935,94,0,11,8,166,6,140,0,0,1,0,2,13,1,0,67,0,0,0,0,0,2,0,0,6,0,0,0,427,394,51.0,1.1857142857142857,0.06626506024096386
5995077952900355198,142,0,13,0,112,1,161,0,0,1,0,0,5,0,0,122,0,0,0,0,0,2,0,0,3,0,0,0,430,395,130.0,0.6956521739130435,0.11607142857142858
6012648868035417765,84,0,7,0,54,0,123,1,1,1,0,0,25,1,0,53,0,0,0,0,0,2,0,0,0,1,0,0,273,396,322.0,0.43902439024390244,0.12962962962962962
6015572985328845695,103,0,10,0,12,0,84,0,0,1,0,3,7,1,0,76,0,0,0,0,0,1,0,0,3,0,0,0,211,397,22.0,0.14285714285714285,0.8333333333333334
6113879643722760516,348,0,4,0,2,0,74,0,0,2,0,0,5,1,0,316,0,0,0,0,1,1,0,0,0,0,0,0,430,398,22.0,0.02702702702702703,2.0
6175671293999255562,212,0,18,0,12,0,72,0,0,1,0,1,3,1,0,195,0,0,0,0,0,1,0,0,6,0,0,0,316,399,19.0,0.16666666666666666,1.5
6175728041234636592,142,0,10,2,8,1,82,0,0,2,0,0,3,1,0,125,0,0,0,0,0,1,0,0,0,1,0,0,248,400,0.0,0.0975609756097561,1.25
6303294835173034710,530,1,15,0,20,1,155,0,0,4,1,3,14,2,3,473,0,0,0,0,0,2,0,1,2,0,0,0,726,401,49.0,0.12903225806451613,0.75
6345221810974615929,14,0,4,0,8,1,81,0,0,0,0,0,3,1,0,6,0,0,0,0,0,1,0,0,0,0,0,0,109,402,0.0,0.09876543209876543,0.5
6346305193913568272,492,0,12,0,38,1,166,0,0,1,0,0,16,1,0,459,0,0,0,0,1,2,0,1,3,1,0,0,712,403,81.0,0.2289156626506024,0.3157894736842105
6439641521079451118,103,0,28,1,835,1,62,0,0,1,0,1,2,0,0,92,0,0,0,0,0,1,0,0,7,2,0,0,1033,404,22.0,13.46774193548387,0.033532934131736525
6451836104534287601,20,0,13,5,10,4,85,0,0,1,0,0,10,0,0,0,0,0,0,0,0,1,0,0,1,1,0,0,139,405,86.0,0.11764705882352941,1.3
6545825318439594521,222,0,24,0,51,0,117,0,0,0,0,0,0,1,0,205,0,0,0,0,0,1,0,0,0,0,0,0,415,406,0.0,0.4358974358974359,0.47058823529411764
6606044001531046406,182,0,6,0,5,0,100,0,0,3,0,0,1,1,0,164,0,0,0,0,0,1,0,2,4,0,0,0,295,407,27.0,0.05,1.2
6752918154289377631,139,0,0,0,1,0,47,0,0,1,0,0,0,1,0,126,0,0,0,0,0,1,0,0,7,0,0,0,189,408,19.0,0.02127659574468085,0.0
6852512077321405405,32,0,6,0,99,0,84,0,0,1,0,1,7,1,0,16,0,0,0,0,0,1,0,1,1,0,0,0,223,409,40.0,1.1785714285714286,0.06060606060606061
6858070637958248090,250,0,9,1,14,2,137,0,0,1,0,0,8,1,0,236,0,1,0,0,0,2,0,0,2,0,0,0,416,410,107.0,0.10218978102189781,0.6428571428571429
6941363204039628360,310,0,28,6,165,3,130,0,0,2,0,0,6,1,0,269,0,0,0,0,0,2,0,0,14,0,0,0,645,411,34.0,1.2692307692307692,0.1696969696969697
7005067648482870334,306,0,10,8,179,5,178,0,0,1,0,0,7,1,3,278,0,0,0,0,0,3,0,0,5,1,0,1,690,412,52.0,1.0056179775280898,0.055865921787709494
7005239913958419075,89,0,0,4,4,4,41,1,0,1,0,0,5,3,0,66,0,0,0,0,0,1,0,0,0,0,0,0,147,413,0.0,0.0975609756097561,0.0
7010138933975392132,103,0,14,0,14,0,73,0,0,1,0,0,6,1,0,76,0,0,0,0,0,1,0,0,0,1,0,0,207,414,0.0,0.1917808219178082,1.0
7019658148750582991,169,1,1,0,182,0,67,0,0,1,0,0,6,1,0,159,0,0,1,0,0,1,0,0,3,0,0,0,422,415,30.0,2.716417910447761,0.005494505494505495
7034768500200753709,62,0,5,0,64,1,298,0,0,0,0,0,9,2,1,40,0,0,0,0,0,2,0,0,0,0,0,0,432,416,84.0,0.21476510067114093,0.078125
7044829422151759076,114,4,11,0,67,1,121,0,0,1,0,0,12,2,1,78,0,0,0,1,0,2,0,0,2,0,0,0,321,417,97.0,0.5537190082644629,0.16417910447761194
7065042204224375942,96,2,2,0,13,0,59,0,0,1,1,2,6,1,0,81,0,0,0,0,0,1,0,0,4,0,0,0,174,418,24.0,0.22033898305084745,0.15384615384615385
7102471375041772471,175,0,9,0,8,0,85,0,0,1,0,0,1,1,1,167,0,0,0,0,0,1,0,0,5,2,0,0,281,419,30.0,0.09411764705882353,1.125
7110935350917098851,257,0,23,2,17,4,204,0,0,5,0,1,8,1,2,219,0,0,0,0,1,2,0,0,5,1,0,0,510,420,51.0,0.08333333333333333,1.3529411764705883
7158028388622279498,116,0,26,2,93,1,180,0,0,1,0,1,0,1,1,98,0,0,0,0,0,2,0,0,8,0,0,0,420,421,45.0,0.5166666666666667,0.27956989247311825
7167167493162437575,3191,2,99,92,1136,52,384,0,0,20,1,9,34,1,57,2938,0,0,6,0,5,2,3,0,1,0,0,0,4958,422,11.0,2.9583333333333335,0.08714788732394366
7174213163992505686,173,0,26,1,17,2,250,0,0,2,0,1,1,1,2,136,0,1,1,0,1,2,0,0,8,1,4,2,479,423,38.0,0.068,1.5294117647058822
7192038435708198144,27,0,11,0,46,1,138,0,0,2,0,0,5,0,0,8,0,0,0,0,0,2,0,0,8,3,0,0,228,424,57.0,0.3333333333333333,0.2391304347826087
7285762881743548185,232,0,25,0,41,0,126,0,0,1,0,1,7,1,0,208,0,0,0,0,0,2,0,0,11,0,0,0,426,425,37.0,0.3253968253968254,0.6097560975609756
7306837502833694780,121,0,6,0,22,0,30,0,0,1,0,3,4,0,0,87,0,0,0,0,0,2,0,0,17,0,0,0,180,426,24.0,0.7333333333333333,0.2727272727272727
7315101248719929236,78,0,5,0,13,0,88,0,0,3,0,0,1,1,0,69,0,0,0,0,0,1,0,0,5,0,0,0,186,427,36.0,0.14772727272727273,0.38461538461538464
7344325928652024530,300,0,14,1,71,1,76,0,0,2,0,0,1,1,0,283,0,0,0,0,0,1,0,0,0,1,0,0,466,428,0.0,0.9342105263157895,0.19718309859154928
7351007993337171702,23,0,0,0,0,0,0,0,0,1,0,0,9,1,0,0,0,0,0,0,0,1,0,0,1,0,0,0,25,429,174.0,,
7390039870582750244,320,0,15,1,256,2,135,0,0,1,0,3,19,2,0,262,0,0,0,0,1,2,0,0,0,0,0,0,732,430,100.0,1.8962962962962964,0.05859375
7394132843793204005,1732,7,67,69,837,40,654,0,0,2,0,5,206,2,0,1031,0,0,3,1,4,5,6,0,0,0,0,0,3410,431,100.0,1.2798165137614679,0.08004778972520908
7413676023287117979,17,0,0,0,25,0,13,0,0,1,0,0,3,1,0,9,0,0,0,0,0,1,0,0,3,0,0,0,56,432,34.0,1.9230769230769231,0.0
7447645378313784940,820,0,21,9,23,8,103,0,0,2,0,0,6,1,0,798,0,0,0,0,1,1,0,0,5,2,0,0,988,433,27.0,0.22330097087378642,0.9130434782608695
7465473465951161265,109,3,8,0,162,0,138,0,0,4,0,0,2,0,0,88,0,0,0,1,0,1,0,0,2,1,0,0,422,434,57.0,1.173913043478261,0.04938271604938271
7502412060141725831,238,0,15,0,15,1,104,0,0,1,0,0,0,0,0,219,0,0,0,0,0,2,0,0,13,0,0,0,374,435,36.0,0.14423076923076922,1.0
7505878156707506794,312,0,18,1,131,2,179,0,0,2,0,2,10,1,2,283,0,0,0,0,0,2,0,0,2,0,0,1,646,436,63.0,0.7318435754189944,0.13740458015267176
7529975547826896277,13,2,13,0,56,0,17,0,0,1,0,0,6,0,0,0,0,0,0,0,0,1,0,0,0,0,0,0,102,437,0.0,3.2941176470588234,0.23214285714285715
7552384522464811790,355,0,11,0,28,1,280,0,0,1,0,0,0,1,0,335,0,0,0,0,0,2,0,0,16,0,0,0,677,438,32.0,0.1,0.39285714285714285
7748104635968797120,16,0,10,6,80,4,61,0,0,1,0,1,3,1,1,0,0,0,1,0,0,1,0,0,5,0,0,0,179,439,22.0,1.3114754098360655,0.125
7762078163930980680,347,0,27,2,127,1,409,0,0,1,0,10,2,3,0,283,0,0,0,0,0,2,0,3,29,0,0,0,917,440,10.0,0.3105134474327628,0.2125984251968504
7776124028308343986,210,0,15,7,206,5,274,0,0,3,0,0,2,1,0,183,0,0,0,0,0,3,0,0,18,0,0,0,721,441,27.0,0.7518248175182481,0.07281553398058252
7777573772381328919,20,0,1,0,1,0,88,0,0,1,0,0,12,0,0,0,0,0,0,0,0,1,0,0,4,0,0,0,111,442,35.0,0.011363636363636364,1.0
7838820543470284194,416,0,12,3,40,2,109,0,1,1,0,1,4,2,0,376,0,0,0,0,3,2,0,0,0,0,0,1,587,443,93.0,0.3669724770642202,0.3
7865573761258842561,25,0,3,0,59,1,40,0,0,2,0,2,2,0,1,0,0,0,0,0,0,1,0,0,12,0,0,0,128,444,9.0,1.475,0.05084745762711865
7882847920407305523,71,0,9,0,74,0,68,0,0,1,0,0,2,0,0,57,0,0,0,0,0,1,0,0,7,1,0,0,224,445,22.0,1.088235294117647,0.12162162162162163
7907203168844625301,176,0,6,0,152,0,86,0,0,1,0,0,7,1,0,156,0,0,0,0,0,1,0,0,0,0,0,0,422,446,0.0,1.7674418604651163,0.039473684210526314
7911936358590146982,160,0,41,2,453,1,229,0,0,2,0,0,4,1,0,131,0,0,0,0,0,2,0,0,11,0,0,0,889,447,39.0,1.9781659388646289,0.09050772626931568
7946788655783662869,56,0,12,0,40,0,35,0,0,0,0,1,18,2,0,32,0,0,0,0,0,1,0,0,3,0,0,0,145,448,32.0,1.1428571428571428,0.3
7958844842927530097,28,0,0,0,33,0,78,0,0,1,0,0,4,0,0,19,0,0,0,0,0,1,0,0,2,0,0,0,140,449,87.0,0.4230769230769231,0.0
7987515197186318084,132,0,5,0,25,1,46,0,0,2,0,0,0,1,0,116,0,0,0,0,0,1,0,0,0,1,0,0,212,450,0.0,0.5434782608695652,0.2
8019858374913181976,45,0,9,1,59,1,58,0,0,2,0,0,4,1,0,28,0,0,0,0,0,2,0,0,1,1,0,0,176,451,62.0,1.0172413793103448,0.15254237288135594
8041896425135475586,594,0,12,2,22,1,128,0,0,2,0,0,10,3,2,550,0,1,0,0,0,2,0,0,5,0,0,1,765,452,66.0,0.171875,0.5454545454545454
8051948956042735819,98,0,13,0,34,0,36,0,0,2,0,0,0,0,0,89,0,0,0,0,1,1,0,0,2,0,0,0,182,453,47.0,0.9444444444444444,0.38235294117647056
8099215117693226331,349,0,44,0,220,1,254,0,0,5,0,0,3,1,2,325,0,0,0,0,0,2,0,0,6,0,0,0,871,454,55.0,0.8661417322834646,0.2
8109364120972142764,81,0,0,0,5,0,35,0,0,1,0,0,2,1,0,66,0,0,0,0,0,1,0,0,5,0,0,0,123,455,34.0,0.14285714285714285,0.0
8124989567525309333,62,0,3,0,7,0,91,0,0,1,0,0,2,1,0,56,0,0,0,0,0,1,0,0,3,1,0,0,166,456,46.0,0.07692307692307693,0.42857142857142855
8136046494288219229,11,0,2,0,2,0,70,0,0,1,0,0,3,0,0,0,0,0,0,0,0,1,0,0,3,0,0,0,86,457,54.0,0.02857142857142857,1.0
8154349318294152986,353,0,13,0,295,2,60,0,0,1,0,0,1,1,0,336,0,0,0,0,0,1,0,0,6,1,0,0,725,458,20.0,4.916666666666667,0.04406779661016949
8189055480297332023,107,0,4,0,67,1,62,0,0,1,0,0,5,2,0,89,0,0,0,0,0,1,0,1,2,0,0,0,244,459,56.0,1.0806451612903225,0.05970149253731343
8228431159040875821,18,0,10,0,9,0,164,0,0,1,0,0,1,0,0,0,0,0,0,0,0,1,0,0,4,0,0,0,202,460,42.0,0.054878048780487805,1.1111111111111112
8255553973774541914,123,0,25,15,19,14,121,0,0,3,0,0,24,1,0,89,0,1,0,0,0,2,0,0,0,0,2,0,322,461,245.0,0.15702479338842976,1.3157894736842106
8282993255750872157,76,0,18,0,196,0,209,0,0,4,0,0,7,2,0,14,0,0,0,0,0,2,0,0,1,0,11,6,519,462,274.0,0.937799043062201,0.09183673469387756
8313153514098399553,34,0,3,0,3,0,84,0,0,1,0,0,0,1,0,17,0,0,0,0,0,1,0,0,4,1,0,0,127,463,37.0,0.03571428571428571,1.0
8362588987826864278,17,0,43,4,68,4,156,0,0,2,0,0,13,0,0,0,0,0,0,0,0,2,0,0,0,1,0,0,293,464,326.0,0.4358974358974359,0.6323529411764706
8362822842137226453,131,0,1,0,23,0,56,0,0,1,0,1,6,0,0,114,0,0,0,0,0,1,0,1,6,0,0,0,212,465,15.0,0.4107142857142857,0.043478260869565216
8367186308979039211,327,0,6,0,24,0,99,0,0,2,0,0,10,1,0,316,0,0,0,0,0,1,0,0,0,0,2,1,462,466,0.0,0.24242424242424243,0.25
8393626231160866952,102,0,6,0,16,0,89,0,0,1,0,0,2,1,0,88,0,0,0,0,0,1,0,0,3,0,0,0,215,467,57.0,0.1797752808988764,0.375
8428542150139241038,376,0,11,2,61,3,150,0,0,0,0,0,13,2,0,351,0,0,0,0,1,2,0,0,5,0,0,0,605,468,68.0,0.4066666666666667,0.18032786885245902
8465193589079506074,122,0,5,2,3,7,43,0,0,0,0,0,2,1,0,111,0,0,1,0,0,1,0,0,1,1,0,0,184,469,20.0,0.06976744186046512,1.6666666666666667
8495604710625908647,28,4,28,1,114,2,160,0,0,3,0,0,0,0,0,0,0,0,0,1,0,2,0,0,17,0,0,0,340,470,27.0,0.7125,0.24561403508771928
8525792891267786286,391,0,22,2,14,2,165,0,0,1,0,0,2,2,0,369,0,0,1,0,0,2,0,0,17,0,0,0,599,471,28.0,0.08484848484848485,1.5714285714285714
8542630720749341232,304,0,9,0,21,1,112,0,0,3,0,0,4,1,0,281,0,0,0,0,1,1,0,0,2,0,0,0,449,472,56.0,0.1875,0.42857142857142855
8552709732253011037,131,8,11,8,43,7,178,0,0,1,5,0,0,1,0,123,0,0,1,0,0,2,0,0,6,0,0,0,388,473,62.0,0.24157303370786518,0.2558139534883721
8556967441841245157,81,0,0,0,0,0,56,0,0,1,0,0,0,1,0,67,0,0,0,0,0,1,0,0,13,0,0,0,139,474,13.0,0.0,
8581329735647389323,16,3,4,0,139,0,135,0,0,1,0,0,0,0,0,0,0,0,0,1,0,1,0,0,7,0,0,0,298,475,21.0,1.0296296296296297,0.02877697841726619
8595496937001893912,424,0,22,6,18,6,134,0,0,2,0,0,4,1,0,373,0,0,0,0,0,2,0,0,4,0,0,0,612,476,98.0,0.13432835820895522,1.2222222222222223
8607350004005645766,80,0,0,25,22,18,50,0,0,0,0,0,5,0,2,62,0,0,0,0,0,3,0,0,0,0,0,0,195,477,25.0,0.44,0.0
8693942997750974773,167,0,6,0,7,1,160,0,1,1,0,0,10,1,0,154,0,0,1,0,1,1,0,0,0,0,0,0,344,478,159.0,0.04375,0.8571428571428571
8717613412249186994,17,0,10,0,80,1,50,0,0,1,0,0,12,0,0,0,0,0,0,0,0,1,0,0,0,0,0,0,159,479,0.0,1.6,0.125
8726958445723200346,199,0,12,0,6,0,73,0,0,3,0,0,0,2,1,179,0,0,0,0,0,1,0,0,13,0,0,0,293,480,12.0,0.0821917808219178,2.0
8752138181313468235,111,0,0,1,1,1,76,0,0,2,0,0,4,1,0,100,0,0,0,0,0,1,0,0,1,0,0,0,192,481,142.0,0.013157894736842105,0.0
8761607066706873912,62,0,32,0,127,0,339,0,0,3,0,0,2,2,0,48,0,0,0,0,0,2,0,0,6,1,0,0,564,482,46.0,0.3746312684365782,0.25196850393700787
8767090778876753670,636,0,22,0,73,0,117,0,0,1,0,2,4,1,0,607,0,0,1,0,1,1,0,0,2,1,0,0,851,483,21.0,0.6239316239316239,0.3013698630136986
8776107524418592820,50,0,16,0,55,1,171,0,0,2,0,0,1,0,1,26,0,0,0,0,0,1,0,0,8,1,0,0,295,484,20.0,0.3216374269005848,0.2909090909090909
8791266081596480966,165,0,19,4,9,4,66,0,0,1,0,0,12,1,0,126,0,0,2,0,0,1,0,0,0,0,0,0,269,485,6.0,0.13636363636363635,2.111111111111111
8948274627592536398,91,0,0,0,9,0,80,0,0,1,0,0,3,1,0,75,0,0,0,0,0,1,0,0,8,0,0,0,182,486,19.0,0.1125,0.0
8964702336386277962,530,4,41,0,316,0,250,0,0,6,0,3,2,0,2,462,0,1,1,2,4,2,0,1,2,1,0,0,1144,487,31.0,1.264,0.12974683544303797
9018043289713112309,424,0,14,0,57,1,138,0,0,1,0,0,15,1,0,379,0,0,1,0,0,2,0,0,2,0,0,0,636,488,121.0,0.41304347826086957,0.24561403508771928
9018317713753050783,10,0,3,0,10,0,35,0,0,1,0,0,2,0,0,0,0,0,0,0,0,1,0,0,7,1,0,0,60,489,24.0,0.2857142857142857,0.3
9041972099345834633,15,0,5,0,15,0,54,0,0,1,0,0,1,0,0,0,0,0,0,0,0,1,0,0,7,1,0,0,91,490,13.0,0.2777777777777778,0.3333333333333333
9048615060669355356,591,0,8,14,86,12,330,0,0,2,0,0,8,1,0,540,0,0,0,0,0,2,0,0,18,0,0,0,1043,491,28.0,0.2606060606060606,0.09302325581395349
9063800089878222720,91,0,8,7,72,4,125,0,0,1,0,0,0,1,0,67,0,0,0,0,1,1,0,0,3,1,0,0,310,492,34.0,0.576,0.1111111111111111
