CUSTOMER_KEY,year,month,LOB_SEAHAWKS,LOB_FGI,email_click,email_incoming_from_customer,email_open,email_outgoing_to_customer,email_send,email_sub,email_unsub,form_submission,forward_received,forward_send,initial_creation,merch_purchase,page_view,phonecall_incoming_from_customer,phonecall_outgoing_to_customer,primary_purchase_club,primary_purchase_ga,primary_purchase_single,primary_purchase_suite,secondary_purchase,secondary_sale,survey_submission,text_incoming_from_customer,text_outgoing_to_customer,Totals,CAMPAIGN_LOST,ID,percent_open,percent_click,AVG_TIME_DAYS_purchase
-9042636493948470000,165696,594,2,0,0,0,15,0,64,0,0,0,2,0,1,0,0,0,0,0,0,0,0,0,0,0,0,0,82,BP to STH,82,0.234375,0.0,0
-9039277127145240000,151581,573,7,2,0,0,25,0,40,0,0,0,0,0,1,0,3,0,0,1,0,1,0,0,0,0,0,0,75,STNL to BP,86,0.625,0.0,1642
-8996271829069540000,58665,206,23,2,1,0,1,0,2,0,0,0,0,1,0,0,22,0,0,1,1,0,0,0,0,0,0,0,29,STNL to BP,105,0.5,1.0,197
-8884808814381310000,90956,352,2,0,1,0,9,0,33,0,0,0,1,0,0,1,0,0,0,0,0,0,0,0,0,0,0,0,45,STNL to BP,166,0.2727272727272727,0.1111111111111111,817
-8871864083560840000,62699,208,3,0,0,0,1,0,27,0,0,0,2,0,0,0,0,0,0,0,0,0,0,1,0,0,0,0,31,STNL to BP,176,0.037037037037037035,0.0,920
-8793425143468170000,20225,83,7,0,0,0,0,0,3,0,0,0,5,0,0,0,2,0,0,0,0,0,0,0,0,0,0,0,10,BP to STH,225,0.0,,161
-8792430926245250000,159689,652,2,0,0,0,3,0,74,0,0,0,0,0,0,1,0,0,0,1,0,0,0,0,0,0,0,0,79,BP to STH,226,0.04054054054054054,0.0,1192
-8790783138282960000,155609,576,6,0,0,0,13,0,58,0,0,0,2,0,0,0,0,0,0,0,0,0,0,0,0,0,0,0,77,BP to STH,228,0.22413793103448276,0.0,70
-8727439453942030000,145527,585,3,1,0,0,3,0,65,0,0,0,1,1,0,0,0,0,0,0,0,1,0,0,0,0,0,0,72,STNL to BP,264,0.046153846153846156,0.0,406
-8637511519674230000,22242,79,5,0,1,0,4,1,0,0,0,1,3,0,0,0,0,0,0,0,0,0,0,0,0,0,0,0,11,STNL to BP,316,inf,0.25,0
-8518159134819470000,94983,389,5,0,0,0,13,0,29,0,0,0,3,0,0,0,0,0,0,0,0,0,0,0,0,0,0,0,47,STNL to BP,366,0.4482758620689655,0.0,182
-8496666001637960000,339438,1311,10,0,4,0,25,1,127,0,0,0,0,0,0,0,5,0,0,0,0,0,0,0,4,0,0,1,168,STNL to BP,381,0.1968503937007874,0.16,713
-8488631334579710000,14155,72,6,0,0,0,0,0,0,0,0,0,3,0,1,0,2,0,0,0,0,0,0,0,0,0,0,0,7,STNL to BP,391,,,1087
-8390908053708580000,208128,821,12,0,0,0,37,0,52,1,0,0,0,0,1,0,10,0,0,0,0,0,0,2,0,0,0,0,103,STNL to BP,435,0.7115384615384616,0.0,287
-8388548147625030000,523512,2053,51,0,9,0,40,0,157,0,0,0,0,1,1,0,46,0,0,0,0,0,0,0,2,0,0,1,259,BP to STH,437,0.25477707006369427,0.225,1344
-8309930230271000000,297183,1204,57,0,2,0,27,0,61,0,0,0,4,4,0,2,44,0,0,0,0,0,0,0,0,0,0,0,147,STNL to BP,476,0.4426229508196721,0.07407407407407407,289
-8276288557332780000,42430,181,2,0,0,0,7,0,10,1,0,0,0,0,1,2,0,0,0,0,0,0,0,0,0,0,0,0,21,STNL to BP,487,0.7,0.0,1425
-8263513273979840000,76807,298,5,0,1,0,4,0,27,0,0,0,2,0,1,0,0,0,0,0,0,0,0,0,0,0,0,0,38,STNL to BP,489,0.14814814814814814,0.25,267
-8259413043945900000,177782,690,2,0,0,0,17,0,66,0,0,0,0,0,3,2,0,0,0,0,0,0,0,0,0,0,0,0,88,STNL to BP,491,0.25757575757575757,0.0,656
-8181289636090670000,177886,686,24,0,4,0,28,0,31,0,0,0,2,0,1,0,20,0,0,0,0,0,0,1,0,0,0,0,88,BP to STH,535,0.9032258064516129,0.14285714285714285,870
-8153194949980950000,175889,652,6,0,0,0,6,0,75,0,0,0,4,1,0,0,0,0,0,0,0,0,0,0,0,0,0,0,87,BP to STH,547,0.08,0.0,253
-8129502917787390000,78819,260,3,0,0,0,0,0,35,0,0,0,1,0,1,0,0,0,0,0,0,0,0,1,0,0,0,0,39,STNL to BP,560,0.0,,380
-8119756829850890000,181939,760,8,0,2,1,31,0,48,0,0,0,3,0,0,0,0,0,0,0,0,0,0,0,1,0,0,0,90,BP to STH,563,0.6458333333333334,0.06451612903225806,25
-8061130536551660000,957962,3776,85,0,7,3,184,0,195,0,0,0,0,1,0,2,71,0,0,0,0,0,0,0,0,0,0,0,474,STNL to BP,593,0.9435897435897436,0.03804347826086957,1421
-8038412065825310000,94984,361,3,0,0,0,13,0,30,0,0,0,2,0,1,0,0,0,0,0,0,0,0,1,0,0,0,0,47,STNL to BP,608,0.43333333333333335,0.0,878
-8007026357425250000,90945,341,2,0,0,0,8,0,35,0,0,0,2,0,0,0,0,0,0,0,0,0,0,0,0,0,0,0,45,STNL to BP,621,0.22857142857142856,0.0,105
-8001445683255190000,93003,389,6,0,1,0,16,0,22,0,0,0,1,0,1,2,0,0,0,0,0,0,0,2,0,0,0,0,46,STNL to BP,623,0.7272727272727273,0.0625,450
-7999683792011150000,99013,380,7,0,1,0,10,0,29,1,0,0,0,0,1,1,0,0,0,0,0,0,0,2,0,0,0,0,49,STNL to BP,625,0.3448275862068966,0.1,574
-7957659082598930000,622428,2205,17,0,15,4,137,7,128,0,0,1,1,10,0,1,1,0,0,0,0,0,0,1,0,0,0,0,308,BP to STH,643,1.0703125,0.10948905109489052,916
-7889039134284560000,664839,2484,39,0,13,0,86,0,190,1,0,0,2,1,0,0,33,0,0,0,0,0,0,0,3,0,0,0,329,STNL to BP,679,0.45263157894736844,0.1511627906976744,22
-7885468659499940000,68768,285,22,0,1,0,4,0,6,0,0,0,0,3,1,2,12,0,0,0,0,0,0,0,0,0,0,0,34,STNL to BP,682,0.6666666666666666,0.25,965
-7883351765470570000,84909,321,2,2,2,0,4,0,32,0,0,0,2,0,0,0,0,0,0,1,0,0,0,0,0,0,0,0,42,STNL to BP,683,0.125,0.5,269
-7877764438076520000,236344,831,4,0,0,0,27,2,84,0,0,0,1,0,0,1,1,0,0,0,0,0,0,0,0,0,0,0,117,BP to STH,684,0.32142857142857145,0.0,728
-7873064312720940000,149590,547,7,0,2,0,16,0,49,0,0,1,2,1,0,0,0,0,0,0,0,0,0,1,0,0,0,0,74,STNL to BP,689,0.32653061224489793,0.125,504
-7849885666031650000,438833,1695,124,0,6,0,25,1,60,0,0,0,3,0,1,3,116,0,0,0,0,0,0,0,0,0,0,0,217,BP to STH,706,0.4166666666666667,0.24,304
-7846190291384420000,92915,382,7,0,0,0,5,0,33,0,0,0,2,3,1,0,0,0,0,0,0,0,0,0,0,0,0,0,46,STNL to BP,709,0.15151515151515152,0.0,1127
-7838914590780100000,293141,1146,44,0,0,1,18,1,81,0,0,0,0,0,0,3,40,0,0,0,0,1,0,0,0,0,0,0,145,BP to STH,714,0.2222222222222222,0.0,662
-7829720540374800000,111165,447,2,0,0,0,0,0,52,1,0,0,0,0,0,2,0,0,0,0,0,0,0,0,0,0,0,0,55,STNL to BP,717,0.0,,563
-7779793044524700000,305141,1237,10,1,2,0,24,0,114,0,0,1,4,2,0,0,0,0,0,0,0,0,0,0,0,0,0,0,151,STNL to BP,742,0.21052631578947367,0.08333333333333333,719
-7720082002713700000,553673,2200,46,0,4,0,89,0,134,0,0,1,2,0,1,0,41,0,0,0,0,1,0,1,0,0,0,0,274,BP to STH,773,0.664179104477612,0.0449438202247191,149
-7698722167058350000,88933,318,2,0,1,0,11,0,29,0,0,0,2,0,1,0,0,0,0,0,0,0,0,0,0,0,0,0,44,STNL to BP,783,0.3793103448275862,0.09090909090909091,998
-7672495808090630000,86924,280,6,0,0,0,2,0,34,0,0,0,1,0,1,0,0,0,0,0,0,0,0,2,0,0,0,0,43,STNL to BP,791,0.058823529411764705,0.0,237
-7665961882875000000,123273,461,4,0,2,0,21,0,34,0,0,0,0,0,0,0,1,0,0,0,0,1,0,1,0,0,0,0,61,STNL to BP,794,0.6176470588235294,0.09523809523809523,1817
-7665920367552830000,234435,837,15,0,0,0,11,0,90,0,0,0,1,0,0,1,11,0,0,0,0,0,0,0,0,0,0,0,116,STNL to BP,795,0.12222222222222222,0.0,1336
-7663977839951660000,183941,731,4,0,3,1,25,0,57,0,0,0,0,0,0,0,0,0,0,0,0,1,0,1,0,1,0,0,91,STNL to BP,798,0.43859649122807015,0.12,294
-7641569739874650000,630186,2499,19,0,4,0,138,0,150,0,0,0,2,2,1,1,9,0,0,0,0,0,0,0,0,0,0,0,312,STNL to BP,813,0.92,0.028985507246376812,169
-7619849108605530000,282962,1090,34,0,2,0,10,0,93,0,0,0,8,4,1,0,19,0,0,0,0,0,0,0,0,0,0,0,140,STNL to BP,830,0.10752688172043011,0.2,256
-7601140319469650000,826472,3182,63,0,5,0,197,0,142,0,1,0,1,5,1,0,51,0,0,0,0,0,0,0,1,0,0,0,409,STNL to BP,837,1.3873239436619718,0.025380710659898477,109
-7579129756111380000,80916,351,34,0,0,0,0,0,6,0,0,0,0,5,0,1,19,0,0,0,0,0,0,0,4,0,0,0,40,STNL to BP,852,0.0,,261
-7573267924112520000,293032,1070,7,0,3,0,38,0,97,0,0,0,1,1,0,0,4,0,0,0,0,1,0,0,0,0,0,0,145,BP to STH,859,0.3917525773195876,0.07894736842105263,1090
-7360408895077960000,163691,682,3,0,0,0,0,0,75,3,0,0,1,1,0,0,0,0,0,0,0,0,0,1,0,0,0,0,81,STNL to BP,928,0.0,,1
-7317923692463740000,317278,1162,3,0,0,0,16,0,138,0,0,0,3,0,0,0,0,0,0,0,0,0,0,0,0,0,0,0,157,STNL to BP,951,0.11594202898550725,0.0,0
-7242606166903490000,626526,2405,60,0,3,1,59,0,186,0,0,0,2,7,1,0,50,0,0,0,0,0,0,0,0,0,0,0,310,STNL to BP,975,0.3172043010752688,0.05084745762711865,505
-7240899418767690000,329503,1288,60,0,3,0,34,0,65,0,0,0,0,1,1,0,51,0,0,0,0,0,0,0,3,0,0,0,163,STNL to BP,977,0.5230769230769231,0.08823529411764706,1082
-7226812297237790000,90962,344,2,0,0,0,1,0,42,0,0,0,0,0,0,2,0,0,0,0,0,0,0,0,0,0,0,0,45,STNL to BP,986,0.023809523809523808,0.0,195
-7181740545738610000,139434,562,4,0,0,0,4,0,59,1,0,0,1,0,1,0,0,0,0,0,0,1,0,2,0,0,0,0,69,STNL to BP,1026,0.06779661016949153,0.0,219
-7169266210296410000,248720,1005,31,0,1,0,24,0,66,0,0,1,0,2,0,0,22,0,0,0,0,0,0,0,2,0,0,0,123,STNL to BP,1033,0.36363636363636365,0.041666666666666664,1002
-7150828245278420000,97040,352,4,0,0,0,7,0,34,0,0,0,1,0,3,0,1,0,0,1,0,0,0,0,0,0,0,0,48,STNL to BP,1040,0.20588235294117646,0.0,1076
-7046946096911530000,107030,414,4,0,2,0,19,0,27,1,0,0,1,0,0,0,0,0,0,0,0,0,0,0,1,0,0,0,53,BP to STH,1097,0.7037037037037037,0.10526315789473684,224
-7013844965038690000,869499,3278,227,0,26,0,93,0,82,0,0,1,5,11,1,0,193,0,0,0,0,1,0,1,0,0,0,0,430,BP to STH,1112,1.1341463414634145,0.27956989247311825,312
-6985902195085010000,117276,431,2,0,1,0,3,0,52,0,0,0,0,0,0,0,0,0,0,0,0,0,0,2,0,0,0,0,58,STNL to BP,1129,0.057692307692307696,0.3333333333333333,1230
-6945035221464900000,462788,1845,4,0,3,0,125,0,97,0,0,0,0,0,0,0,0,0,0,0,0,0,0,0,4,0,0,0,229,STNL to BP,1147,1.288659793814433,0.024,602
-6756511192589080000,147535,592,9,0,0,0,8,0,54,1,0,0,4,0,1,0,5,0,0,0,0,0,0,0,0,0,0,0,73,STNL to BP,1243,0.14814814814814814,0.0,698
-6711964780852030000,62656,240,3,0,0,0,3,0,25,0,0,0,0,1,0,2,0,0,0,0,0,0,0,0,0,0,0,0,31,STNL to BP,1264,0.12,0.0,290
-6682832576805420000,395979,1540,19,1,7,0,46,0,117,6,0,0,0,1,0,5,11,0,0,1,0,0,0,0,0,0,0,0,196,STNL to BP,1284,0.39316239316239315,0.15217391304347827,288
-6673460673768830000,549868,2106,112,1,3,0,27,0,129,0,0,0,5,3,0,0,102,0,0,0,1,0,0,0,0,0,0,0,272,STNL to BP,1286,0.20930232558139536,0.1111111111111111,188
-6636322450658970000,190089,688,15,0,2,0,33,0,44,0,0,0,0,0,0,0,12,0,0,0,0,2,0,0,0,0,0,0,94,STNL to BP,1300,0.75,0.06060606060606061,1372
-6552895408889550000,105097,434,3,1,0,0,4,0,43,0,0,0,1,0,1,2,0,0,0,0,1,0,0,0,0,0,0,0,52,STNL to BP,1329,0.09302325581395349,0.0,347
-6539484496770990000,446693,1675,12,1,7,0,72,0,128,0,0,0,2,0,1,0,9,0,0,0,0,0,0,0,0,0,0,0,221,STNL to BP,1335,0.5625,0.09722222222222222,24
-6469074992888300000,183815,798,4,0,0,0,24,0,63,0,0,2,1,0,0,0,0,0,0,0,0,0,0,1,0,0,0,0,91,STNL to BP,1360,0.38095238095238093,0.0,83
-6467481788152070000,210192,897,17,0,3,1,17,1,65,0,0,0,2,0,0,0,10,0,0,0,0,0,0,0,0,0,0,0,104,BP to STH,1361,0.26153846153846155,0.17647058823529413,0
-6341070780589600000,113171,453,3,0,0,0,12,0,41,0,0,0,2,0,0,0,0,0,0,0,0,0,0,0,0,0,0,0,56,STNL to BP,1420,0.2926829268292683,0.0,29
-6317193160789130000,109136,407,3,0,0,0,6,0,45,0,0,0,1,0,0,0,0,0,0,0,0,1,0,0,0,0,0,0,54,STNL to BP,1434,0.13333333333333333,0.0,1149
-6225714520231570000,123340,499,3,0,0,0,5,0,52,0,0,0,0,1,1,0,0,0,0,1,0,0,0,1,0,0,0,0,61,STNL to BP,1466,0.09615384615384616,0.0,674
-6223367998988340000,230341,937,2,0,2,0,21,0,89,0,0,0,1,0,0,0,0,0,0,0,0,1,0,0,0,0,0,0,114,BP to STH,1467,0.23595505617977527,0.09523809523809523,496
-6164768507131820000,167726,716,3,0,2,0,28,0,50,0,0,0,2,0,0,0,0,0,0,0,0,0,0,0,0,0,0,0,83,STNL to BP,1483,0.56,0.07142857142857142,77
-6138895782748630000,519428,2166,86,0,4,0,45,0,120,0,0,0,0,4,1,0,73,0,0,0,0,0,0,0,8,0,1,0,257,STNL to BP,1496,0.375,0.08888888888888889,264
-6129601459375850000,123265,454,3,0,0,0,7,0,50,0,0,0,2,0,1,0,0,0,0,0,0,0,0,0,0,0,0,0,61,STNL to BP,1508,0.14,0.0,399
-6122583781936760000,517597,2155,65,0,0,0,116,0,75,0,0,0,3,1,0,0,56,0,0,0,0,0,0,1,0,0,0,0,256,STNL to BP,1510,1.5466666666666666,0.0,681
-6121392001898780000,163688,653,9,1,1,0,8,0,62,0,0,0,1,1,0,0,0,0,0,0,0,1,0,2,0,0,0,0,81,STNL to BP,1512,0.12903225806451613,0.125,690
-6038549214255460000,343706,1352,44,0,6,0,46,0,73,0,0,1,1,4,1,0,28,0,0,0,0,0,0,0,2,0,0,0,170,STNL to BP,1543,0.6301369863013698,0.13043478260869565,567
-6028257208003980000,113281,490,29,0,0,0,0,0,27,0,0,0,6,2,0,0,18,0,0,0,0,0,0,0,0,0,0,0,56,STNL to BP,1552,0.0,,163
-5974389389481820000,181919,651,4,0,0,0,20,0,66,0,0,0,2,0,0,0,0,0,0,0,0,0,0,0,0,0,0,0,90,STNL to BP,1585,0.30303030303030304,0.0,9
-5938655474642990000,127298,473,4,0,2,0,3,0,53,0,0,1,0,0,1,1,0,0,0,0,0,1,0,0,0,0,0,0,63,STNL to BP,1606,0.05660377358490566,0.6666666666666666,1057
-5874542285017700000,101080,418,2,0,4,0,12,0,32,0,0,0,0,0,0,1,0,0,0,0,0,1,0,0,0,0,0,0,50,STNL to BP,1632,0.375,0.3333333333333333,39
-5839145608369570000,123267,467,4,0,0,0,6,0,50,1,0,0,0,0,0,0,0,0,0,0,0,0,0,2,0,0,0,0,61,STNL to BP,1650,0.12,0.0,272
-5779282806876450000,80818,307,2,0,0,0,12,0,26,0,0,0,0,0,0,1,0,0,0,0,0,0,0,1,0,0,0,0,40,BP to STH,1696,0.46153846153846156,0.0,651
-5718725811487510000,111187,438,6,0,0,0,3,0,46,0,0,0,3,0,0,0,0,0,0,0,0,0,0,0,0,0,0,0,55,STNL to BP,1734,0.06521739130434782,0.0,260
-5641439395907760000,68717,271,3,0,0,0,5,0,26,0,0,0,2,1,0,0,0,0,0,0,0,0,0,0,0,0,0,0,34,STNL to BP,1775,0.19230769230769232,0.0,1462
-5627103211529320000,131375,524,3,0,0,0,6,0,55,0,0,0,1,0,1,1,0,0,0,0,0,0,0,0,0,0,0,0,65,BP to STH,1785,0.10909090909090909,0.0,323
-5614986345019470000,187976,707,4,1,1,0,23,0,62,1,0,0,0,0,1,1,3,0,0,0,1,0,0,0,0,0,0,0,93,STNL to BP,1791,0.3709677419354839,0.043478260869565216,158
-5396029750815820000,6071,30,3,0,0,0,0,0,0,0,0,0,2,0,0,0,0,0,0,0,0,0,0,0,0,0,0,0,3,BP to STH,1883,,,318
-5342091122238060000,171770,686,8,0,0,0,17,0,60,0,0,0,0,0,0,2,6,0,0,0,0,0,0,0,0,0,0,0,85,STNL to BP,1910,0.2833333333333333,0.0,788
-5329338346042440000,206231,734,4,1,10,0,46,0,39,1,0,0,0,0,1,0,0,0,0,0,0,2,0,1,0,0,0,0,102,STNL to BP,1918,1.1794871794871795,0.21739130434782608,398
-5267749211296300000,76782,326,17,0,0,0,8,0,13,0,0,0,3,0,0,0,12,0,0,0,0,0,0,0,0,0,0,0,38,STNL to BP,1942,0.6153846153846154,0.0,735
-5245177978837950000,121340,466,5,0,4,0,15,0,36,0,0,0,0,0,0,0,0,0,0,1,0,2,0,0,0,0,0,0,60,STNL to BP,1949,0.4166666666666667,0.26666666666666666,206
-5244569965338840000,218287,831,0,2,1,0,40,0,65,0,0,0,1,0,0,0,0,0,0,0,1,0,0,0,0,0,0,0,108,STNL to BP,1950,0.6153846153846154,0.025,0
-5103492095618900000,169816,494,16,0,2,0,54,0,12,0,0,0,0,1,0,0,12,0,0,0,0,0,0,0,2,0,0,0,84,STNL to BP,2020,4.5,0.037037037037037035,85
-5073536004111670000,125343,474,2,1,0,0,7,0,52,0,0,0,1,0,0,0,0,0,0,1,0,0,0,0,0,0,0,0,62,STNL to BP,2037,0.1346153846153846,0.0,1995
-5066437603990140000,189972,756,4,0,1,0,10,0,79,0,0,0,1,0,0,0,0,0,0,0,0,1,0,0,0,0,0,0,94,BP to STH,2040,0.12658227848101267,0.1,845
-5030674902807640000,367948,1505,58,0,3,0,53,0,65,0,0,1,3,2,3,0,44,0,0,0,0,0,0,0,0,0,0,0,182,STNL to BP,2056,0.8153846153846154,0.05660377358490566,881
-4997203215615380000,319359,1191,8,0,2,0,16,0,132,0,0,0,0,1,0,0,2,0,0,0,0,0,0,0,4,0,0,0,158,STNL to BP,2068,0.12121212121212122,0.125,728
-4970736583433720000,165817,707,53,0,0,0,4,0,24,0,0,0,2,3,1,0,44,0,0,0,0,0,0,0,0,0,0,0,82,BP to STH,2081,0.16666666666666666,0.0,1048
-4939237054244710000,592093,2254,56,0,3,0,88,0,146,0,0,0,1,7,0,0,39,0,0,0,0,0,0,0,1,0,0,0,293,STNL to BP,2094,0.6027397260273972,0.03409090909090909,1021
-4874369824113940000,971965,3547,109,0,8,0,176,0,188,0,0,1,16,7,0,0,53,0,0,0,0,0,0,0,0,0,0,0,481,STNL to BP,2130,0.9361702127659575,0.045454545454545456,126
-4864228209551450000,1190459,3796,9,0,1,0,491,0,89,0,0,0,4,0,0,1,1,0,0,0,0,0,0,0,0,0,0,0,590,STNL to BP,2139,5.51685393258427,0.002036659877800407,386
-4743000262233360000,137435,578,8,1,1,0,12,0,45,0,0,0,2,1,1,0,3,0,0,1,0,0,0,0,0,0,0,0,68,STNL to BP,2194,0.26666666666666666,0.08333333333333333,814
-4678473777411840000,539717,2095,101,2,5,1,50,0,108,0,0,0,0,2,0,0,91,0,0,0,0,2,0,1,0,0,0,0,267,STNL to BP,2221,0.46296296296296297,0.1,182
-4637118269007830000,103112,412,13,0,0,0,0,0,38,0,0,0,5,0,0,0,0,0,0,0,0,0,0,1,0,0,0,0,51,STNL to BP,2240,0.0,,371
-4504182427560520000,145629,643,2,0,0,0,3,0,67,0,0,0,2,0,0,0,0,0,0,0,0,0,0,0,0,0,0,0,72,STNL to BP,2292,0.04477611940298507,0.0,669
-4382757543751380000,371801,1350,13,0,3,0,35,0,132,0,0,0,7,5,1,0,0,0,0,0,0,0,0,0,0,0,0,0,184,STNL to BP,2348,0.26515151515151514,0.08571428571428572,245
-4324511909127630000,507304,1890,5,0,4,0,81,0,161,0,0,1,0,0,0,2,0,0,0,0,0,0,0,0,0,0,0,0,251,STNL to BP,2376,0.5031055900621118,0.04938271604938271,885
-4286356081008800000,509380,2067,31,0,4,0,107,0,109,0,0,0,0,0,0,0,24,0,0,0,0,1,0,1,4,0,0,1,252,STNL to BP,2402,0.981651376146789,0.037383177570093455,446
-4254066073819660000,983907,3907,55,0,17,0,239,0,173,0,0,1,0,4,2,0,35,0,0,0,0,1,0,0,8,1,0,0,487,STNL to BP,2413,1.3815028901734103,0.07112970711297072,195
-4222552345386320000,224267,922,2,0,1,0,24,0,84,0,0,0,0,0,0,2,0,0,0,0,0,0,0,0,0,0,0,0,111,STNL to BP,2429,0.2857142857142857,0.041666666666666664,1791
-4138369048716540000,167811,606,16,2,1,0,15,0,47,1,0,1,3,1,1,1,0,0,0,0,0,0,0,0,1,0,0,0,83,STNL to BP,2468,0.3191489361702128,0.06666666666666667,345
-4127958235327640000,48551,201,4,0,0,0,0,0,20,0,0,0,3,0,0,0,0,0,0,0,0,1,0,0,0,0,0,0,24,STNL to BP,2473,0.0,,143
-4117158027369610000,165708,701,3,0,1,0,24,0,54,0,0,0,0,0,0,3,0,0,0,0,0,0,0,0,0,0,0,0,82,BP to STH,2479,0.4444444444444444,0.041666666666666664,307
-4101739053375660000,196102,833,57,0,0,0,3,0,37,0,0,0,5,1,0,0,37,0,0,0,0,0,0,0,1,0,0,0,97,STNL to BP,2487,0.08108108108108109,0.0,449
-4079143073489770000,135412,527,18,0,1,0,2,0,45,0,0,0,2,0,1,0,14,0,0,0,0,0,0,0,0,0,0,0,67,STNL to BP,2497,0.044444444444444446,0.5,0
-4057692432681200000,135448,564,10,0,0,0,14,0,43,0,0,0,2,1,0,2,0,0,0,0,0,0,0,0,0,0,0,0,67,STNL to BP,2507,0.32558139534883723,0.0,443
-3923518654205990000,596104,2309,66,0,17,0,138,1,73,0,0,1,0,1,0,0,51,0,0,0,0,1,0,0,10,0,0,0,295,STNL to BP,2582,1.8904109589041096,0.12318840579710146,220
-3882082170622180000,469196,1816,135,0,4,0,25,0,68,0,0,1,0,0,0,1,122,0,0,0,0,0,0,2,0,0,0,0,232,BP to STH,2610,0.36764705882352944,0.16,1000
-3863844788085150000,181844,653,2,0,0,0,13,0,75,0,0,0,2,0,0,0,0,0,0,0,0,0,0,0,0,0,0,0,90,STNL to BP,2620,0.17333333333333334,0.0,789
-3855265102936360000,1061382,4410,237,0,30,0,95,0,162,0,0,0,0,17,1,13,202,0,0,0,0,0,0,0,2,0,0,0,525,STNL to BP,2626,0.5864197530864198,0.3157894736842105,131
-3734813821446610000,115221,476,3,0,4,0,13,1,35,0,0,0,1,0,0,0,0,0,0,0,0,1,0,0,0,1,0,0,57,STNL to BP,2680,0.37142857142857144,0.3076923076923077,973
-3602560543593640000,36426,136,4,0,0,0,2,0,12,0,0,1,1,0,0,0,0,0,0,0,0,1,0,0,0,0,0,0,18,STNL to BP,2752,0.16666666666666666,0.0,1778
-3594792067647510000,224296,911,4,0,1,0,47,0,57,1,0,0,3,0,1,0,0,0,0,0,0,0,0,0,0,0,0,0,111,STNL to BP,2756,0.8245614035087719,0.02127659574468085,185
-3489950998621550000,282950,1230,62,0,1,0,40,0,37,0,0,0,3,1,0,0,51,0,0,0,0,0,0,1,1,0,0,0,140,STNL to BP,2801,1.0810810810810811,0.025,503
-3447538954021850000,105133,416,7,0,0,0,3,0,42,0,0,0,2,0,0,0,0,0,0,0,0,0,0,0,0,0,0,0,52,STNL to BP,2823,0.07142857142857142,0.0,683
-3440441822802210000,95000,356,2,0,0,0,6,0,39,0,0,0,0,0,0,2,0,0,0,0,0,0,0,0,0,0,0,0,47,STNL to BP,2829,0.15384615384615385,0.0,41
-3344422942640480000,145540,537,9,2,0,0,6,0,54,0,0,0,1,1,1,1,7,0,0,0,0,0,0,0,0,0,0,0,72,STNL to BP,2884,0.1111111111111111,0.0,563
-3211163107773480000,390020,1589,33,0,5,1,49,2,101,0,0,0,0,1,1,1,20,1,0,0,0,0,0,0,6,0,0,0,193,STNL to BP,2956,0.48514851485148514,0.10204081632653061,122
-3177697347150650000,329253,1376,29,0,4,0,42,0,88,0,0,0,0,12,0,1,0,0,0,0,0,0,0,0,5,0,0,0,163,STNL to BP,2971,0.4772727272727273,0.09523809523809523,455
-3041779567495390000,68727,300,7,0,0,0,6,0,21,0,0,0,0,0,0,0,5,0,0,0,0,0,0,2,0,0,0,0,34,STNL to BP,3041,0.2857142857142857,0.0,426
-2929581371888520000,97037,386,18,0,1,0,4,0,25,0,0,0,2,0,0,0,15,0,0,0,0,0,0,0,0,0,0,0,48,STNL to BP,3088,0.16,0.25,382
-2925890759443090000,183857,706,15,0,0,0,21,0,54,0,0,0,4,1,1,0,9,0,0,0,0,0,0,0,1,0,0,0,91,STNL to BP,3093,0.3888888888888889,0.0,199
-2826326339081720000,602791,2360,144,0,1,0,103,0,50,0,0,0,0,4,0,2,132,0,0,0,0,0,0,0,0,0,0,0,298,BP to STH,3144,2.06,0.009708737864077669,15
-2810026639839440000,545880,2209,64,0,14,0,102,0,90,0,0,1,1,1,0,0,52,0,0,0,0,1,0,0,3,0,0,0,270,STNL to BP,3158,1.1333333333333333,0.13725490196078433,583
-2791277314982250000,280875,1141,6,0,0,0,18,0,115,0,0,0,2,1,0,0,0,0,0,0,0,0,0,0,0,0,0,0,139,STNL to BP,3168,0.1565217391304348,0.0,39
-2763790440788200000,661023,2759,125,0,5,0,80,0,116,0,0,0,0,3,1,0,100,0,0,0,0,0,0,0,6,0,0,0,327,BP to STH,3180,0.6896551724137931,0.0625,226
-2736390586141220000,64742,272,5,0,1,0,1,0,25,0,0,0,2,0,0,0,1,0,0,0,0,0,0,0,0,0,0,0,32,STNL to BP,3191,0.04,1.0,365
-2727327077622850000,630883,2743,174,0,2,0,29,0,105,0,0,1,4,5,1,0,157,0,0,0,0,0,0,0,1,0,0,0,312,BP to STH,3200,0.2761904761904762,0.06896551724137931,285
-2627156638409280000,86926,332,2,0,2,1,8,0,30,0,0,0,1,0,0,0,0,0,0,0,0,0,0,1,0,0,0,0,43,BP to STH,3245,0.26666666666666666,0.25,399
-2551074705679590000,465255,1863,88,0,6,1,65,1,68,0,0,1,0,4,0,0,79,0,0,0,0,0,0,0,2,1,0,0,230,STNL to BP,3295,0.9558823529411765,0.09230769230769231,423
-2530589426755820000,119263,444,24,0,0,0,21,0,13,0,0,1,0,0,0,0,13,0,0,0,0,0,0,0,9,0,0,0,59,STNL to BP,3305,1.6153846153846154,0.0,279
-2520768843618820000,256747,1106,36,0,1,0,29,0,60,0,0,0,1,1,1,0,24,0,0,0,0,0,0,0,2,0,0,0,127,BP to STH,3314,0.48333333333333334,0.034482758620689655,72
-2455018504477980000,78814,325,3,0,1,0,3,0,31,1,0,0,2,0,0,0,0,0,0,0,0,0,0,0,0,0,0,0,39,STNL to BP,3352,0.0967741935483871,0.3333333333333333,0
-2418524339150080000,179825,695,4,0,2,0,33,0,50,0,0,0,2,0,0,0,0,0,0,0,0,0,0,0,0,0,0,0,89,STNL to BP,3368,0.66,0.06060606060606061,37
-2413786591238010000,131379,549,7,0,7,0,21,0,30,0,0,0,2,1,0,0,1,0,0,0,0,0,0,0,0,0,0,0,65,STNL to BP,3372,0.7,0.3333333333333333,55
-2391493692381240000,501238,2033,33,0,2,1,27,0,178,0,0,1,0,0,0,1,23,0,0,0,0,1,0,0,0,0,4,3,248,STNL to BP,3383,0.15168539325842698,0.07407407407407407,870
-2389534992928020000,551639,1976,14,0,21,0,116,0,122,0,0,0,3,1,0,0,1,0,0,0,0,0,0,0,0,0,0,0,273,BP to STH,3386,0.9508196721311475,0.1810344827586207,909
-2365518643191620000,169825,667,7,0,2,0,10,0,64,0,0,0,2,0,1,0,3,0,0,0,0,0,0,0,0,0,0,0,84,BP to STH,3394,0.15625,0.2,77
-2249258645457070000,123207,433,9,0,2,0,30,0,19,1,0,0,1,0,0,0,6,0,0,0,0,1,0,0,0,0,0,0,61,STNL to BP,3455,1.5789473684210527,0.06666666666666667,1719
-2218037107999270000,86895,332,3,0,1,0,7,0,31,0,0,0,2,0,1,0,0,0,0,0,0,0,0,0,0,0,0,0,43,STNL to BP,3475,0.22580645161290322,0.14285714285714285,1934
-2207603371382430000,199998,783,6,0,1,0,29,0,63,0,0,0,2,0,0,0,4,0,0,0,0,0,0,0,0,0,0,0,99,STNL to BP,3478,0.4603174603174603,0.034482758620689655,1868
-2192958718224770000,173999,590,3,0,2,0,40,0,40,0,0,0,0,0,1,0,0,0,0,0,0,0,0,0,3,0,0,0,86,STNL to BP,3486,1.0,0.05,172
-2148957937608760000,232558,874,25,0,3,1,6,1,79,0,0,0,2,7,0,0,14,0,0,0,0,0,0,0,0,0,0,0,115,STNL to BP,3512,0.0759493670886076,0.5,718
-2119289693979840000,163796,688,30,0,0,1,12,0,36,0,0,1,2,0,2,0,24,0,0,0,0,0,0,0,0,0,0,0,81,STNL to BP,3524,0.3333333333333333,0.0,23
-2075787239977090000,188053,753,11,1,0,0,20,0,59,1,0,0,4,0,1,0,0,0,0,1,0,0,0,0,0,0,0,0,93,STNL to BP,3547,0.3389830508474576,0.0,119
-2060786105622680000,111202,448,9,0,3,0,4,0,39,0,0,0,2,0,0,0,6,0,0,0,0,0,0,0,0,0,0,0,55,STNL to BP,3556,0.10256410256410256,0.75,281
-2060013680115860000,90977,357,5,0,0,0,2,0,38,0,0,0,0,0,0,1,0,0,0,0,0,0,0,1,0,0,0,0,45,STNL to BP,3557,0.05263157894736842,0.0,1847
-2016229653327730000,195957,706,6,0,0,0,7,0,84,0,0,0,2,0,0,1,0,0,0,0,0,0,0,0,0,0,0,0,97,STNL to BP,3579,0.08333333333333333,0.0,572
-1930782576794640000,95000,396,1,1,1,0,2,0,41,0,0,0,0,0,1,0,0,0,0,0,1,0,0,1,0,0,0,0,47,STNL to BP,3634,0.04878048780487805,0.5,602
-1907090271979720000,159666,657,25,0,1,0,9,0,44,0,0,0,3,0,0,0,20,0,0,0,0,0,0,0,0,0,0,0,79,STNL to BP,3647,0.20454545454545456,0.1111111111111111,568
-1783165625229600000,92891,398,8,0,0,0,4,0,33,0,0,0,0,0,1,0,0,0,0,1,0,0,0,0,1,0,0,0,46,STNL to BP,3698,0.12121212121212122,0.0,563
-1727903894732690000,171819,705,22,0,5,0,17,0,40,1,0,0,5,2,0,0,14,0,0,0,0,0,0,0,0,0,0,0,85,STNL to BP,3721,0.425,0.29411764705882354,83
-1724959731354770000,222218,890,3,0,0,0,32,0,72,0,0,0,0,0,3,3,0,0,0,0,0,0,0,0,0,0,0,0,110,STNL to BP,3722,0.4444444444444444,0.0,203
-1708074252287670000,139457,607,2,0,1,0,18,0,47,0,0,0,0,0,1,1,0,0,0,0,0,0,0,1,0,0,0,0,69,STNL to BP,3733,0.3829787234042553,0.05555555555555555,1148
-1618159338198320000,329291,1366,7,0,2,0,80,0,74,0,0,0,0,3,0,0,0,0,0,0,0,0,0,0,3,0,0,0,163,STNL to BP,3785,1.0810810810810811,0.025,916
-1534522437201560000,569901,2161,5,0,6,0,148,0,121,1,0,0,0,1,1,0,0,0,0,1,0,0,0,0,2,0,0,0,282,STNL to BP,3825,1.2231404958677685,0.04054054054054054,622
-1510742002478650000,143506,574,4,0,4,0,11,0,52,0,0,0,0,0,0,0,0,0,0,0,0,0,0,1,1,0,0,0,71,BP to STH,3840,0.21153846153846154,0.36363636363636365,692
-1490008050015540000,386130,1483,12,1,1,0,5,0,172,0,0,0,6,2,0,0,2,0,0,0,0,0,0,0,0,0,0,0,191,STNL to BP,3849,0.029069767441860465,0.2,149
-1455857246358420000,614655,2255,83,0,11,0,139,0,71,0,0,3,1,0,0,1,72,0,0,0,0,0,0,0,0,0,0,0,304,STNL to BP,3870,1.9577464788732395,0.07913669064748201,1161
-1428966403003590000,355759,1321,53,0,4,0,62,0,55,1,0,2,0,4,0,0,39,0,0,0,0,0,0,0,7,0,0,0,176,BP to STH,3885,1.1272727272727272,0.06451612903225806,187
-1416247517959650000,509450,2101,60,0,4,0,56,0,130,0,0,0,0,0,2,0,55,0,0,0,0,0,0,0,2,0,0,0,252,STNL to BP,3898,0.4307692307692308,0.07142857142857142,39
-1378832110418830000,171753,563,4,0,1,0,10,0,69,1,0,0,2,0,0,1,0,0,0,0,0,0,0,0,0,0,0,0,85,STNL to BP,3912,0.14492753623188406,0.1,148
-1373367938364100000,592423,2224,43,0,8,3,67,1,170,0,1,1,0,0,0,0,36,0,0,0,0,0,0,0,5,0,0,0,293,STNL to BP,3916,0.3941176470588235,0.11940298507462686,207
-1332692328836530000,260770,1057,51,0,0,0,35,0,43,0,0,0,0,2,0,2,47,0,0,0,0,0,0,0,0,0,0,0,129,BP to STH,3936,0.813953488372093,0.0,363
-1270758093350210000,129334,481,2,0,0,0,5,0,57,0,0,0,1,0,0,0,0,0,0,0,0,1,0,0,0,0,0,0,64,STNL to BP,3968,0.08771929824561403,0.0,393
-1266964924208430000,109111,427,3,0,0,0,2,0,49,0,0,0,3,0,0,0,0,0,0,0,0,0,0,0,0,0,0,0,54,STNL to BP,3971,0.04081632653061224,0.0,177
-1241599507929410000,234549,911,38,0,0,0,2,0,74,0,0,1,1,0,2,1,33,0,0,1,0,0,0,0,0,0,0,0,116,STNL to BP,3985,0.02702702702702703,0.0,834
-1231124418824830000,547589,2169,19,0,5,1,123,0,123,0,0,0,0,0,0,1,16,0,0,0,0,0,0,2,0,0,0,0,271,BP to STH,3995,1.0,0.04065040650406504,765
-1225515824510960000,84922,359,26,0,0,0,0,0,15,0,0,0,17,4,1,0,0,0,0,0,0,0,0,0,5,0,0,0,42,STNL to BP,4000,0.0,,107
-1217199668661140000,238462,892,3,0,1,0,3,0,111,0,0,0,0,0,0,2,0,0,0,0,0,1,0,0,0,0,0,0,118,STNL to BP,4003,0.02702702702702703,0.3333333333333333,606
-1206154528558190000,359626,1383,10,0,1,0,45,0,121,0,0,0,0,0,1,0,8,0,0,0,0,0,0,0,2,0,0,0,178,STNL to BP,4009,0.371900826446281,0.022222222222222223,15
-1176507056288850000,224260,900,58,0,0,0,5,0,47,0,0,0,2,0,1,1,54,0,0,0,0,0,0,0,0,0,0,0,111,STNL to BP,4027,0.10638297872340426,0.0,535
-1144522599890590000,260760,1032,41,0,1,0,14,0,73,0,0,0,0,0,0,1,37,0,0,0,0,0,0,0,2,0,0,0,129,STNL to BP,4042,0.1917808219178082,0.07142857142857142,578
-1140064483488670000,147593,564,3,0,1,0,37,0,32,0,0,0,0,0,0,1,0,0,0,0,0,1,0,0,0,0,0,0,73,STNL to BP,4045,1.15625,0.02702702702702703,941
-1052750285442360000,105137,384,2,0,0,0,5,0,45,0,0,0,0,0,0,2,0,0,0,0,0,0,0,0,0,0,0,0,52,STNL to BP,4079,0.1111111111111111,0.0,1344
-958950015022236000,232507,928,25,0,6,1,25,0,58,0,0,0,0,0,0,3,22,0,0,0,0,0,0,0,0,0,0,0,115,BP to STH,4127,0.43103448275862066,0.24,617
-874886701185505000,115233,447,4,0,1,0,11,0,41,0,0,0,1,0,0,0,2,0,0,0,0,1,0,0,0,0,0,0,57,BP to STH,4172,0.2682926829268293,0.09090909090909091,63
-852438429506715000,78802,301,2,0,0,0,9,0,27,0,0,0,2,0,1,0,0,0,0,0,0,0,0,0,0,0,0,0,39,STNL to BP,4186,0.3333333333333333,0.0,1088
-759786816263672000,159572,663,3,0,0,0,13,0,63,0,0,0,0,0,0,0,0,0,0,0,0,0,0,0,3,0,0,0,79,STNL to BP,4223,0.20634920634920634,0.0,141
-726506439924154000,189911,749,5,0,1,0,19,0,69,0,0,0,2,0,0,0,1,0,0,0,0,0,0,0,0,0,0,0,94,STNL to BP,4241,0.2753623188405797,0.05263157894736842,0
-706287183032189000,216233,782,2,0,1,0,3,0,101,0,0,0,1,0,0,0,0,0,0,0,0,0,0,0,1,0,0,0,107,STNL to BP,4250,0.0297029702970297,0.3333333333333333,848
-641237428541105000,240448,968,2,0,0,0,35,0,81,0,0,0,0,0,1,2,0,0,0,0,0,0,0,0,0,0,0,0,119,STNL to BP,4273,0.43209876543209874,0.0,20
-572536753410368000,179921,735,37,0,0,0,8,0,44,0,0,3,1,0,0,0,32,0,0,0,0,0,0,1,0,0,0,0,89,STNL to BP,4308,0.18181818181818182,0.0,1321
-542738608928906000,167776,685,3,0,0,0,7,0,73,0,0,0,1,0,0,0,0,0,0,0,0,0,0,1,0,0,0,0,83,STNL to BP,4319,0.0958904109589041,0.0,153
-526614120164794000,315218,1300,4,0,2,0,60,1,89,0,0,0,2,2,0,0,0,0,0,0,0,0,0,0,0,0,0,0,156,BP to STH,4330,0.6741573033707865,0.03333333333333333,0
-473811546678696000,224332,876,2,0,6,0,43,0,60,0,0,0,0,0,0,2,0,0,0,0,0,0,0,0,0,0,0,0,111,STNL to BP,4351,0.7166666666666667,0.13953488372093023,59
-467539037840078000,214379,874,58,0,4,1,17,0,25,1,0,0,0,0,0,0,45,0,0,0,0,0,0,1,8,0,0,0,106,BP to STH,4354,0.68,0.23529411764705882,63
-435447266092945000,119215,520,11,0,1,0,13,0,34,0,0,0,1,2,0,0,5,0,0,0,0,0,0,1,0,0,0,0,59,STNL to BP,4366,0.38235294117647056,0.07692307692307693,1965
-368943944885890000,264803,1115,61,0,1,0,13,0,55,1,0,0,0,6,0,0,49,0,0,0,0,0,0,4,0,0,0,0,131,STNL to BP,4396,0.23636363636363636,0.07692307692307693,657
-193624892559647000,175771,688,4,0,0,0,25,0,56,0,0,0,0,0,2,0,0,0,0,0,0,0,0,2,0,0,0,0,87,BP to STH,4486,0.44642857142857145,0.0,59
-178040560375735000,210099,865,6,0,1,0,3,0,93,0,0,0,0,0,1,0,0,0,0,0,0,0,0,0,5,0,0,0,104,BP to STH,4488,0.03225806451612903,0.3333333333333333,433
-74112019732765900,295359,1232,80,0,1,1,40,1,22,0,0,0,3,11,1,0,54,0,0,0,0,0,0,0,1,0,0,0,146,STNL to BP,4540,1.8181818181818181,0.025,18
-45667047770848200,586389,2332,95,0,7,0,47,0,140,0,0,1,6,2,1,0,76,0,0,0,0,0,0,1,2,0,0,0,290,STNL to BP,4554,0.3357142857142857,0.14893617021276595,225
46429053297641904,390136,1590,43,0,3,0,43,1,103,0,0,0,0,1,0,0,33,0,0,2,0,0,0,0,0,0,0,0,193,BP to STH,4607,0.4174757281553398,0.06976744186046512,368
193578500584297030,276943,1154,52,0,2,0,19,0,64,0,0,0,1,3,0,1,44,0,0,0,0,0,0,0,1,0,0,0,137,STNL to BP,4666,0.296875,0.10526315789473684,764
205819507535941009,393998,1498,15,0,5,0,49,0,125,0,0,0,1,0,1,0,12,0,0,0,0,1,0,0,0,0,0,0,195,BP to STH,4672,0.392,0.10204081632653061,1559
232054068593068937,190128,748,26,0,0,0,13,0,54,1,0,0,2,1,0,0,23,0,0,0,0,0,0,0,0,0,0,0,94,STNL to BP,4687,0.24074074074074073,0.0,1049
315394008887662847,226390,934,26,0,1,0,24,0,61,0,0,1,2,0,0,0,17,0,0,0,0,0,0,0,0,0,0,0,112,STNL to BP,4722,0.39344262295081966,0.041666666666666664,65
356328553714301595,230414,869,19,1,2,0,34,0,58,0,0,2,3,0,0,1,11,0,0,0,0,0,0,0,0,0,0,0,114,STNL to BP,4746,0.5862068965517241,0.058823529411764705,471
542334528791688444,477135,1908,44,0,10,0,107,0,75,0,0,2,0,3,0,0,32,0,0,0,0,1,0,0,2,0,0,0,236,STNL to BP,4841,1.4266666666666667,0.09345794392523364,607
578417161791703271,440679,1692,54,0,1,0,35,0,128,0,0,0,0,4,0,0,31,0,0,0,0,0,0,0,3,0,0,0,218,STNL to BP,4859,0.2734375,0.02857142857142857,901
588120522720810167,54573,186,2,0,0,0,3,0,22,0,0,0,0,0,0,2,0,0,0,0,0,0,0,0,0,0,0,0,27,STNL to BP,4862,0.13636363636363635,0.0,36
625820055196921066,473191,1934,132,0,1,0,34,0,66,0,0,0,0,0,1,0,122,0,0,0,0,1,0,0,2,0,0,0,234,STNL to BP,4883,0.5151515151515151,0.029411764705882353,1130
668928078604258300,68765,221,1,1,0,0,2,0,30,0,0,0,0,0,0,1,0,0,0,0,1,0,0,0,0,0,0,0,34,STNL to BP,4906,0.06666666666666667,0.0,1314
677338413095527761,422132,1623,27,0,1,0,74,2,105,0,0,0,1,18,0,0,0,0,0,0,0,2,0,0,4,0,0,0,209,STNL to BP,4910,0.7047619047619048,0.013513513513513514,249
701230300367856594,155597,592,4,0,0,0,5,0,67,0,0,1,0,0,1,1,0,0,0,1,0,0,0,0,0,0,0,0,77,BP to STH,4923,0.07462686567164178,0.0,1307
738588765000497109,109094,348,2,0,1,0,11,0,40,0,0,0,2,0,0,0,0,0,0,0,0,0,0,0,0,0,0,0,54,STNL to BP,4938,0.275,0.09090909090909091,1
756378302452786072,163757,597,4,0,3,0,3,0,71,0,0,0,0,1,0,0,0,0,0,0,0,1,0,1,0,0,0,0,81,STNL to BP,4947,0.04225352112676056,1.0,6
786043005732953179,80829,288,3,0,0,0,7,0,27,0,0,0,2,0,3,0,1,0,0,0,0,0,0,0,0,0,0,0,40,STNL to BP,4971,0.25925925925925924,0.0,1008
831062136298935534,141442,576,2,1,1,0,7,0,59,0,0,1,1,0,0,1,0,0,0,0,0,0,0,0,0,0,0,0,70,STNL to BP,4989,0.11864406779661017,0.14285714285714285,677
852057183936255150,131416,566,20,0,0,0,8,0,37,0,0,0,2,1,0,0,15,0,0,0,0,0,0,0,0,0,0,0,65,STNL to BP,5000,0.21621621621621623,0.0,1819
869232959459950911,195993,845,12,0,0,0,3,0,79,1,0,0,2,3,2,0,5,0,0,0,0,0,0,0,0,0,0,0,97,STNL to BP,5012,0.0379746835443038,0.0,682
885200174423733638,165683,703,0,3,0,0,4,0,75,0,0,0,1,0,0,0,0,0,0,2,0,0,0,0,0,0,0,0,82,STNL to BP,5017,0.05333333333333334,0.0,86
922978097249955951,717504,2749,49,0,18,0,169,0,118,1,0,2,0,2,0,0,40,0,0,0,0,0,0,0,5,0,0,0,355,STNL to BP,5037,1.4322033898305084,0.10650887573964497,422
932148461339694558,339460,1215,5,1,2,0,25,0,133,0,0,3,2,1,2,0,0,0,0,0,0,0,0,0,0,0,0,0,168,STNL to BP,5040,0.18796992481203006,0.08,458
1007966237368678525,167809,593,2,1,1,0,39,0,40,0,0,0,1,0,0,0,0,0,0,0,1,0,0,0,0,0,0,0,83,BP to STH,5066,0.975,0.02564102564102564,1687
1044141340242295380,244713,923,30,0,2,0,6,0,81,0,0,0,1,0,2,0,28,0,0,0,0,1,0,0,0,0,0,0,121,STNL to BP,5080,0.07407407407407407,0.3333333333333333,5
1068723965835185362,214271,831,28,0,1,0,20,0,57,0,0,0,0,0,0,0,23,0,0,0,0,0,0,0,2,0,0,0,106,STNL to BP,5091,0.3508771929824561,0.05,23
1092132672934358873,262665,1032,2,0,0,0,5,0,123,0,0,0,0,0,0,2,0,0,0,0,0,0,0,0,0,0,0,0,130,STNL to BP,5104,0.04065040650406504,0.0,345
1150879983939229082,325385,1258,8,0,5,0,34,0,114,0,0,0,0,1,0,0,0,0,0,0,0,0,0,0,6,0,0,0,161,STNL to BP,5138,0.2982456140350877,0.14705882352941177,419
1183202649068628368,66696,273,2,0,0,0,3,0,27,0,0,0,2,0,1,0,0,0,0,0,0,0,0,0,0,0,0,0,33,STNL to BP,5151,0.1111111111111111,0.0,2275
1238476216991581198,66694,277,10,0,0,0,3,0,20,0,0,0,1,0,0,0,6,0,0,0,0,1,0,1,0,0,0,0,33,STNL to BP,5182,0.15,0.0,614
1408832322195403019,173836,692,7,0,2,0,28,2,47,0,0,0,0,0,0,0,0,0,0,0,0,1,0,3,0,0,0,0,86,BP to STH,5261,0.5957446808510638,0.07142857142857142,530
1435836836597735979,133413,484,6,1,4,0,26,0,29,0,0,0,0,0,0,0,0,0,0,0,0,2,0,0,0,0,0,0,66,STNL to BP,5278,0.896551724137931,0.15384615384615385,534
1447485705494921310,600158,2364,83,0,2,1,80,0,130,0,0,0,0,3,1,1,59,0,0,0,0,0,0,0,2,0,0,0,297,STNL to BP,5288,0.6153846153846154,0.025,140
1465911429141035883,315406,1170,63,0,1,0,22,0,70,0,0,0,0,3,0,0,50,0,0,0,0,0,0,0,2,0,0,0,156,BP to STH,5301,0.3142857142857143,0.045454545454545456,739
1519371314708562317,48466,208,2,0,0,0,5,0,16,0,0,0,0,0,1,2,0,0,0,0,0,0,0,0,0,0,0,0,24,STNL to BP,5323,0.3125,0.0,17
1784236554793034450,319129,1158,5,0,0,0,44,0,108,0,0,0,0,0,0,0,0,0,0,0,0,0,0,0,3,0,1,0,158,STNL to BP,5455,0.4074074074074074,0.0,777
1806658581070230004,111180,418,4,0,1,0,16,0,33,0,0,0,2,1,1,0,0,0,0,0,0,0,0,0,0,0,0,0,55,BP to STH,5462,0.48484848484848486,0.0625,0
1877638188828207115,276946,1160,36,0,4,0,34,0,63,0,0,0,7,6,0,0,20,0,0,0,0,0,0,0,2,0,0,0,137,BP to STH,5491,0.5396825396825397,0.11764705882352941,143
1886455080867832059,159604,617,2,0,2,0,28,0,47,0,0,0,0,0,0,0,0,0,0,0,0,0,0,2,0,0,0,0,79,BP to STH,5497,0.5957446808510638,0.07142857142857142,0
1899936807737343860,66725,255,1,3,0,0,3,0,23,1,0,0,3,0,2,0,0,0,0,0,0,0,0,0,0,0,0,0,33,STNL to BP,5503,0.13043478260869565,0.0,5
1939022835825330697,616724,2441,147,0,22,3,74,4,55,0,0,0,3,25,0,6,86,0,0,0,0,1,0,0,7,0,0,0,305,BP to STH,5531,1.3454545454545455,0.2972972972972973,143
1972007633707841336,420399,1594,48,0,5,0,101,0,54,0,0,0,0,0,0,0,40,0,0,0,0,0,0,0,8,0,0,0,208,STNL to BP,5542,1.8703703703703705,0.04950495049504951,272
2138325649662610796,18162,74,2,0,0,0,2,0,3,1,1,0,1,0,0,1,0,0,0,0,0,0,0,0,0,0,0,0,9,STNL to BP,5633,0.6666666666666666,0.0,1864
2142145531474596687,159627,567,4,0,0,0,9,0,66,0,0,0,3,0,0,0,0,0,0,0,0,0,0,0,0,0,0,0,79,STNL to BP,5636,0.13636363636363635,0.0,715
2219564199196880490,196057,722,5,0,2,0,33,0,56,1,0,0,2,0,0,0,0,0,0,0,0,0,0,0,0,0,0,0,97,STNL to BP,5676,0.5892857142857143,0.06060606060606061,485
2236875874586534257,111268,350,3,0,0,0,5,0,46,1,0,0,0,0,0,1,0,0,0,0,0,1,0,0,0,0,0,0,55,STNL to BP,5682,0.10869565217391304,0.0,364
2269981794631724036,167776,694,12,0,0,0,5,0,65,1,0,0,3,2,0,0,3,0,0,0,0,1,0,0,1,0,0,0,83,STNL to BP,5704,0.07692307692307693,0.0,486
2279446146444703667,703614,2751,164,0,9,0,51,0,123,0,0,0,0,0,1,0,156,0,0,0,0,0,0,3,0,0,0,0,348,STNL to BP,5710,0.4146341463414634,0.17647058823529413,333
2325573310457768397,125367,560,25,0,0,0,1,0,36,0,0,0,3,3,0,0,15,0,0,0,0,0,0,0,0,0,0,0,62,STNL to BP,5736,0.027777777777777776,0.0,180
2333101661192158738,171749,717,27,0,1,0,18,0,39,0,0,0,0,0,0,0,17,0,0,0,0,0,0,0,5,0,0,0,85,STNL to BP,5739,0.46153846153846156,0.05555555555555555,542
2380150062047310689,185984,772,35,0,0,0,1,0,55,0,0,0,6,7,1,0,19,0,0,0,0,0,0,0,2,0,0,0,92,STNL to BP,5759,0.01818181818181818,0.0,309
2427614898258681713,192012,805,17,1,0,0,26,0,51,0,0,0,1,0,0,0,13,0,0,1,0,0,0,1,0,0,0,0,95,STNL to BP,5778,0.5098039215686274,0.0,150
2452935394994621062,214126,837,5,0,0,0,35,0,66,0,0,0,1,0,0,0,0,0,0,1,0,0,0,0,0,0,0,0,106,STNL to BP,5793,0.5303030303030303,0.0,826
2518091418816306115,778096,3195,112,0,5,0,137,0,129,0,0,1,3,17,1,0,69,0,0,0,0,0,0,1,0,0,0,0,385,STNL to BP,5829,1.062015503875969,0.0364963503649635,494
2527860716097075118,293068,1065,2,3,6,0,67,0,67,0,0,0,1,0,0,0,0,0,0,0,1,0,0,0,0,0,0,0,145,STNL to BP,5834,1.0,0.08955223880597014,456
2702159970056982590,74779,305,2,0,0,0,3,0,32,0,0,0,0,0,0,2,0,0,0,0,0,0,0,0,0,0,0,0,37,STNL to BP,5906,0.09375,0.0,366
2708330760142006990,186110,717,41,0,4,0,25,1,21,0,0,0,0,1,0,0,21,0,0,0,0,0,0,0,3,0,0,0,92,BP to STH,5910,1.1904761904761905,0.16,226
2850267405260092622,495212,1984,7,0,4,0,96,0,138,0,0,0,2,0,0,3,0,0,0,0,0,0,0,0,0,0,0,0,245,BP to STH,6000,0.6956521739130435,0.041666666666666664,371
2854464749835862147,355768,1377,38,0,5,0,28,0,105,0,0,0,1,6,0,0,28,0,0,0,0,0,0,0,2,0,0,0,176,STNL to BP,6001,0.26666666666666666,0.17857142857142858,1130
2882989832676128821,103087,367,3,0,0,0,8,0,40,0,0,0,1,1,0,0,0,0,0,0,0,0,0,1,0,0,0,0,51,STNL to BP,6016,0.2,0.0,311
2890375092945620786,355680,1316,14,0,3,0,10,0,149,0,0,0,0,0,0,5,8,0,0,0,0,0,0,0,0,0,0,0,176,STNL to BP,6026,0.06711409395973154,0.3,289
2903249435717702003,131405,531,8,0,0,0,11,0,46,0,0,0,2,0,0,0,1,0,0,0,0,0,0,0,0,0,0,0,65,STNL to BP,6030,0.2391304347826087,0.0,1049
3208522804870389273,252694,1075,33,2,2,0,23,0,65,0,0,0,1,3,0,0,18,0,0,1,0,0,0,0,0,0,0,0,125,STNL to BP,6166,0.35384615384615387,0.08695652173913043,87
3282502495883855825,68730,270,2,0,0,0,6,0,25,0,0,0,2,0,1,0,0,0,0,0,0,0,0,0,0,0,0,0,34,STNL to BP,6204,0.24,0.0,406
3338316748163076595,129275,507,2,0,2,0,20,0,40,0,0,0,0,0,0,1,0,0,0,0,0,0,0,1,0,0,0,0,64,BP to STH,6229,0.5,0.1,13
3365217500623201563,258655,1064,21,0,4,0,42,0,61,0,0,0,3,0,0,0,12,0,0,0,0,0,0,0,0,0,0,0,128,STNL to BP,6244,0.6885245901639344,0.09523809523809523,343
3369988680068787443,34408,157,5,0,0,0,5,0,7,0,0,0,2,1,0,0,0,0,0,0,0,0,0,0,1,0,0,0,17,BP to STH,6247,0.7142857142857143,0.0,31
3446703513997072692,383966,1521,11,0,8,0,15,0,155,0,0,0,0,1,1,0,4,0,0,0,0,0,0,0,5,0,0,0,190,STNL to BP,6285,0.0967741935483871,0.5333333333333333,555
3543569582711608830,66664,250,2,0,0,0,4,0,25,1,0,0,1,0,1,0,0,0,0,0,0,1,0,0,0,0,0,0,33,STNL to BP,6326,0.16,0.0,440
3551247165584282087,196169,824,52,0,0,0,2,0,43,0,0,0,2,3,0,0,44,0,0,0,0,0,0,0,0,0,0,0,97,STNL to BP,6330,0.046511627906976744,0.0,0
3641115536732650031,32303,132,3,0,0,0,1,0,11,1,0,0,2,0,0,0,0,0,0,0,0,0,0,0,0,0,0,0,16,STNL to BP,6361,0.09090909090909091,0.0,0
3713618453297085704,117204,456,15,0,0,0,18,0,25,0,0,0,1,0,0,2,8,0,0,0,0,0,0,0,0,0,0,0,58,STNL to BP,6392,0.72,0.0,316
3755415190359703074,204153,796,21,0,3,0,15,0,61,1,0,0,1,2,0,0,14,0,0,0,0,0,0,0,2,0,0,0,101,STNL to BP,6418,0.2459016393442623,0.2,187
3787727130846742563,323297,1173,22,0,30,0,17,0,88,0,0,0,0,1,3,0,10,0,0,0,0,0,0,1,1,0,0,0,160,STNL to BP,6435,0.19318181818181818,1.7647058823529411,7
3883937667997124345,220369,882,17,0,0,0,14,0,78,0,0,0,2,0,0,0,13,0,0,0,0,0,0,0,0,0,0,0,109,BP to STH,6485,0.1794871794871795,0.0,318
4037601303897450422,127381,514,4,0,4,0,8,0,47,0,0,0,0,0,0,0,0,0,0,0,0,1,0,1,0,0,0,0,63,STNL to BP,6553,0.1702127659574468,0.5,1798
4281024389889631300,123326,490,2,0,0,0,1,0,58,0,0,0,0,0,0,1,0,0,0,0,0,0,0,1,0,0,0,0,61,STNL to BP,6661,0.017241379310344827,0.0,1120
4288148529985045278,143484,570,5,0,1,0,3,0,62,0,0,0,0,0,0,1,0,0,0,0,0,0,0,3,0,0,0,0,71,STNL to BP,6666,0.04838709677419355,0.3333333333333333,623
4355658464152939590,270855,1088,33,0,1,0,28,0,72,0,0,0,3,3,0,0,22,0,0,0,0,0,0,0,0,0,0,0,134,STNL to BP,6697,0.3888888888888889,0.03571428571428571,197
4439190720017050003,157663,585,5,0,4,0,32,0,37,0,0,3,1,0,0,0,0,0,0,1,0,0,0,0,0,0,0,0,78,STNL to BP,6736,0.8648648648648649,0.125,330
4446851608137757803,258849,1072,59,0,1,0,12,0,56,0,0,0,0,0,0,2,57,0,0,0,0,0,0,0,0,0,0,0,128,STNL to BP,6743,0.21428571428571427,0.08333333333333333,74
4522828249695895660,297046,1175,5,0,2,0,40,0,100,0,0,0,2,0,0,0,2,0,0,0,0,0,0,0,0,0,0,0,147,STNL to BP,6782,0.4,0.05,0
4546589125456781174,656799,2741,81,0,12,0,60,0,170,0,0,1,0,1,1,0,66,0,0,0,0,0,0,0,2,0,1,0,325,STNL to BP,6790,0.35294117647058826,0.2,321
4578386858563016433,190021,782,9,0,1,0,15,0,69,0,0,0,0,0,0,2,7,0,0,0,0,0,0,0,0,0,0,0,94,STNL to BP,6803,0.21739130434782608,0.06666666666666667,225
4580692820289639165,260642,1077,2,0,4,0,67,0,55,0,0,0,0,0,1,2,0,0,0,0,0,0,0,0,0,0,0,0,129,STNL to BP,6806,1.2181818181818183,0.05970149253731343,753
4614847101604273386,282989,1091,16,0,4,0,45,0,75,0,0,0,2,0,0,0,8,0,0,0,0,1,0,0,0,0,0,0,140,BP to STH,6827,0.6,0.08888888888888889,943
4766756853486505833,458607,1811,28,0,7,0,87,1,104,0,0,0,2,9,0,0,9,0,0,0,0,0,0,2,0,0,0,0,227,BP to STH,6897,0.8365384615384616,0.08045977011494253,625
4860047710530551112,133443,510,10,0,1,0,15,1,39,0,0,0,0,0,0,2,3,0,0,0,0,0,0,0,0,0,0,0,66,BP to STH,6942,0.38461538461538464,0.06666666666666667,139
4885937734575527837,4048,17,0,2,0,0,0,0,0,0,0,0,1,0,0,0,0,0,0,0,1,0,0,0,0,0,0,0,2,BP to STH,6958,,,9
5027955229157686377,202151,741,14,0,3,0,22,0,60,0,0,0,2,0,1,0,9,0,0,0,0,3,0,0,0,0,0,0,100,STNL to BP,7027,0.36666666666666664,0.13636363636363635,270
5042780339743051650,319405,1197,52,0,2,0,15,0,89,0,0,0,0,0,0,0,46,0,0,0,0,0,0,0,2,0,0,0,158,STNL to BP,7038,0.16853932584269662,0.13333333333333333,37
5045155198921942124,389874,1485,4,0,3,0,105,0,80,1,0,0,0,0,0,0,0,0,0,0,0,0,0,0,2,0,0,0,193,STNL to BP,7041,1.3125,0.02857142857142857,61
5215601659729647807,169749,635,5,0,0,0,15,0,64,0,0,0,2,0,0,0,0,0,0,0,0,0,0,1,0,0,0,0,84,STNL to BP,7128,0.234375,0.0,576
5275811272905720734,331399,1251,4,0,6,1,73,0,79,0,0,0,2,1,1,1,0,0,0,0,0,0,0,0,0,0,0,0,164,STNL to BP,7162,0.9240506329113924,0.0821917808219178,341
5325526252937624782,185921,687,23,0,5,0,13,0,49,1,0,0,1,0,1,3,17,0,0,0,0,0,0,0,0,0,0,0,92,STNL to BP,7189,0.2653061224489796,0.38461538461538464,451
5415845012678727902,10119,37,2,0,0,2,0,1,0,0,0,0,1,0,0,0,0,0,0,0,0,1,0,0,0,0,0,0,5,STNL to BP,7230,,,34
5449317809823501691,127324,557,10,0,1,0,23,0,29,0,0,0,2,3,0,0,0,0,0,0,0,0,0,0,0,0,0,0,63,STNL to BP,7250,0.7931034482758621,0.043478260869565216,1073
5498246293092350814,204137,843,4,0,11,0,39,1,46,0,0,0,0,0,0,0,2,0,0,0,0,0,0,2,0,0,0,0,101,BP to STH,7279,0.8478260869565217,0.28205128205128205,2224
5537068317766498372,549686,2037,53,0,2,7,84,2,124,0,0,0,1,8,0,0,35,0,0,0,0,0,0,0,1,0,0,0,272,STNL to BP,7301,0.6774193548387096,0.023809523809523808,91
5725767987110565405,167834,669,17,0,3,0,9,0,52,0,1,0,1,0,1,0,11,0,0,0,0,0,0,2,0,0,0,0,83,STNL to BP,7397,0.17307692307692307,0.3333333333333333,912
5744119720450070445,147542,576,2,0,2,0,13,0,55,0,0,0,2,0,1,0,0,0,0,0,0,0,0,0,0,0,0,0,73,STNL to BP,7405,0.23636363636363636,0.15384615384615385,468
5799466154609949590,157677,644,3,0,1,0,2,0,72,0,0,0,0,0,0,3,0,0,0,0,0,0,0,0,0,0,0,0,78,STNL to BP,7436,0.027777777777777776,0.5,106
5802051210408988778,244543,855,0,2,0,0,52,0,67,0,0,0,0,0,0,0,0,0,0,2,0,0,0,0,0,0,0,0,121,STNL to BP,7438,0.7761194029850746,0.0,104
5936266634516116511,190103,764,32,0,1,0,15,0,44,1,0,0,3,0,1,0,24,0,0,0,0,0,0,0,0,0,0,0,94,STNL to BP,7509,0.3409090909090909,0.06666666666666667,552
5995385775827806306,1488943,5998,19,0,11,0,493,0,214,0,0,0,0,3,0,1,11,0,0,0,0,0,0,0,3,0,0,0,737,STNL to BP,7534,2.303738317757009,0.02231237322515213,740
6014807813583488787,410258,1602,24,1,5,0,37,0,136,0,0,3,2,0,0,0,18,0,0,0,0,0,0,0,0,0,0,0,203,BP to STH,7541,0.27205882352941174,0.13513513513513514,0
6035482707323323387,95059,351,7,0,0,0,4,2,32,0,0,0,0,0,2,0,0,0,0,0,0,0,0,0,2,0,0,0,47,STNL to BP,7555,0.125,0.0,29
6060191428801144560,319303,1242,14,0,4,0,12,0,127,0,0,0,3,1,1,0,7,0,0,0,0,0,0,1,0,0,0,0,158,STNL to BP,7565,0.09448818897637795,0.3333333333333333,354
6111772398882594500,103095,395,3,2,4,0,9,0,33,0,0,0,0,0,0,0,0,0,0,0,1,1,0,0,0,0,0,0,51,STNL to BP,7593,0.2727272727272727,0.4444444444444444,477
6153090004140980367,377871,1484,19,0,1,0,41,0,126,0,0,0,1,1,0,1,12,0,0,0,0,0,0,0,3,0,0,0,187,STNL to BP,7610,0.3253968253968254,0.024390243902439025,283
6207896775180062030,535460,2106,68,0,3,0,105,0,89,0,0,0,2,1,0,0,54,0,0,0,0,0,0,0,5,0,0,0,265,STNL to BP,7628,1.1797752808988764,0.02857142857142857,182
6238623972036613325,88926,345,2,0,0,0,11,0,31,0,0,0,0,0,0,2,0,0,0,0,0,0,0,0,0,0,0,0,44,STNL to BP,7654,0.3548387096774194,0.0,6
6292188163208558063,119251,429,3,0,0,0,7,0,49,0,0,0,1,0,0,0,0,0,0,0,0,0,0,1,0,0,0,0,59,STNL to BP,7684,0.14285714285714285,0.0,365
6293399697177916560,341577,1254,20,0,1,0,57,0,90,0,0,0,0,3,1,0,10,0,0,0,0,0,0,0,4,0,0,0,169,STNL to BP,7686,0.6333333333333333,0.017543859649122806,370
6302843797097595119,145507,566,4,0,1,0,16,0,51,0,0,0,2,1,0,0,0,0,0,0,0,0,0,0,0,0,0,0,72,STNL to BP,7696,0.3137254901960784,0.0625,292
6317676185165226208,725604,2632,37,2,7,0,165,0,146,0,0,0,0,6,2,0,24,0,0,0,0,1,0,0,1,0,0,0,359,BP to STH,7706,1.13013698630137,0.04242424242424243,329
6348125179063301482,349670,1356,35,0,3,0,49,0,84,0,0,0,0,1,2,1,32,0,0,0,0,0,0,0,1,0,0,0,173,STNL to BP,7714,0.5833333333333334,0.061224489795918366,434
6361288428255341340,90951,337,2,0,3,0,2,0,38,0,0,0,1,0,0,0,0,0,0,1,0,0,0,0,0,0,0,0,45,STNL to BP,7725,0.05263157894736842,1.5,105
6371057237398760202,349694,1364,20,2,10,0,38,0,102,1,0,0,0,2,0,0,7,0,0,0,0,0,0,0,6,0,0,0,173,STNL to BP,7730,0.37254901960784315,0.2631578947368421,136
6425256157197054451,78825,309,2,0,2,0,4,0,31,0,0,0,0,0,0,2,0,0,0,0,0,0,0,0,0,0,0,0,39,STNL to BP,7757,0.12903225806451613,0.5,0
6432511361847303950,163727,583,2,0,4,1,39,1,33,0,0,0,1,0,1,1,0,0,0,0,0,0,0,0,0,0,0,0,81,STNL to BP,7762,1.1818181818181819,0.10256410256410256,1144
6498433799265601470,531723,2214,80,0,5,0,38,0,139,1,0,0,0,0,0,0,76,0,0,0,0,0,0,0,2,0,0,0,263,STNL to BP,7795,0.2733812949640288,0.13157894736842105,77
6502817714664174220,224306,857,4,0,1,0,18,0,88,0,0,0,0,0,0,1,0,0,0,0,0,0,0,2,0,0,0,0,111,STNL to BP,7797,0.20454545454545456,0.05555555555555555,381
6516191408167799141,86910,350,4,0,0,0,7,0,32,0,0,0,0,0,0,1,0,0,0,0,0,0,0,1,0,0,0,0,43,STNL to BP,7800,0.21875,0.0,649
6549947906214472304,206212,757,9,1,6,0,27,0,59,0,0,1,1,0,0,0,5,0,0,0,0,1,0,0,0,0,0,0,102,STNL to BP,7811,0.4576271186440678,0.2222222222222222,150
6564789363124231369,175836,755,12,0,0,0,29,0,45,0,0,0,3,0,1,0,5,0,0,0,0,0,0,1,0,0,0,0,87,STNL to BP,7819,0.6444444444444445,0.0,629
6579148670593148670,109149,445,10,0,0,0,0,0,43,1,0,0,2,0,0,0,7,0,0,0,0,0,0,0,0,0,0,0,54,STNL to BP,7823,0.0,,0
6589448992120577442,658776,2665,49,0,17,0,145,0,115,0,0,2,2,0,0,0,43,0,0,0,0,0,0,0,0,0,0,0,326,BP to STH,7831,1.2608695652173914,0.11724137931034483,853
6677788661377412166,325573,1360,68,0,3,2,21,0,67,0,0,0,0,0,0,1,64,0,0,0,0,0,0,0,1,0,0,0,161,STNL to BP,7873,0.31343283582089554,0.14285714285714285,649
6690408073253852770,258737,1034,3,0,15,0,47,0,62,0,0,0,1,0,1,1,0,0,0,0,0,0,0,0,0,0,0,0,128,BP to STH,7881,0.7580645161290323,0.3191489361702128,1428
6736573298070438885,194029,833,8,0,2,0,12,0,74,0,0,2,2,0,0,0,0,0,0,0,0,0,0,0,0,0,0,0,96,STNL to BP,7905,0.16216216216216217,0.16666666666666666,296
6902197315984304436,856855,3359,74,3,5,0,122,0,220,0,0,0,1,3,0,0,61,0,0,0,0,0,1,0,0,0,0,0,424,STNL to BP,7975,0.5545454545454546,0.040983606557377046,225
6938955164965166166,141464,559,7,0,0,0,0,0,62,0,0,0,2,0,1,0,5,0,0,0,0,0,0,0,0,0,0,0,70,STNL to BP,7990,0.0,,1104
7038281284539523905,109109,434,14,0,0,0,3,0,35,0,0,0,3,0,2,0,7,0,0,0,0,0,0,0,0,0,0,0,54,STNL to BP,8052,0.08571428571428572,0.0,546
7135438811365394080,383952,1601,6,0,4,0,67,0,113,0,0,0,0,0,0,4,0,0,0,0,0,1,0,0,0,0,0,0,190,BP to STH,8099,0.5929203539823009,0.05970149253731343,363
7137804044814279250,349552,1338,5,0,0,0,25,0,141,1,0,2,0,0,1,0,0,0,0,0,0,0,0,0,2,0,0,0,173,BP to STH,8101,0.1773049645390071,0.0,383
7146963832459798482,147543,629,15,0,0,0,15,0,42,0,1,0,3,1,0,0,7,0,0,0,0,0,0,0,0,0,0,0,73,STNL to BP,8107,0.35714285714285715,0.0,174
7159777426766795474,262948,1109,85,0,0,0,10,0,34,0,0,0,1,0,1,1,80,0,0,0,0,0,0,0,0,0,0,0,130,STNL to BP,8113,0.29411764705882354,0.0,1759
7190841771724788605,173931,646,20,0,10,1,20,2,33,0,0,0,0,6,0,0,5,0,0,2,0,0,0,0,1,0,0,0,86,STNL to BP,8130,0.6060606060606061,0.5,728
7232269491368354331,931764,3548,154,0,14,0,125,0,167,0,0,2,0,7,1,1,139,0,0,0,0,0,0,0,1,0,0,0,461,STNL to BP,8147,0.7485029940119761,0.112,2140
7261875240066512921,282820,1156,3,0,5,0,55,0,77,0,0,0,0,0,0,3,0,0,0,0,0,0,0,0,0,0,0,0,140,STNL to BP,8160,0.7142857142857143,0.09090909090909091,182
7326382321552367880,80849,340,3,2,0,0,1,0,32,0,0,0,2,0,2,0,0,0,0,0,0,0,0,1,0,0,0,0,40,STNL to BP,8204,0.03125,0.0,160
7420366293168354767,270796,1014,3,0,4,0,31,0,96,0,0,0,0,0,0,0,0,0,0,0,0,2,0,0,0,0,0,0,134,STNL to BP,8249,0.3229166666666667,0.12903225806451613,0
7425685381362682513,170012,739,56,0,1,1,13,0,11,2,0,0,0,0,0,0,49,0,0,0,0,0,0,1,2,0,0,0,84,BP to STH,8255,1.1818181818181819,0.07692307692307693,346
7473312191772269602,92955,365,2,0,0,0,5,0,39,0,0,0,0,0,0,2,0,0,0,0,0,0,0,0,0,0,0,0,46,STNL to BP,8282,0.1282051282051282,0.0,0
7498286043678193838,105098,420,1,1,0,0,0,0,49,0,0,0,2,0,1,0,0,0,0,0,0,0,0,0,0,0,0,0,52,STNL to BP,8303,0.0,,983
7603381243254573039,311519,1345,100,0,0,0,15,0,39,0,0,1,6,3,0,0,86,0,0,0,0,0,0,0,0,0,0,0,154,STNL to BP,8343,0.38461538461538464,0.0,167
7604364134562144164,101075,409,3,0,0,0,4,0,43,0,0,0,1,0,0,0,0,0,0,0,0,1,0,0,0,0,0,0,50,STNL to BP,8345,0.09302325581395349,0.0,1467
7627378704202382681,410402,1420,96,2,0,0,11,0,91,0,0,0,1,0,3,0,94,0,0,0,1,0,0,0,0,0,0,0,203,STNL to BP,8354,0.12087912087912088,0.0,841
7717143502210335496,1829984,7298,526,0,47,4,166,2,158,0,0,4,3,4,2,1,496,0,0,1,0,0,0,2,0,0,0,0,905,STNL to BP,8398,1.0506329113924051,0.28313253012048195,234
7718953313460616628,149542,538,4,0,3,0,26,0,40,1,0,0,2,0,0,1,0,0,0,0,0,0,0,0,0,0,0,0,74,STNL to BP,8400,0.65,0.11538461538461539,554
7825267527394359475,147533,578,7,0,0,0,34,0,32,0,0,0,2,0,0,0,2,0,0,0,0,0,0,1,0,0,0,0,73,STNL to BP,8461,1.0625,0.0,868
7916034555330604822,426393,1554,3,0,0,0,51,0,157,0,0,0,0,0,0,0,0,0,0,0,0,2,0,0,0,0,0,0,211,STNL to BP,8513,0.3248407643312102,0.0,334
7950717464485335935,99011,417,9,0,1,0,16,0,23,0,0,0,2,0,0,0,7,0,0,0,0,0,0,0,0,0,0,0,49,STNL to BP,8530,0.6956521739130435,0.0625,997
7960805485718086908,68778,329,23,0,0,0,1,0,8,1,0,0,2,1,1,0,15,0,0,0,0,0,0,0,0,0,0,0,34,STNL to BP,8535,0.125,0.0,405
8098167370009537518,226496,921,59,0,0,0,9,0,43,0,0,1,2,1,1,0,52,0,0,0,0,0,0,0,0,0,0,0,112,STNL to BP,8598,0.20930232558139536,0.0,0
8136649743309128814,376197,1382,119,0,2,0,18,0,47,0,0,0,0,1,0,0,116,0,0,0,0,0,0,0,2,0,0,0,186,STNL to BP,8614,0.3829787234042553,0.1111111111111111,338
8160907121622829746,212210,821,2,0,0,0,0,0,102,0,0,0,1,0,1,0,0,0,0,0,0,0,0,1,0,0,0,0,105,STNL to BP,8625,0.0,,713
8218457334943823746,648665,2595,55,0,13,0,119,0,134,0,0,1,0,0,0,0,41,0,0,0,0,0,0,0,13,0,0,0,321,STNL to BP,8652,0.8880597014925373,0.1092436974789916,153
8253567927094815250,135350,556,3,0,0,0,3,0,61,0,0,0,1,0,0,1,0,0,0,0,0,0,0,0,0,0,0,0,67,STNL to BP,8671,0.04918032786885246,0.0,306
8355959352121752356,254576,983,2,1,1,0,7,0,114,1,0,1,0,0,0,1,0,0,0,0,1,0,0,0,0,0,0,0,126,STNL to BP,8718,0.06140350877192982,0.14285714285714285,1528
8363992532728012381,129415,482,23,0,0,0,7,0,34,0,0,0,0,0,0,5,17,0,0,0,0,1,0,0,0,0,0,0,64,STNL to BP,8724,0.20588235294117646,0.0,206
8484907688085770444,457069,1809,114,0,11,0,33,0,66,1,0,0,0,1,1,0,107,0,0,0,0,0,0,0,2,0,0,0,226,STNL to BP,8775,0.5,0.3333333333333333,285
8495736174969013419,88940,313,7,0,0,0,11,0,26,0,0,0,3,0,0,0,0,0,0,0,0,0,0,0,0,0,0,0,44,STNL to BP,8782,0.4230769230769231,0.0,542
8543569857137797959,1111672,4487,139,0,10,1,217,0,182,0,0,1,1,1,0,0,123,0,0,1,0,0,0,0,0,0,0,1,550,BP to STH,8795,1.1923076923076923,0.04608294930875576,238
8594362292800621071,105082,427,23,0,0,0,17,0,9,0,1,1,0,0,1,0,14,0,0,0,0,0,0,0,5,0,0,0,52,STNL to BP,8825,1.8888888888888888,0.0,94
8681146926363205975,179844,740,3,0,0,0,3,0,82,0,0,0,0,0,1,2,0,0,0,0,0,0,0,1,0,0,0,0,89,STNL to BP,8858,0.036585365853658534,0.0,179
8738855704653741508,129372,518,11,0,0,0,5,0,48,0,0,0,6,2,0,0,0,0,0,0,0,0,0,0,0,0,0,0,64,STNL to BP,8890,0.10416666666666667,0.0,150
8759884101140642209,145569,648,13,0,0,0,8,0,51,0,0,0,2,2,0,0,6,0,0,0,0,0,0,0,0,0,0,0,72,STNL to BP,8908,0.1568627450980392,0.0,1070
8796760109441061402,80938,282,22,0,0,0,8,0,10,0,0,0,1,0,0,0,18,0,0,0,0,0,0,0,2,0,0,0,40,STNL to BP,8925,0.8,0.0,370
8799425225676507467,149509,601,6,0,1,0,12,0,54,0,0,0,2,0,1,0,2,0,0,0,0,0,0,0,0,0,0,0,74,STNL to BP,8928,0.2222222222222222,0.08333333333333333,965
8835525707181432840,299234,1191,43,0,2,0,59,2,42,0,0,0,0,0,0,0,40,0,0,0,0,1,0,0,1,0,0,0,148,BP to STH,8941,1.4047619047619047,0.03389830508474576,137
8837729382628889760,329642,1293,52,0,3,0,22,0,84,1,0,1,4,2,1,2,41,0,0,0,0,0,0,0,0,0,0,0,163,BP to STH,8943,0.2619047619047619,0.13636363636363635,139
8861781879211822225,282956,1120,20,0,0,0,5,0,114,0,0,0,0,0,1,2,14,0,0,0,0,0,0,1,0,0,0,0,140,STNL to BP,8957,0.043859649122807015,0.0,899
8896681364853789975,193962,748,9,0,0,0,13,0,74,0,0,2,0,0,0,2,5,0,0,0,0,0,0,0,0,0,0,0,96,STNL to BP,8975,0.17567567567567569,0.0,353
8899976490600158464,204244,844,37,0,5,2,11,2,43,0,0,1,0,1,0,0,33,0,0,0,0,1,0,0,1,0,0,0,101,BP to STH,8976,0.2558139534883721,0.45454545454545453,488
8907645328465305799,111255,429,50,0,0,0,4,0,1,0,0,0,1,11,0,0,36,0,0,0,0,0,0,0,1,0,0,0,55,STNL to BP,8977,4.0,0.0,36
8938815539083175477,141488,613,18,0,1,1,13,0,37,0,0,0,5,2,0,0,6,0,0,0,0,0,0,0,0,0,0,0,70,STNL to BP,8993,0.35135135135135137,0.07692307692307693,260
9045886112770290762,222562,948,75,0,3,0,1,0,30,0,0,0,0,1,0,2,65,0,0,0,0,0,0,0,0,1,0,0,110,BP to STH,9046,0.03333333333333333,3.0,395
9131450548628288101,181821,687,2,0,2,0,30,0,55,0,0,0,0,0,1,2,0,0,0,0,0,0,0,0,0,0,0,0,90,STNL to BP,9089,0.5454545454545454,0.06666666666666667,775
9132734729235200105,392248,1383,49,0,5,0,34,0,105,0,0,0,0,0,1,1,47,0,0,0,0,0,0,0,1,0,0,0,194,BP to STH,9090,0.3238095238095238,0.14705882352941177,678
9136851416107125386,153667,668,27,0,1,0,8,0,38,0,0,0,3,2,2,0,19,0,0,0,0,0,0,0,0,0,0,0,76,STNL to BP,9092,0.21052631578947367,0.125,513
9137994490672047969,171814,595,3,0,3,0,2,0,76,1,0,0,0,0,0,3,0,0,0,0,0,0,0,0,0,0,0,0,85,STNL to BP,9094,0.02631578947368421,1.5,162
