CUSTOMER_KEY,LOB_SEAHAWKS,LOB_FGI,email_click,email_incoming_from_customer,email_open,email_outgoing_to_customer,email_send,email_sub,email_unsub,form_submission,forward_receipt,forward_received,forward_send,initial_creation,merch_purchase,page_view,phonecall_incoming_from_customer,phonecall_outgoing_to_customer,primary_purchase_club,primary_purchase_ga,primary_purchase_single,primary_purchase_suite,secondary_purchase,secondary_sale,text_incoming_from_customer,text_outgoing_to_customer,Totals,AVG_TIME_DAYS_purchase,0-200_purchase,200-800_purchase,800+_purchase,no_purchase,percent_open,percent_click
-9157915483923582597,5,0,68,0,892,0,503,1,0,7,0,2,1,3,0,0,0,0,0,0,0,0,0,0,0,0,1479,278.0,0,1,0,0,1.7733598409542743,0.07623318385650224
-9141810862643511111,0,0,5,0,127,0,476,1,0,0,0,0,0,3,0,0,0,0,0,0,0,0,0,0,0,0,612,,0,0,0,1,0.2668067226890756,0.03937007874015748
-9116334708896324979,85,0,22,0,116,0,376,1,0,0,0,0,0,3,0,82,0,0,0,0,1,0,1,1,0,0,603,27.0,1,0,0,0,0.30851063829787234,0.1896551724137931
-9090058647971006971,217,0,6,0,10,0,55,1,0,4,0,0,1,3,0,210,0,0,0,0,1,0,0,0,0,0,292,0.0,0,0,1,0,0.18181818181818182,0.6
-9037673472788855146,1,0,2,0,47,0,451,1,0,1,0,0,0,3,0,0,0,0,0,0,0,0,0,0,0,0,505,,0,0,0,1,0.10421286031042129,0.0425531914893617
-9012908103242928757,42,0,9,0,90,0,296,1,0,0,0,5,0,3,0,24,0,0,0,0,0,0,0,1,0,0,441,224.0,0,1,0,0,0.30405405405405406,0.1
-8969161225324756307,27,0,39,0,351,0,279,1,0,0,0,5,3,3,0,0,0,0,0,0,0,0,6,0,0,0,700,146.0,1,0,0,0,1.2580645161290323,0.1111111111111111
-8953369186187304802,4,0,43,0,222,0,324,1,0,0,0,0,0,3,0,0,0,0,1,0,0,0,1,0,0,0,597,334.0,0,1,0,0,0.6851851851851852,0.19369369369369369
-8944279931800903083,14,0,21,1,383,1,229,1,0,0,0,0,0,4,0,4,0,0,0,0,2,0,0,0,0,0,654,1028.0,0,0,1,0,1.6724890829694323,0.05483028720626632
-8908214432887373553,26,0,10,0,121,0,592,1,0,0,0,10,4,3,0,0,0,0,0,0,0,0,0,0,0,0,753,0.0,0,0,1,0,0.20439189189189189,0.08264462809917356
-8904016174467606188,311,0,22,6,125,6,494,1,0,2,0,0,2,3,0,294,0,0,1,0,1,0,1,9,0,0,969,49.0,1,0,0,0,0.25303643724696356,0.176
-8823143030947066599,274,0,10,0,288,0,265,1,0,1,0,22,9,5,0,214,0,0,0,0,1,0,0,0,0,0,843,50.0,1,0,0,0,1.0867924528301887,0.034722222222222224
-8764571205881441145,8,0,14,0,104,0,459,1,0,0,0,2,1,3,0,0,0,0,0,0,1,0,0,0,0,0,589,784.0,0,1,0,0,0.22657952069716775,0.1346153846153846
-8724293523212305214,29,0,3,0,428,0,328,1,0,0,0,10,0,3,0,2,0,0,0,0,0,0,0,0,0,0,792,132.0,1,0,0,0,1.3048780487804879,0.007009345794392523
-8595620673097257954,0,0,6,0,162,0,321,1,0,0,0,0,0,3,0,0,0,0,0,0,0,0,0,0,0,0,493,,0,0,0,1,0.5046728971962616,0.037037037037037035
-8579243188925613602,0,0,0,0,0,0,0,0,0,0,0,0,0,2,0,0,0,0,0,0,0,0,0,0,0,0,2,,0,0,0,1,,
-8563383892407729413,261,0,35,2,386,4,1188,1,0,3,0,5,0,3,0,225,0,0,0,0,3,0,0,0,0,0,1880,224.0,0,1,0,0,0.32491582491582494,0.09067357512953368
-8546414107986006688,46,0,77,1,413,1,1169,1,0,7,0,6,0,3,8,5,0,0,0,0,0,0,2,0,0,0,1711,131.0,1,0,0,0,0.3532934131736527,0.1864406779661017
-8545723227759132764,4,0,15,0,149,0,810,1,0,1,0,0,0,3,1,3,0,0,0,0,0,0,0,0,0,0,983,0.0,0,0,1,0,0.18395061728395062,0.10067114093959731
-8541684936303598204,0,0,2,0,191,0,278,1,0,0,0,0,0,3,0,0,0,0,0,0,0,0,0,0,0,0,475,,0,0,0,1,0.6870503597122302,0.010471204188481676
-8527154437507280396,12,0,0,0,0,0,1,1,0,1,0,0,7,4,0,0,0,0,0,0,1,0,0,0,0,0,19,0.0,0,0,1,0,0.0,
-8512051865524996985,38,0,9,0,91,2,178,1,0,0,0,0,0,4,0,38,0,0,0,0,0,0,0,0,0,0,323,,0,0,0,1,0.5112359550561798,0.0989010989010989
-8395702843977383706,132,0,54,0,451,0,512,2,1,6,0,0,0,5,0,121,0,0,0,0,1,0,0,0,0,0,1157,0.0,0,0,1,0,0.880859375,0.1197339246119734
-8272766310669968539,22,0,5,8,3,6,54,1,0,0,0,2,0,4,0,9,0,0,0,0,1,0,1,0,0,0,103,283.0,0,1,0,0,0.05555555555555555,1.6666666666666667
-8262710112382693632,26,0,11,0,114,0,250,1,0,0,0,6,0,3,0,0,1,0,0,0,2,0,0,0,0,0,406,175.0,1,0,0,0,0.456,0.09649122807017543
-8256754319375022645,241,0,3,0,66,0,215,1,0,0,0,12,4,5,4,187,0,0,0,0,0,0,0,4,0,0,531,65.0,1,0,0,0,0.30697674418604654,0.045454545454545456
-8239924760846022191,1,0,8,3,197,3,417,1,0,0,0,0,0,3,0,0,0,0,0,0,1,0,0,0,0,0,633,0.0,0,0,1,0,0.4724220623501199,0.04060913705583756
-8214881762988851175,43,0,39,0,207,0,957,2,1,5,0,1,0,3,0,32,0,0,0,0,0,0,3,0,0,0,1252,214.0,0,1,0,0,0.21630094043887146,0.18840579710144928
-8205598831632061841,4,0,16,0,275,0,416,1,0,2,0,0,0,3,0,2,0,0,0,0,0,0,0,0,0,0,715,,0,0,0,1,0.6610576923076923,0.05818181818181818
-8137007490398234626,6,1,7,2,104,1,274,1,0,1,0,0,0,3,0,0,0,0,0,1,1,0,0,0,0,0,399,491.0,0,1,0,0,0.3795620437956204,0.0673076923076923
-8107343631148959525,21,0,15,0,621,0,316,1,0,3,0,1,0,3,0,5,0,0,0,0,2,0,0,0,0,0,977,741.0,0,1,0,0,1.9651898734177216,0.024154589371980676
-8049229478301472368,564,0,56,13,1433,8,924,1,1,1,0,2,1,4,11,520,0,0,0,0,4,0,3,0,0,0,3004,92.0,1,0,0,0,1.550865800865801,0.039078855547801813
-8037488590670368599,268,0,4,0,32,0,233,1,0,0,0,2,1,4,1,251,0,0,0,0,2,0,2,0,0,0,542,242.0,0,1,0,0,0.13733905579399142,0.125
-8006093595710719691,8,0,13,0,95,0,266,1,0,0,0,2,0,3,0,0,0,0,0,0,0,0,0,0,0,0,386,6.0,1,0,0,0,0.35714285714285715,0.1368421052631579
-7996578165159496962,65,0,19,2,43,2,362,1,0,1,0,11,2,3,0,26,0,0,0,0,0,0,0,0,0,0,497,151.0,1,0,0,0,0.11878453038674033,0.4418604651162791
-7980281280322329922,78,0,23,0,381,0,567,1,0,2,0,3,0,4,0,69,0,0,0,0,1,0,0,0,0,0,1054,138.0,1,0,0,0,0.671957671957672,0.06036745406824147
-7859634946791141915,2,0,17,4,105,4,312,1,1,1,0,0,0,3,0,0,0,0,1,0,0,0,0,0,0,1,450,0.0,0,0,1,0,0.33653846153846156,0.1619047619047619
-7831089669626833044,35,0,15,0,82,0,220,1,0,1,0,2,1,3,0,0,0,0,0,0,2,0,10,2,0,0,356,123.0,1,0,0,0,0.37272727272727274,0.18292682926829268
-7767978990747320864,8,0,4,0,63,0,335,1,0,0,0,0,0,4,0,8,0,0,0,0,0,0,0,0,0,0,415,,0,0,0,1,0.1880597014925373,0.06349206349206349
-7727440583793414975,1,0,53,1,1035,0,1120,1,0,1,0,0,0,3,0,0,0,0,0,0,0,0,0,0,0,0,2214,,0,0,0,1,0.9241071428571429,0.051207729468599035
-7711708169338796633,0,0,10,0,32,0,104,1,0,0,0,0,0,3,0,0,0,0,0,0,0,0,0,0,0,0,150,,0,0,0,1,0.3076923076923077,0.3125
-7708667885611474725,23,0,42,0,205,0,326,1,0,0,0,4,0,3,0,3,0,0,0,0,2,0,3,0,0,0,600,226.0,0,1,0,0,0.6288343558282209,0.2048780487804878
-7706993705029856901,0,0,10,0,96,0,292,1,0,0,0,0,0,3,0,0,0,0,0,0,0,0,0,0,0,0,402,,0,0,0,1,0.3287671232876712,0.10416666666666667
-7696380263556700079,105,0,75,2,358,2,386,1,0,1,0,1,0,5,2,77,0,0,0,0,8,0,0,0,0,0,934,168.0,1,0,0,0,0.927461139896373,0.20949720670391062
-7687478522823981278,2,0,0,3,0,9,0,0,0,0,0,1,0,2,0,0,0,0,0,0,0,0,0,0,0,0,16,0.0,0,0,1,0,,
-7666347589326922410,0,0,0,0,31,0,43,1,0,0,0,0,0,3,0,0,0,0,0,0,0,0,0,0,0,0,78,,0,0,0,1,0.7209302325581395,0.0
-7498088826449412707,0,0,0,0,63,0,86,1,0,0,0,0,0,3,0,0,0,0,0,0,0,0,0,0,0,0,153,,0,0,0,1,0.7325581395348837,0.0
-7444272062984528908,8,0,10,0,7,0,8,1,1,2,0,0,0,3,0,2,0,0,0,0,0,0,1,0,0,0,38,0.0,0,0,1,0,0.875,1.4285714285714286
-7381434639362989072,0,0,22,0,301,0,258,1,0,0,0,0,0,3,0,0,0,0,0,0,0,0,0,0,0,0,585,,0,0,0,1,1.1666666666666667,0.07308970099667775
-7362917538814672174,24,0,49,1,202,2,359,1,0,5,0,0,0,5,0,9,0,0,0,0,2,0,0,0,0,0,643,372.0,0,1,0,0,0.5626740947075209,0.24257425742574257
-7220704954349947024,71,0,23,1,317,2,385,1,0,0,0,0,0,3,0,71,0,0,0,0,0,0,0,0,0,0,803,,0,0,0,1,0.8233766233766234,0.07255520504731862
-7182001334407371537,178,0,9,0,38,0,283,1,0,0,0,3,1,3,0,169,0,0,0,0,1,0,0,0,0,0,512,406.0,0,1,0,0,0.13427561837455831,0.23684210526315788
-7160336814061335004,63,0,67,0,1084,0,981,1,1,2,0,5,2,4,0,41,0,0,0,0,0,0,1,0,0,0,2201,222.0,0,1,0,0,1.1049949031600408,0.061808118081180814
-7139108510981460782,2,0,11,2,142,2,273,1,0,0,0,0,0,3,2,0,0,0,0,0,0,0,0,0,0,0,436,75.0,1,0,0,0,0.5201465201465202,0.07746478873239436
-7077566730579788140,3,5,1,0,1,0,2,1,0,0,0,1,0,3,0,0,0,0,1,0,0,0,0,0,0,0,16,824.0,0,0,1,0,0.5,1.0
-7043912350925996833,16,0,39,0,226,0,651,1,0,3,0,2,0,4,0,0,0,0,0,0,2,0,1,0,0,0,937,102.0,1,0,0,0,0.34715821812596004,0.17256637168141592
-7036322561516370182,0,0,38,0,138,0,505,1,0,0,0,0,0,3,0,0,0,0,0,0,0,0,0,0,0,0,685,,0,0,0,1,0.2732673267326733,0.2753623188405797
-7015441505373850168,37,0,24,0,572,0,512,1,0,0,0,4,1,4,1,15,0,0,0,0,4,0,0,0,0,0,1150,146.0,1,0,0,0,1.1171875,0.04195804195804196
-7010510342748082784,6,0,4,0,10,0,902,1,0,1,0,2,1,3,0,0,0,0,0,0,0,0,0,0,0,0,926,52.0,1,0,0,0,0.011086474501108648,0.4
-6957829994505452049,11,0,44,6,157,5,485,1,0,6,0,0,0,4,0,5,0,0,0,0,0,0,0,0,0,0,713,,0,0,0,1,0.3237113402061856,0.2802547770700637
-6950906650238113394,3,0,10,5,191,4,830,1,0,2,0,0,0,4,1,0,0,0,0,0,0,0,0,0,0,0,1048,0.0,0,0,1,0,0.23012048192771084,0.05235602094240838
-6818709734020143629,94,0,69,8,571,5,635,1,0,2,0,2,1,5,2,74,0,0,0,0,4,0,1,1,0,0,1388,100.0,1,0,0,0,0.8992125984251969,0.12084063047285463
-6790631518461061502,41,0,46,0,338,0,1214,1,0,1,0,1,2,5,4,11,0,0,0,0,0,0,7,0,0,0,1645,169.0,1,0,0,0,0.2784184514003295,0.13609467455621302
-6750744984810005994,34,0,20,0,61,0,11,1,1,0,0,1,0,3,0,31,0,0,0,0,0,0,0,0,0,0,131,0.0,0,0,1,0,5.545454545454546,0.32786885245901637
-6744167893657008546,48,1,9,9,66,8,220,1,0,13,0,11,5,4,1,0,0,0,1,0,0,1,1,0,2,0,368,116.0,1,0,0,0,0.3,0.13636363636363635
-6741972986182287599,4,0,7,0,192,0,417,1,0,0,0,0,1,3,0,0,0,0,0,0,1,0,0,0,0,0,624,0.0,0,0,1,0,0.460431654676259,0.036458333333333336
-6660345576974130847,147,0,34,0,205,0,379,1,0,1,0,2,7,4,0,128,0,0,1,0,0,0,0,1,0,0,771,276.0,0,1,0,0,0.5408970976253298,0.16585365853658537
-6530624777430011960,28,2,3,20,32,21,77,1,0,0,0,0,25,3,0,0,0,0,2,0,1,2,0,0,0,0,187,53.0,1,0,0,0,0.4155844155844156,0.09375
-6527090671150346969,18,0,4,0,8,0,81,1,0,0,0,0,0,4,0,18,0,0,0,0,0,0,0,0,0,0,116,,0,0,0,1,0.09876543209876543,0.5
-6526689350072366994,1,0,16,0,347,0,596,1,0,1,0,0,0,3,0,0,0,0,0,0,0,0,0,0,0,0,964,,0,0,0,1,0.5822147651006712,0.04610951008645533
-6507184187867875336,5,0,16,1,82,0,254,1,0,2,0,0,0,4,0,2,0,0,0,0,1,0,0,0,0,0,363,0.0,0,0,1,0,0.3228346456692913,0.1951219512195122
-6483971988094031572,12,0,17,0,215,0,555,1,0,0,0,2,0,3,0,5,0,0,0,0,0,0,0,0,0,0,803,138.0,1,0,0,0,0.38738738738738737,0.07906976744186046
-6441900937252259965,16,0,15,1,99,1,402,1,0,0,0,0,0,5,1,6,0,0,0,0,3,0,0,0,0,0,540,244.0,0,1,0,0,0.2462686567164179,0.15151515151515152
-6417429995057190665,47,0,31,0,440,0,477,1,0,3,0,0,0,5,0,44,0,0,0,0,0,0,0,0,0,0,1001,,0,0,0,1,0.9224318658280922,0.07045454545454545
-6171746212769013547,7,0,14,1,449,2,841,1,0,0,0,0,0,4,2,0,0,0,0,0,1,0,0,1,0,1,1320,454.0,0,1,0,0,0.5338882282996433,0.031180400890868598
-6160508446446456021,4,0,58,3,425,3,678,1,0,3,0,0,0,3,0,0,0,0,0,0,1,0,0,0,0,0,1175,0.0,0,0,1,0,0.6268436578171092,0.13647058823529412
-6112744960481964509,13,0,10,2,250,2,257,1,0,0,0,0,0,4,0,13,0,0,0,0,0,0,0,0,0,0,539,,0,0,0,1,0.9727626459143969,0.04
-6061965555223657586,4,0,36,4,650,2,373,1,0,1,0,0,0,4,1,0,0,0,0,0,1,1,0,0,0,0,1074,637.0,0,1,0,0,1.742627345844504,0.055384615384615386
-6059503310037458980,51,0,19,3,368,3,633,1,0,1,0,0,0,4,0,50,0,0,0,0,0,0,0,0,0,0,1082,,0,0,0,1,0.5813586097946287,0.051630434782608696
-6049570537394932747,11,0,26,0,598,0,579,1,0,1,0,1,1,3,0,0,0,0,0,0,1,0,3,0,0,0,1218,345.0,0,1,0,0,1.0328151986183074,0.043478260869565216
-6025874840385639274,48,0,13,3,40,4,150,1,0,1,0,0,0,4,0,47,0,0,0,0,0,0,0,0,0,0,263,,0,0,0,1,0.26666666666666666,0.325
-5968559310524040605,20,0,8,0,463,0,811,1,0,0,0,4,0,3,0,8,0,0,0,0,0,0,0,0,0,0,1306,408.0,0,1,0,0,0.5709001233045623,0.017278617710583154
-5939722819055984299,123,0,31,1,139,2,412,1,0,4,0,3,0,3,2,105,0,0,0,0,0,0,1,0,0,0,712,316.0,0,1,0,0,0.33737864077669905,0.22302158273381295
-5760014016219071183,12,0,29,0,216,0,656,1,0,5,0,0,0,3,0,0,0,0,0,0,1,0,1,0,0,0,917,827.0,0,0,1,0,0.32926829268292684,0.13425925925925927
-5759102919560029214,44,0,17,0,8,0,93,0,0,0,0,0,0,4,0,44,0,0,0,0,0,0,0,0,0,0,166,,0,0,0,1,0.08602150537634409,2.125
-5742895356362100559,274,0,61,0,540,0,1034,1,0,3,0,4,0,6,5,251,0,0,0,0,0,0,1,0,0,0,1916,134.0,1,0,0,0,0.5222437137330754,0.11296296296296296
-5713531855049494109,15,0,30,0,578,0,861,1,0,1,0,1,1,4,4,5,0,0,0,0,1,0,0,0,0,0,1489,251.0,0,1,0,0,0.6713124274099884,0.05190311418685121
-5525552194471188130,1,0,19,1,475,1,390,1,0,1,0,0,0,3,0,0,0,0,0,0,0,0,0,0,0,0,891,,0,0,0,1,1.2179487179487178,0.04
-5450984110095424957,9,0,3,0,13,2,43,1,0,1,0,0,0,4,0,8,0,0,0,0,0,0,0,0,0,0,75,,0,0,0,1,0.3023255813953488,0.23076923076923078
-5417602618748645204,17,0,20,0,306,0,360,1,0,2,0,3,1,5,0,7,0,0,0,0,0,0,0,0,0,0,709,13.0,1,0,0,0,0.85,0.06535947712418301
-5401122347547820497,0,0,4,1,25,0,39,1,1,0,0,0,0,3,0,0,0,0,0,0,0,0,0,0,0,0,74,,0,0,0,1,0.6410256410256411,0.16
-5374280373648718728,10,0,1,0,19,0,91,0,0,0,0,2,0,3,0,0,0,0,0,0,0,0,0,0,0,0,124,365.0,0,1,0,0,0.2087912087912088,0.05263157894736842
-5373872813822702213,5,0,11,0,290,0,253,1,0,1,0,1,0,2,0,0,0,0,0,0,0,0,0,0,0,0,562,0.0,0,0,1,0,1.1462450592885376,0.03793103448275862
-5348106785397086848,59,0,11,0,128,0,507,1,0,0,0,2,0,4,0,53,0,0,0,0,0,0,0,0,0,0,710,47.0,1,0,0,0,0.252465483234714,0.0859375
-5333932416693985977,0,3,112,0,69,0,188,1,0,0,0,0,0,3,0,0,0,0,0,1,0,0,0,0,0,0,376,0.0,0,0,1,0,0.3670212765957447,1.6231884057971016
-5290223801113959591,0,0,28,0,106,0,47,1,1,0,0,0,0,3,0,0,0,0,0,0,0,0,0,0,0,0,186,,0,0,0,1,2.25531914893617,0.2641509433962264
-5256542463348651930,275,1,28,0,735,0,482,1,0,4,0,8,2,3,2,244,0,0,1,0,0,0,1,0,0,0,1525,195.0,1,0,0,0,1.5248962655601659,0.0380952380952381
-5216982100634739990,6,0,6,1,347,1,361,1,0,0,0,0,0,4,0,6,0,0,0,0,0,0,0,0,0,0,727,,0,0,0,1,0.961218836565097,0.01729106628242075
-5161998943714438438,54,0,36,0,279,0,709,1,0,1,0,0,1,5,0,29,0,0,0,0,3,0,1,6,0,0,1084,180.0,1,0,0,0,0.3935119887165021,0.12903225806451613
-5123831164705290246,103,0,58,2,377,1,610,1,0,1,0,0,1,5,0,95,0,0,0,0,1,0,0,1,0,0,1157,181.0,1,0,0,0,0.6180327868852459,0.15384615384615385
-5096185894353951257,65,0,4,0,72,0,115,1,0,1,0,1,2,3,0,0,0,0,0,0,0,0,15,13,0,0,260,51.0,1,0,0,0,0.6260869565217392,0.05555555555555555
-5042074203120848926,21,0,78,0,547,0,378,1,0,1,0,0,0,4,8,0,0,0,0,0,4,0,0,0,0,0,1029,129.0,1,0,0,0,1.447089947089947,0.1425959780621572
-5025315013505885548,9,0,21,0,93,0,308,1,0,0,0,1,3,3,0,0,0,0,0,0,1,0,0,0,0,0,435,1415.0,0,0,1,0,0.30194805194805197,0.22580645161290322
-5019571105787427096,16,0,16,0,246,0,470,1,0,1,0,0,2,3,0,0,0,0,0,0,1,0,4,0,0,0,752,258.0,0,1,0,0,0.5234042553191489,0.06504065040650407
-5019341014345708127,0,0,47,0,112,0,317,1,0,0,0,0,0,3,0,0,0,0,0,0,0,0,0,0,0,0,480,,0,0,0,1,0.35331230283911674,0.41964285714285715
-4901350347277773919,285,0,47,4,248,3,565,1,0,3,0,8,11,5,0,244,0,0,0,0,3,0,0,9,0,0,1158,66.0,1,0,0,0,0.4389380530973451,0.18951612903225806
-4862378835485175580,37,0,3,0,2,0,7,1,0,0,0,1,10,3,1,16,1,0,0,0,2,0,1,0,0,0,54,355.0,0,1,0,0,0.2857142857142857,1.5
-4860521492561668577,0,0,1,0,88,0,78,1,0,0,0,0,0,4,0,0,0,0,0,0,0,0,0,0,0,0,172,,0,0,0,1,1.1282051282051282,0.011363636363636364
-4855642355938387396,197,0,16,0,95,0,497,1,0,0,0,0,0,5,0,186,0,0,0,0,1,0,0,0,0,0,811,0.0,0,0,1,0,0.19114688128772636,0.16842105263157894
-4791621758927842840,6,0,2,1,91,1,64,1,0,0,0,1,0,2,0,0,0,0,0,0,1,0,0,0,0,0,168,82.0,1,0,0,0,1.421875,0.02197802197802198
-4747730387069051589,2,0,19,0,344,0,656,1,0,0,0,0,0,4,2,0,0,0,0,0,0,0,0,0,0,0,1026,51.0,1,0,0,0,0.524390243902439,0.055232558139534885
-4738118209948674539,78,0,105,2,1343,1,986,1,0,12,0,6,3,5,9,21,0,0,0,0,7,0,7,1,0,0,2521,55.0,1,0,0,0,1.3620689655172413,0.0781831720029784
-4736085589278100603,12,0,8,0,72,0,267,1,0,0,0,1,3,4,0,2,0,0,0,0,1,0,0,0,0,0,364,241.0,0,1,0,0,0.2696629213483146,0.1111111111111111
-4717661861309443035,247,0,27,3,117,5,79,1,0,10,0,0,0,4,0,237,0,0,0,0,0,0,0,0,0,0,483,,0,0,0,1,1.481012658227848,0.23076923076923078
-4673656321567355733,234,0,56,4,270,2,605,1,0,10,0,2,3,5,0,203,0,0,0,0,3,0,1,0,0,0,1177,198.0,1,0,0,0,0.4462809917355372,0.2074074074074074
-4648197002837373632,28,0,10,1,85,4,256,1,0,3,0,0,0,3,0,20,0,0,0,0,1,0,1,0,6,6,400,122.0,1,0,0,0,0.33203125,0.11764705882352941
-4523375502732363456,4,0,10,0,159,0,268,1,0,0,0,0,0,4,0,4,0,0,0,0,0,0,0,0,0,0,446,,0,0,0,1,0.5932835820895522,0.06289308176100629
-4471155583228856558,10,0,12,1,134,1,402,1,0,0,0,1,0,4,1,6,0,0,0,0,0,0,0,0,0,0,565,883.0,0,0,1,0,0.3333333333333333,0.08955223880597014
-4467910846133477428,1,0,22,10,161,8,512,1,0,1,0,0,0,5,0,0,0,0,0,0,0,0,0,0,0,0,720,,0,0,0,1,0.314453125,0.13664596273291926
-4397005921544659447,67,0,9,0,552,0,482,1,0,0,0,1,0,4,0,64,0,0,0,0,0,0,0,0,0,0,1115,0.0,0,0,1,0,1.1452282157676348,0.016304347826086956
-4366399185271234860,9,0,13,3,352,2,455,1,0,0,0,0,0,3,0,0,0,0,0,0,2,0,1,0,0,0,838,233.0,0,1,0,0,0.7736263736263737,0.036931818181818184
-4333526255452124651,73,0,8,1,100,0,631,1,0,3,0,0,0,4,0,65,0,0,0,0,1,0,0,0,0,0,818,0.0,0,0,1,0,0.15847860538827258,0.08
-4321519843941254985,12,0,9,0,113,0,675,1,0,0,0,1,1,4,0,5,0,0,0,0,0,0,1,0,0,0,814,405.0,0,1,0,0,0.1674074074074074,0.07964601769911504
-4300689202468780666,3,0,11,0,246,0,305,1,0,0,0,0,0,3,0,3,0,0,0,0,0,0,0,0,0,0,569,,0,0,0,1,0.8065573770491803,0.044715447154471545
-4239063859259116483,3,0,0,0,0,0,0,0,0,0,0,0,0,2,0,0,0,0,0,0,1,0,0,0,0,0,5,0.0,0,0,1,0,,
-4239042740920878792,8,0,13,0,182,0,482,1,0,0,0,1,2,3,0,0,0,0,0,0,1,0,0,0,0,0,689,93.0,1,0,0,0,0.3775933609958506,0.07142857142857142
-4223453201399531403,43,0,49,0,622,0,967,1,0,1,0,7,0,4,9,4,0,0,0,0,3,0,1,0,0,0,1686,83.0,1,0,0,0,0.6432264736297828,0.07877813504823152
-4171777467130422453,4,0,5,0,30,0,529,1,0,0,0,0,0,3,3,1,0,0,0,0,0,0,0,0,0,0,572,20.0,1,0,0,0,0.05671077504725898,0.16666666666666666
-4151725809898180033,24,0,7,0,72,0,542,1,0,0,0,0,2,5,2,13,0,0,0,0,0,0,3,0,0,0,651,164.0,1,0,0,0,0.13284132841328414,0.09722222222222222
-4131351606452516686,13,0,9,0,263,0,328,1,0,0,0,0,0,4,0,13,0,0,0,0,0,0,0,0,0,0,618,,0,0,0,1,0.801829268292683,0.034220532319391636
-4086618434401195181,0,0,0,0,253,0,145,1,0,0,0,0,0,2,0,0,0,0,0,0,0,0,0,0,0,0,401,,0,0,0,1,1.7448275862068965,0.0
-4058975275652354016,15,0,12,0,107,0,798,1,1,0,0,1,0,4,0,9,0,0,0,0,1,0,0,0,0,0,938,850.0,0,0,1,0,0.13408521303258145,0.11214953271028037
-4056808781079647327,102,0,39,2,822,2,634,1,0,2,0,0,9,4,0,80,0,0,1,0,1,0,0,0,0,0,1607,350.0,0,1,0,0,1.2965299684542586,0.04744525547445255
-3943385539704604019,73,0,24,0,96,0,604,1,0,1,0,0,0,3,0,66,0,0,0,0,0,0,2,0,0,0,801,733.0,0,1,0,0,0.15894039735099338,0.25
-3754890901974969501,4,0,26,0,106,0,22,1,1,0,0,0,0,4,0,4,0,0,0,0,0,0,0,0,0,0,164,,0,0,0,1,4.818181818181818,0.24528301886792453
-3726703148680101841,6,0,3,0,278,0,644,1,0,1,0,0,0,4,5,0,0,0,0,0,0,0,0,0,0,0,936,111.0,1,0,0,0,0.43167701863354035,0.01079136690647482
-3709517034804563781,31,0,3,0,54,0,70,1,0,3,0,2,1,4,0,9,0,0,0,0,1,0,1,0,0,0,163,485.0,0,1,0,0,0.7714285714285715,0.05555555555555555
-3686380349691304905,8,0,45,0,179,0,601,1,0,1,0,1,0,3,0,0,0,0,0,0,1,0,0,0,0,0,837,771.0,0,1,0,0,0.2978369384359401,0.25139664804469275
-3667187634197863206,0,0,18,0,126,0,295,1,0,0,0,0,0,3,0,0,0,0,0,0,0,0,0,0,0,0,443,,0,0,0,1,0.4271186440677966,0.14285714285714285
-3654919271345243651,49,0,29,0,273,0,865,1,0,0,0,8,6,5,1,26,0,0,0,0,0,0,0,0,0,0,1222,144.0,1,0,0,0,0.315606936416185,0.10622710622710622
-3644588186450830372,0,0,0,0,0,0,0,0,0,0,0,0,0,2,0,0,0,0,0,0,0,0,0,0,0,0,2,,0,0,0,1,,
-3644005315631254155,25,0,36,0,544,0,481,1,0,1,0,1,0,5,2,18,0,0,0,0,0,0,1,0,0,0,1092,622.0,0,1,0,0,1.130977130977131,0.0661764705882353
-3599653692081963666,281,0,7,0,163,0,351,1,0,3,0,24,7,5,0,213,0,0,0,0,0,0,0,0,0,0,808,66.0,1,0,0,0,0.46438746438746437,0.04294478527607362
-3599396249974101779,0,0,0,0,131,1,390,1,0,0,0,0,0,3,0,0,0,0,0,0,0,0,0,0,0,0,526,,0,0,0,1,0.33589743589743587,0.0
-3549586006726838856,17,0,36,0,383,0,367,1,0,3,0,3,6,4,0,0,0,0,0,0,0,0,3,0,0,0,808,223.0,0,1,0,0,1.0435967302452316,0.09399477806788512
-3535888076561219194,23,0,13,0,234,0,282,1,0,0,0,8,9,4,0,3,0,0,0,0,0,0,2,1,0,0,557,43.0,1,0,0,0,0.8297872340425532,0.05555555555555555
-3515938717308036014,168,0,34,0,162,0,452,1,0,0,0,0,0,3,0,168,0,0,0,0,0,0,0,0,0,0,820,,0,0,0,1,0.3584070796460177,0.20987654320987653
-3449793347955270583,20,0,13,3,221,1,249,1,0,1,0,1,0,4,0,9,1,0,0,0,2,0,1,0,0,0,513,387.0,0,1,0,0,0.8875502008032129,0.058823529411764705
-3447322943989718034,1,0,7,0,53,0,311,1,0,0,0,0,0,3,1,0,0,0,0,0,0,0,0,0,0,0,376,0.0,0,0,1,0,0.17041800643086816,0.1320754716981132
-3397129148885823876,130,0,50,2,397,2,435,1,0,2,0,0,1,5,2,107,0,0,0,0,1,0,0,0,0,0,1022,558.0,0,1,0,0,0.9126436781609195,0.12594458438287154
-3382757376026760148,1,0,14,0,500,0,397,1,0,2,0,0,0,3,0,0,0,0,0,0,0,0,0,0,0,0,917,,0,0,0,1,1.2594458438287153,0.028
-3359997052903434556,11,0,3,0,69,1,226,2,0,3,0,2,0,3,0,0,0,0,0,0,0,0,1,0,0,1,316,241.0,0,1,0,0,0.3053097345132743,0.043478260869565216
-3233307686976104578,1,0,13,1,89,1,272,1,0,0,0,0,0,3,0,0,0,0,0,0,1,0,0,0,0,0,381,0.0,0,0,1,0,0.3272058823529412,0.14606741573033707
-3215561428289952421,1,0,20,0,46,0,268,1,0,1,0,0,0,3,0,0,0,0,0,0,0,0,0,0,0,0,339,,0,0,0,1,0.17164179104477612,0.43478260869565216
-3166205630034220835,1,0,0,0,11,0,109,1,0,0,0,0,0,3,0,0,0,0,0,0,0,1,0,0,0,0,125,0.0,0,0,1,0,0.10091743119266056,0.0
-3138572035927920423,0,0,0,0,78,0,131,1,0,0,0,0,0,4,0,0,0,0,0,0,0,0,0,0,0,0,214,,0,0,0,1,0.5954198473282443,0.0
-3082203482580036439,15,0,10,0,191,0,414,1,0,0,0,0,1,3,0,12,0,0,0,0,0,0,1,0,0,0,634,0.0,0,0,1,0,0.4613526570048309,0.05235602094240838
-3030139893180282185,21,0,11,0,314,0,478,1,0,3,0,5,0,4,1,0,0,0,0,0,0,0,1,1,0,0,829,256.0,0,1,0,0,0.6569037656903766,0.03503184713375796
-2990000139853618845,0,0,3,0,121,0,403,1,0,0,0,0,0,3,0,0,0,0,0,0,0,0,0,0,0,0,531,,0,0,0,1,0.3002481389578164,0.024793388429752067
-2867421769672671895,0,0,14,0,125,0,223,1,0,0,0,0,0,3,0,0,0,0,0,0,0,0,0,0,0,0,366,,0,0,0,1,0.5605381165919282,0.112
-2839494538319401191,5,0,6,0,174,1,491,1,0,2,0,1,0,4,0,0,0,0,0,0,0,0,0,0,0,0,682,0.0,0,0,1,0,0.3543788187372709,0.034482758620689655
-2818649123152670975,12,0,9,3,157,2,305,1,0,0,0,5,2,3,0,0,0,0,0,0,0,0,0,1,0,0,492,302.0,0,1,0,0,0.5147540983606558,0.05732484076433121
-2811186867998375080,50,0,0,0,13,0,58,1,0,0,0,19,4,3,0,0,0,0,0,0,0,0,0,0,0,0,125,87.0,1,0,0,0,0.22413793103448276,0.0
-2806275552735155020,36,0,8,0,176,0,629,1,0,0,0,9,1,4,0,8,0,0,0,0,0,0,0,0,0,0,854,192.0,1,0,0,0,0.27980922098569155,0.045454545454545456
-2669931094367607847,17,0,16,0,235,0,662,1,0,0,0,3,1,4,0,5,0,0,0,0,1,0,0,0,0,0,935,395.0,0,1,0,0,0.3549848942598187,0.06808510638297872
-2664420756988156524,2,0,10,0,175,0,259,1,0,1,0,0,0,3,1,0,0,0,0,0,0,0,0,0,0,0,450,0.0,0,0,1,0,0.6756756756756757,0.05714285714285714
-2608824785411221806,1,0,67,0,768,0,379,1,0,1,0,0,0,3,0,0,0,0,0,0,0,0,0,0,0,0,1219,,0,0,0,1,2.0263852242744065,0.08723958333333333
-2585587656764190616,161,0,60,2,273,1,438,1,0,0,0,1,0,5,9,141,0,0,0,0,2,0,0,0,0,1,942,149.0,1,0,0,0,0.6232876712328768,0.21978021978021978
-2582103307382270977,6,0,9,0,78,0,279,1,0,1,0,1,0,4,2,0,0,0,0,0,0,0,0,0,0,0,377,166.0,1,0,0,0,0.27956989247311825,0.11538461538461539
-2573214722675026136,11,0,15,2,293,1,476,1,0,0,0,0,0,5,1,10,0,0,0,0,0,0,0,0,0,0,804,0.0,0,0,1,0,0.615546218487395,0.051194539249146756
-2565766531814235293,207,0,9,0,73,0,240,1,0,0,0,2,2,4,0,192,0,0,0,0,2,0,0,0,0,0,534,313.0,0,1,0,0,0.30416666666666664,0.1232876712328767
-2548879864242745044,3,0,36,1,518,1,692,1,0,1,0,1,0,3,0,0,0,0,0,0,0,0,0,0,0,0,1255,0.0,0,0,1,0,0.7485549132947977,0.0694980694980695
-2520857002066657767,36,0,10,0,63,0,124,1,1,0,0,0,0,4,0,36,0,0,0,0,0,0,0,0,0,0,239,,0,0,0,1,0.5080645161290323,0.15873015873015872
-2468521909863036211,187,0,87,0,860,0,1112,1,0,7,0,7,2,4,3,152,0,0,0,0,3,0,1,0,0,0,2251,147.0,1,0,0,0,0.7733812949640287,0.10116279069767442
-2434827724090990363,34,0,23,1,197,1,735,1,0,0,0,2,2,4,0,17,0,0,0,0,1,0,2,0,0,0,996,316.0,0,1,0,0,0.2680272108843537,0.116751269035533
-2434236695741534622,1,0,18,2,88,1,301,1,0,0,0,0,0,3,0,0,0,0,1,0,0,0,0,0,0,0,415,0.0,0,0,1,0,0.292358803986711,0.20454545454545456
-2390592235834233319,32,0,17,0,90,0,337,1,0,3,0,0,0,4,0,29,0,0,0,0,0,0,0,0,0,0,481,,0,0,0,1,0.26706231454005935,0.18888888888888888
-2245340384774111066,0,0,0,0,7,0,19,1,0,0,0,0,0,3,0,0,0,0,0,0,0,0,0,0,0,0,30,,0,0,0,1,0.3684210526315789,0.0
-2211711296221096794,189,0,38,0,141,0,324,1,0,0,0,20,1,5,1,136,0,0,0,0,0,0,0,4,0,0,698,81.0,1,0,0,0,0.4351851851851852,0.2695035460992908
-2165164350228152275,5,0,9,0,38,0,296,1,0,1,0,1,0,3,0,0,0,0,0,0,1,0,0,0,0,0,352,89.0,1,0,0,0,0.12837837837837837,0.23684210526315788
-2113276512439213972,27,0,48,0,250,0,326,1,0,0,0,2,0,4,2,21,0,0,0,0,0,0,0,0,0,0,656,364.0,0,1,0,0,0.7668711656441718,0.192
-2111608424893774516,11,0,25,0,174,0,310,1,0,2,0,0,0,5,0,9,0,0,0,0,0,0,0,0,0,0,526,,0,0,0,1,0.5612903225806452,0.14367816091954022
-2050582524506813300,0,0,2,0,26,0,19,1,0,0,0,0,0,3,0,0,0,0,0,0,0,0,0,0,0,0,51,,0,0,0,1,1.368421052631579,0.07692307692307693
-1998508438812506231,139,0,25,0,318,0,696,13,0,7,0,8,1,5,8,87,0,0,0,0,4,0,2,0,0,0,1196,74.0,1,0,0,0,0.45689655172413796,0.07861635220125786
-1981605965881483916,6,0,4,0,115,0,345,1,0,0,0,2,0,4,1,0,0,0,0,0,0,0,0,0,0,0,475,188.0,1,0,0,0,0.3333333333333333,0.034782608695652174
-1908314556136496650,5,0,9,0,63,0,233,1,0,0,0,0,0,4,0,5,0,0,0,0,0,0,0,0,0,0,315,,0,0,0,1,0.2703862660944206,0.14285714285714285
-1833125070678384908,1,0,25,0,662,0,1003,1,0,1,0,0,0,3,0,0,0,0,0,0,0,0,0,0,0,0,1695,,0,0,0,1,0.6600199401794616,0.0377643504531722
-1828203011036128607,8,0,18,2,110,1,269,1,0,0,0,1,0,3,0,0,0,0,0,0,0,0,2,0,0,0,412,40.0,1,0,0,0,0.40892193308550184,0.16363636363636364
-1815684644179172831,10,0,6,0,45,0,201,1,0,0,0,1,0,3,0,0,0,0,0,0,1,0,0,0,0,0,266,443.0,0,1,0,0,0.22388059701492538,0.13333333333333333
-1798205996522052075,3,0,14,0,176,0,272,1,0,0,0,1,0,3,0,0,0,0,0,0,0,0,0,0,0,0,469,0.0,0,0,1,0,0.6470588235294118,0.07954545454545454
-1743315900877308097,1,0,3,0,146,0,576,1,0,0,0,0,0,3,1,0,0,0,0,0,0,0,0,0,0,0,730,0.0,0,0,1,0,0.2534722222222222,0.02054794520547945
-1712928828441539958,4,0,10,0,337,0,331,1,0,0,0,0,0,4,0,4,0,0,0,0,0,0,0,0,0,0,687,,0,0,0,1,1.0181268882175227,0.02967359050445104
-1701381161926765085,13,0,14,4,128,4,272,1,0,1,0,3,0,4,0,3,0,0,0,0,2,0,0,0,0,0,440,453.0,0,1,0,0,0.47058823529411764,0.109375
-1629749818343211908,0,0,9,0,55,0,590,1,0,0,0,0,0,2,0,0,0,0,0,0,0,0,0,0,0,0,657,,0,0,0,1,0.09322033898305085,0.16363636363636364
-1607969564004255328,12,0,7,3,27,1,7,1,0,3,0,0,0,5,0,9,0,0,0,0,0,0,0,0,0,0,63,,0,0,0,1,3.857142857142857,0.25925925925925924
-1593685559565675947,9,0,19,0,200,0,570,1,0,1,0,1,0,3,0,5,0,0,0,0,0,0,0,0,0,0,802,0.0,0,0,1,0,0.3508771929824561,0.095
-1567335579808648995,0,0,15,0,74,0,130,1,1,0,0,0,0,3,0,0,0,0,0,0,0,0,0,0,0,0,224,,0,0,0,1,0.5692307692307692,0.20270270270270271
-1532857735454341805,0,0,0,0,1,0,1,1,0,0,0,0,0,3,0,0,0,0,0,0,0,0,0,0,0,0,6,,0,0,0,1,1.0,0.0
-1492244780845815588,156,0,14,0,252,0,255,1,0,0,0,0,0,4,0,156,0,0,0,0,0,0,0,0,0,0,682,,0,0,0,1,0.9882352941176471,0.05555555555555555
-1426793066813373419,8,1,31,0,125,0,331,1,0,0,0,2,0,3,0,0,0,0,0,1,1,0,0,0,0,0,500,403.0,0,1,0,0,0.3776435045317221,0.248
-1414233270093453327,26,0,16,0,32,1,352,1,0,0,0,1,2,3,0,0,0,0,0,0,1,0,6,0,0,0,431,218.0,0,1,0,0,0.09090909090909091,0.5
-1265530777266298606,0,0,0,0,0,0,0,0,0,0,0,0,0,2,0,0,0,0,0,0,0,0,0,0,0,0,2,,0,0,0,1,,
-1220869225413988791,20,0,8,0,77,0,863,1,0,0,0,3,0,3,0,0,0,0,0,0,5,0,1,0,0,0,972,178.0,1,0,0,0,0.08922363847045191,0.1038961038961039
-1198167147963684810,30,0,11,1,134,1,259,1,0,0,0,0,0,4,0,27,0,0,0,0,0,0,1,0,0,0,441,0.0,0,0,1,0,0.5173745173745173,0.08208955223880597
-1147625282695306637,3,0,6,0,390,0,452,1,0,0,0,0,0,3,0,0,0,0,0,0,0,0,1,0,0,0,855,0.0,0,0,1,0,0.8628318584070797,0.015384615384615385
-1131670398252707324,5,1,10,0,271,0,257,1,0,0,0,0,0,4,2,0,0,0,0,1,0,0,1,0,0,0,549,515.0,0,1,0,0,1.0544747081712063,0.03690036900369004
-1083734884703233774,0,0,2,0,114,0,487,1,0,0,0,0,0,3,0,0,0,0,0,0,0,0,0,0,0,0,607,,0,0,0,1,0.23408624229979466,0.017543859649122806
-1083688701716948822,0,0,74,0,320,0,334,1,0,0,0,0,0,3,0,0,0,0,0,0,0,0,0,0,0,0,732,,0,0,0,1,0.9580838323353293,0.23125
-916608070633910467,88,0,14,0,153,0,108,1,0,3,0,20,26,4,0,10,0,0,0,0,0,0,1,0,0,0,368,80.0,1,0,0,0,1.4166666666666667,0.0915032679738562
-902302212912353907,107,0,57,2,307,2,539,1,0,7,0,1,1,4,1,66,0,0,0,0,8,0,1,0,0,0,1019,129.0,1,0,0,0,0.5695732838589982,0.18566775244299674
-881664841252749810,6,0,13,0,44,0,352,1,0,3,0,0,0,3,0,0,0,0,0,0,0,0,1,0,0,0,419,0.0,0,0,1,0,0.125,0.29545454545454547
-857244109258642297,313,0,3,0,80,0,242,1,0,0,0,0,0,4,1,312,0,0,0,0,0,0,0,0,0,0,643,0.0,0,0,1,0,0.3305785123966942,0.0375
-824057639938502141,142,0,24,0,185,0,268,1,0,2,0,0,0,3,1,139,0,0,0,0,0,0,0,0,0,0,623,0.0,0,0,1,0,0.6902985074626866,0.12972972972972974
-769933339748050048,0,0,6,0,82,0,334,1,0,0,0,0,0,3,0,0,0,0,0,0,0,0,0,0,0,0,426,,0,0,0,1,0.24550898203592814,0.07317073170731707
-741990055865096388,0,0,50,0,287,0,743,1,0,0,0,0,0,3,0,0,0,0,0,0,0,0,0,0,0,0,1084,,0,0,0,1,0.38627187079407804,0.17421602787456447
-727782455849430832,2,0,12,0,156,0,239,1,1,0,0,1,0,3,0,0,0,0,0,0,0,0,0,0,0,0,414,0.0,0,0,1,0,0.6527196652719666,0.07692307692307693
-715372709422001120,301,0,49,1,319,1,381,1,0,0,0,26,32,4,0,226,0,0,0,0,4,0,0,5,0,0,1057,36.0,1,0,0,0,0.8372703412073491,0.1536050156739812
-714108589129613209,6,0,17,0,67,0,415,1,0,0,0,0,0,3,0,6,0,0,0,0,0,0,0,0,0,0,509,,0,0,0,1,0.1614457831325301,0.2537313432835821
-706509246924800073,130,0,17,0,101,0,439,1,0,1,0,0,0,3,0,122,0,0,0,0,1,0,1,0,0,0,691,303.0,0,1,0,0,0.23006833712984054,0.16831683168316833
-675743816116817713,0,1,0,0,117,0,466,1,0,0,0,0,0,3,0,0,0,0,1,0,0,0,0,0,0,0,588,0.0,0,0,1,0,0.2510729613733906,0.0
-673159509946797512,0,0,9,0,205,0,402,1,0,0,0,0,0,3,0,0,0,0,0,0,0,0,0,0,0,0,620,,0,0,0,1,0.5099502487562189,0.04390243902439024
-653429417626779823,0,0,8,0,185,0,593,1,0,0,0,0,0,3,0,0,0,0,0,0,0,0,0,0,0,0,790,,0,0,0,1,0.31197301854974707,0.043243243243243246
-652900301117566986,18,3,53,1,1580,0,1317,1,0,5,1,1,2,3,1,0,0,0,2,0,1,0,2,0,0,0,2976,329.0,0,1,0,0,1.199696279422931,0.03354430379746835
-553912656836909171,2,0,13,2,13,2,88,1,0,0,0,0,0,4,0,0,0,0,0,0,0,0,1,0,0,0,125,0.0,0,0,1,0,0.14772727272727273,1.0
-520789415540135302,108,0,25,0,311,0,269,1,0,0,0,9,0,3,0,82,0,0,0,0,0,0,1,0,0,0,717,171.0,1,0,0,0,1.1561338289962826,0.08038585209003216
-463404697273683255,130,0,19,0,173,0,461,1,0,3,0,1,0,3,0,111,0,0,0,0,2,0,1,0,0,0,787,195.0,1,0,0,0,0.3752711496746204,0.10982658959537572
-448778578026980446,0,0,12,0,289,0,404,1,0,0,0,0,0,4,0,0,0,0,0,0,0,0,0,0,0,0,710,,0,0,0,1,0.7153465346534653,0.04152249134948097
-394604378696679063,2,0,3,0,73,0,530,1,0,1,0,0,0,4,0,1,0,0,0,0,0,0,0,0,0,0,613,,0,0,0,1,0.13773584905660377,0.0410958904109589
-355598201296085113,133,0,18,0,83,0,1001,1,0,0,0,0,0,3,1,132,0,0,0,0,0,0,0,0,0,0,1239,0.0,0,0,1,0,0.08291708291708291,0.21686746987951808
-306103656484763942,11,0,16,0,147,0,302,1,0,0,0,2,1,4,0,0,0,0,0,0,1,0,3,0,0,0,481,293.0,0,1,0,0,0.4867549668874172,0.10884353741496598
-292108369637018448,56,0,35,2,337,2,369,1,0,3,0,6,1,3,0,36,0,0,0,0,0,0,0,0,0,0,805,386.0,0,1,0,0,0.9132791327913279,0.10385756676557864
-263501977567835355,5,0,13,2,377,2,347,1,0,1,0,2,0,3,0,0,0,0,0,0,0,0,0,0,0,0,750,296.0,0,1,0,0,1.0864553314121037,0.034482758620689655
-216042227138601657,35,0,16,0,137,0,360,1,0,0,0,2,0,4,0,33,0,0,0,0,0,0,0,0,0,0,553,74.0,1,0,0,0,0.38055555555555554,0.11678832116788321
-160614725570614007,29,0,0,0,0,1,0,1,0,0,0,0,16,3,0,8,0,0,1,0,0,0,0,0,0,0,34,0.0,0,0,1,0,,
-133885363486392444,0,0,0,0,0,0,0,0,0,0,0,0,0,2,0,0,0,0,0,0,0,0,0,0,0,0,2,,0,0,0,1,,
-36497008654095384,79,0,34,0,149,0,336,1,0,10,0,14,10,6,0,29,0,0,0,0,0,0,3,0,0,0,605,111.0,1,0,0,0,0.44345238095238093,0.22818791946308725
-5229453852965352,7,0,8,3,99,3,56,1,0,2,0,1,0,3,0,0,0,0,0,0,0,0,1,0,0,0,180,358.0,0,1,0,0,1.7678571428571428,0.08080808080808081
913689558063628,0,0,13,2,65,2,249,1,0,0,0,0,0,3,0,0,0,0,0,0,0,0,0,0,0,0,335,,0,0,0,1,0.26104417670682734,0.2
54246006229265996,3,0,18,0,295,0,331,1,0,0,0,0,0,3,0,0,0,0,0,0,1,0,0,0,0,0,651,0.0,0,0,1,0,0.8912386706948641,0.061016949152542375
87907711975807512,3,0,16,4,101,1,603,1,1,0,0,1,0,3,0,0,0,0,0,0,0,0,0,0,0,0,733,0.0,0,0,1,0,0.16749585406301823,0.15841584158415842
91139834327738618,31,0,2,0,1,0,8,1,0,2,0,1,0,3,1,24,0,0,1,0,0,0,0,0,0,0,46,49.0,1,0,0,0,0.125,2.0
116086167407455191,45,0,33,0,148,0,402,1,0,0,0,0,0,3,0,45,0,0,0,0,0,0,0,0,0,0,632,,0,0,0,1,0.3681592039800995,0.22297297297297297
192460101532095111,2,0,2,0,9,0,282,1,0,0,0,0,0,4,2,0,0,0,0,0,0,0,0,0,0,0,300,41.0,1,0,0,0,0.031914893617021274,0.2222222222222222
206192548635190383,5,0,10,0,107,0,436,1,0,0,0,1,0,4,0,0,0,0,0,0,0,0,1,0,0,0,563,2.0,1,0,0,0,0.24541284403669725,0.09345794392523364
210808434016319356,0,0,1,0,119,0,340,1,0,0,0,0,0,3,0,0,0,0,0,0,0,0,0,0,0,0,464,,0,0,0,1,0.35,0.008403361344537815
218541060134532260,4,0,10,2,28,1,241,1,0,1,0,0,0,5,0,3,0,0,0,0,0,0,0,0,0,0,292,,0,0,0,1,0.11618257261410789,0.35714285714285715
238068817638324872,1,0,9,0,233,0,334,1,0,0,0,0,0,5,1,0,0,0,0,0,0,0,0,0,0,0,583,0.0,0,0,1,0,0.6976047904191617,0.03862660944206009
316006156207188715,161,0,13,0,57,0,264,1,1,0,0,2,9,4,0,145,0,0,0,0,2,0,0,0,0,0,501,74.0,1,0,0,0,0.2159090909090909,0.22807017543859648
365224865637950024,149,0,0,0,224,0,150,1,0,0,0,1,36,3,0,0,0,0,0,0,0,2,0,0,0,0,527,80.0,1,0,0,0,1.4933333333333334,0.0
372321100548815409,9,0,33,0,256,0,575,1,0,0,0,0,0,3,0,0,0,0,0,0,3,0,0,0,0,0,877,367.0,0,1,0,0,0.44521739130434784,0.12890625
389407828954457728,226,0,10,0,243,0,407,1,0,1,0,7,2,4,1,204,0,0,0,0,0,0,0,0,0,0,891,171.0,1,0,0,0,0.597051597051597,0.0411522633744856
426940714698341462,1,0,10,0,324,0,529,1,0,1,0,0,0,3,0,0,0,0,0,0,0,0,0,0,0,0,868,,0,0,0,1,0.6124763705103969,0.030864197530864196
436244295715698241,4,0,8,0,828,0,1146,1,0,0,0,0,0,3,1,0,1,1,0,0,1,0,0,2,1,0,1993,202.0,0,1,0,0,0.7225130890052356,0.00966183574879227
446774864054782689,17,0,54,0,443,0,628,1,0,0,0,0,0,4,1,8,0,0,0,0,0,0,4,0,0,0,1147,24.0,1,0,0,0,0.7054140127388535,0.12189616252821671
562685317932426940,0,0,41,0,317,0,143,1,0,0,0,0,0,3,0,0,0,0,0,0,0,0,0,0,0,0,505,,0,0,0,1,2.2167832167832167,0.12933753943217666
574847860073792068,1,0,18,0,53,0,511,1,0,1,0,0,0,4,0,0,0,0,0,0,0,0,0,0,0,0,588,,0,0,0,1,0.10371819960861056,0.33962264150943394
583045948511089926,7,0,25,0,303,0,505,1,0,0,0,1,0,3,1,0,0,0,0,0,1,0,0,0,0,0,844,487.0,0,1,0,0,0.6,0.08250825082508251
647374596292018505,2,0,6,0,126,0,274,1,0,0,0,1,0,3,0,0,0,0,0,0,0,0,0,0,0,0,412,0.0,0,0,1,0,0.45985401459854014,0.047619047619047616
696538663690062826,12,0,8,1,129,2,185,1,1,0,0,2,1,4,4,0,0,0,0,0,1,0,0,0,0,0,343,264.0,0,1,0,0,0.6972972972972973,0.06201550387596899
720378829423514291,7,0,4,0,416,0,263,1,0,1,0,0,0,3,0,6,0,0,0,0,0,0,0,0,0,0,694,,0,0,0,1,1.5817490494296578,0.009615384615384616
756217681173798836,39,0,4,0,73,0,178,1,0,0,0,22,1,5,0,0,0,0,0,0,0,0,0,0,0,0,300,20.0,1,0,0,0,0.4101123595505618,0.0547945205479452
767041540694331440,0,0,17,0,203,0,490,1,0,0,0,0,0,3,0,0,0,0,0,0,0,0,0,0,0,0,714,,0,0,0,1,0.4142857142857143,0.08374384236453201
812640005982389678,84,0,14,0,205,0,625,1,0,3,0,13,2,5,8,41,0,0,0,0,1,0,0,0,0,0,934,74.0,1,0,0,0,0.328,0.06829268292682927
812997385876845119,153,0,7,0,199,0,333,1,0,0,0,0,1,3,0,149,1,0,0,0,1,0,0,2,0,0,697,76.0,1,0,0,0,0.5975975975975976,0.035175879396984924
822794039590682507,11,0,34,0,264,0,364,1,0,5,0,0,0,3,0,0,0,0,0,0,1,0,1,0,0,0,677,0.0,0,0,1,0,0.7252747252747253,0.12878787878787878
861005005666467285,8,0,18,0,156,0,358,1,0,0,0,1,0,3,0,0,0,0,0,0,2,0,0,0,0,0,544,138.0,1,0,0,0,0.43575418994413406,0.11538461538461539
873112501456750054,58,0,27,0,276,0,1242,1,0,0,0,0,0,4,0,58,0,0,0,0,0,0,0,0,0,0,1608,,0,0,0,1,0.2222222222222222,0.09782608695652174
906505079772058549,6,0,12,0,204,0,250,1,0,0,0,0,0,3,0,6,0,0,0,0,0,0,0,0,0,0,476,,0,0,0,1,0.816,0.058823529411764705
909401111772142256,0,0,6,1,108,1,56,1,1,0,0,0,0,4,0,0,0,0,0,0,0,0,0,0,0,0,178,,0,0,0,1,1.9285714285714286,0.05555555555555555
983785021443986165,2,0,26,0,169,0,275,1,0,1,0,1,0,3,0,0,0,0,0,0,0,0,0,0,0,0,477,0.0,0,0,1,0,0.6145454545454545,0.15384615384615385
1010171044159308784,13,0,0,0,0,0,5,0,0,0,0,3,1,2,2,0,0,1,0,0,0,0,1,0,0,1,22,151.0,1,0,0,0,0.0,
1033145951262685292,74,0,34,4,561,3,307,1,0,3,0,18,23,3,0,0,0,0,0,0,0,0,4,0,0,0,987,98.0,1,0,0,0,1.8273615635179152,0.06060606060606061
1102561819676702524,7,1,55,0,257,0,355,1,0,1,0,1,0,3,0,0,0,0,0,1,1,0,0,0,0,0,679,80.0,1,0,0,0,0.723943661971831,0.2140077821011673
1118326834411156134,0,0,0,0,139,0,60,1,0,0,0,0,0,3,0,0,0,0,0,0,0,0,0,0,0,0,203,,0,0,0,1,2.316666666666667,0.0
1121624023394329487,6,0,6,0,176,1,264,1,0,1,0,3,0,3,0,0,0,0,0,0,0,0,0,0,0,0,457,346.0,0,1,0,0,0.6666666666666666,0.03409090909090909
1124591947672789577,139,0,39,7,459,6,324,1,0,0,0,1,0,4,2,133,0,0,0,0,0,0,0,0,0,0,979,5.0,1,0,0,0,1.4166666666666667,0.08496732026143791
1180554150881951127,10,0,23,0,104,0,206,1,1,3,0,0,1,4,0,4,0,0,0,0,1,0,0,0,0,0,349,0.0,0,0,1,0,0.5048543689320388,0.22115384615384615
1203130414392645446,7,0,8,0,285,0,584,1,0,0,0,0,0,2,0,3,0,0,0,0,0,0,2,0,0,1,888,1596.0,0,0,1,0,0.488013698630137,0.028070175438596492
1234985264049484870,13,0,12,1,50,1,535,1,0,2,0,3,0,4,2,0,0,0,0,0,0,0,0,0,0,0,617,371.0,0,1,0,0,0.09345794392523364,0.24
1236967767795104925,0,0,3,0,65,0,281,1,0,0,0,0,0,3,0,0,0,0,0,0,0,0,0,0,0,0,353,,0,0,0,1,0.2313167259786477,0.046153846153846156
1252999370157284458,11,0,6,1,24,1,702,1,0,0,0,0,0,3,11,0,0,0,0,0,0,0,0,0,0,0,749,115.0,1,0,0,0,0.03418803418803419,0.25
1335289152677493887,26,0,29,0,260,0,824,1,0,1,0,2,1,4,9,6,0,0,0,0,2,0,0,0,0,0,1144,115.0,1,0,0,0,0.3155339805825243,0.11153846153846154
1398315912738930473,1,0,0,2,0,2,0,0,0,0,0,0,0,3,1,0,0,0,0,0,0,0,0,0,0,0,8,0.0,0,0,1,0,,
1439631218863115267,34,0,6,0,26,0,110,1,0,0,0,0,0,5,0,34,0,0,0,0,0,0,0,0,14,10,206,,0,0,0,1,0.23636363636363636,0.23076923076923078
1476937314701533490,70,0,8,0,126,0,273,1,0,4,0,1,33,3,0,0,0,0,3,0,1,0,1,0,0,0,481,265.0,0,1,0,0,0.46153846153846156,0.06349206349206349
1490480495623853270,3,0,20,1,115,1,289,1,0,0,0,0,0,3,0,0,0,0,0,0,0,0,1,0,0,0,433,0.0,0,0,1,0,0.39792387543252594,0.17391304347826086
1501312844647271592,0,0,27,0,168,0,313,1,0,0,0,0,0,3,0,0,0,0,0,0,0,0,0,0,0,0,512,,0,0,0,1,0.536741214057508,0.16071428571428573
1513416223940629149,17,0,20,0,63,0,274,1,0,7,0,2,0,3,1,0,0,0,0,0,0,0,1,0,0,0,378,466.0,0,1,0,0,0.22992700729927007,0.31746031746031744
1548691521386604755,456,0,15,0,200,0,279,1,0,0,0,0,0,5,0,453,0,0,0,0,1,0,0,0,0,0,956,0.0,0,0,1,0,0.7168458781362007,0.075
1566769287901966204,3,0,21,0,103,0,454,1,0,0,0,0,0,3,0,0,0,0,0,0,1,0,0,0,0,0,585,0.0,0,0,1,0,0.22687224669603523,0.20388349514563106
1700363213907088642,16,0,39,2,204,1,252,1,0,0,0,3,2,4,1,6,0,0,0,0,1,0,0,0,0,0,519,204.0,0,1,0,0,0.8095238095238095,0.19117647058823528
1702543779791101580,54,0,13,0,276,0,300,1,0,5,0,2,0,4,0,40,0,0,0,0,2,0,1,0,0,0,648,354.0,0,1,0,0,0.92,0.04710144927536232
1783574532155790387,1,0,10,2,223,2,1148,1,0,0,0,0,0,5,1,0,0,0,0,0,0,0,0,0,0,0,1392,0.0,0,0,1,0,0.19425087108013936,0.04484304932735426
1802279478658860482,39,0,4,0,82,0,310,1,0,0,0,4,1,5,1,30,0,0,0,0,0,0,0,0,0,0,441,446.0,0,1,0,0,0.2645161290322581,0.04878048780487805
1839373212532127460,18,0,6,1,106,1,326,1,0,0,0,6,1,4,0,0,0,0,0,0,0,0,0,0,0,0,463,359.0,0,1,0,0,0.32515337423312884,0.05660377358490566
1950835051185463034,0,0,22,0,77,0,8,1,1,0,0,0,0,3,0,0,0,0,0,0,0,0,0,0,0,0,112,,0,0,0,1,9.625,0.2857142857142857
2000158576938894433,415,0,1,0,23,1,273,1,0,0,0,0,0,4,0,409,0,0,0,0,1,0,0,5,0,0,718,21.0,1,0,0,0,0.08424908424908426,0.043478260869565216
2045268389921756174,0,0,14,0,209,0,231,1,0,0,0,0,0,3,0,0,0,0,0,0,0,0,0,0,0,0,458,,0,0,0,1,0.9047619047619048,0.06698564593301436
2072511258918973627,209,0,10,0,134,0,475,1,0,1,0,28,13,4,3,126,0,0,0,0,6,0,0,0,0,0,833,53.0,1,0,0,0,0.28210526315789475,0.07462686567164178
2092782807049798532,0,0,3,1,13,1,336,1,0,0,0,0,0,3,0,0,0,0,0,0,0,0,0,0,0,0,358,,0,0,0,1,0.03869047619047619,0.23076923076923078
2100428963627056988,63,0,10,0,332,0,214,1,0,2,0,0,20,3,2,0,0,0,2,0,0,0,0,39,0,0,625,22.0,1,0,0,0,1.5514018691588785,0.030120481927710843
2127044987595639239,7,0,9,0,23,0,267,1,0,0,0,3,2,5,0,0,0,0,0,0,0,0,0,0,0,0,312,559.0,0,1,0,0,0.08614232209737828,0.391304347826087
2199547965675047157,31,0,42,0,494,0,287,1,0,0,0,3,1,4,1,15,0,0,0,0,1,0,0,0,0,0,859,371.0,0,1,0,0,1.721254355400697,0.08502024291497975
2208616795967783004,3,0,7,0,259,0,431,1,0,0,0,0,1,3,0,0,0,0,0,0,1,0,0,1,0,0,704,184.0,1,0,0,0,0.6009280742459396,0.02702702702702703
2256929428800420256,20,0,14,0,175,0,387,1,0,1,0,3,0,3,0,0,0,0,0,0,3,0,1,0,0,0,601,205.0,0,1,0,0,0.45219638242894056,0.08
2281819065936032700,3,0,10,0,19,0,233,1,0,0,0,0,0,3,0,3,0,0,0,0,0,0,0,0,0,0,269,,0,0,0,1,0.0815450643776824,0.5263157894736842
2327354250791835037,0,0,14,1,388,1,562,1,0,0,0,0,0,3,0,0,0,0,0,0,0,0,0,0,0,0,970,,0,0,0,1,0.6903914590747331,0.03608247422680412
2455801617962954290,0,0,11,0,70,1,459,1,0,0,0,0,0,3,0,0,0,0,0,0,0,0,0,0,0,0,545,,0,0,0,1,0.15250544662309368,0.15714285714285714
2495519768263301554,7,0,0,0,20,0,43,1,0,0,0,2,1,2,0,0,0,0,0,0,1,0,0,0,0,0,73,790.0,0,1,0,0,0.46511627906976744,0.0
2498877082094762653,62,0,41,0,333,0,796,1,0,0,0,2,0,5,1,41,0,0,0,0,3,0,0,0,0,0,1238,224.0,0,1,0,0,0.4183417085427136,0.12312312312312312
2567249280211414216,0,0,11,0,92,0,279,1,0,0,0,0,0,3,0,0,0,0,0,0,0,0,0,0,0,0,386,,0,0,0,1,0.32974910394265233,0.11956521739130435
2577046745435537974,8,0,3,0,39,0,130,2,0,2,0,2,0,5,0,0,0,0,0,0,0,0,0,0,0,0,187,330.0,0,1,0,0,0.3,0.07692307692307693
2649954135131108104,2,0,0,0,0,0,0,0,0,0,0,0,0,1,2,0,0,0,0,0,0,0,0,0,0,0,3,5.0,1,0,0,0,,
2784139405197028076,1,0,21,0,238,0,531,1,0,1,0,0,0,3,1,0,0,0,0,0,0,0,0,0,0,0,796,0.0,0,0,1,0,0.448210922787194,0.08823529411764706
2804359475529491530,88,0,37,1,988,1,413,1,0,8,0,3,0,5,0,62,0,0,0,0,2,0,0,1,0,0,1534,386.0,0,1,0,0,2.3922518159806296,0.03744939271255061
2811776590703927448,11,0,33,2,181,2,258,1,0,0,0,5,0,4,0,2,0,0,0,0,1,0,0,0,1,0,493,222.0,0,1,0,0,0.7015503875968992,0.18232044198895028
2877234476565788954,14,0,12,0,265,0,472,1,0,0,0,0,0,3,0,14,0,0,0,0,0,0,0,0,0,0,767,,0,0,0,1,0.5614406779661016,0.045283018867924525
2908950533355411939,0,0,3,0,105,0,329,1,0,0,0,0,0,3,0,0,0,0,0,0,0,0,0,0,0,0,441,,0,0,0,1,0.3191489361702128,0.02857142857142857
2947542333053795585,25,0,60,0,232,0,329,1,0,1,0,1,0,4,0,16,0,0,0,0,2,0,0,0,0,0,652,513.0,0,1,0,0,0.7051671732522796,0.25862068965517243
2953436956857136833,0,0,2,0,32,0,130,1,0,0,0,0,0,3,0,0,0,0,0,0,0,0,0,0,0,0,168,,0,0,0,1,0.24615384615384617,0.0625
2994713208938864372,17,1,14,0,297,0,292,1,0,0,0,5,0,3,0,7,0,0,0,1,1,0,1,0,0,0,625,23.0,1,0,0,0,1.0171232876712328,0.04713804713804714
3174063727892513201,2,0,0,0,0,0,0,1,0,0,0,0,0,3,0,2,0,0,0,0,0,0,0,0,0,0,6,,0,0,0,1,,
3174611853592252372,37,0,4,0,78,0,234,1,0,0,0,0,0,4,0,37,0,0,0,0,0,0,0,0,0,0,358,,0,0,0,1,0.3333333333333333,0.05128205128205128
3207941006684843164,11,0,13,2,77,2,284,1,0,0,0,1,0,3,0,10,0,0,0,0,0,0,0,0,0,0,393,0.0,0,0,1,0,0.2711267605633803,0.16883116883116883
3360112381820195886,37,0,115,1,502,1,675,1,0,9,0,2,2,4,1,0,0,0,0,0,2,0,1,0,0,0,1336,294.0,0,1,0,0,0.7437037037037038,0.2290836653386454
3387165129622227533,0,0,2,0,71,0,282,1,0,0,0,0,0,3,0,0,0,0,0,0,0,0,0,0,0,0,359,,0,0,0,1,0.25177304964539005,0.028169014084507043
3416393144615731624,3,0,2,0,24,0,16,1,1,0,0,0,0,3,0,3,0,0,0,0,0,0,0,0,0,0,50,,0,0,0,1,1.5,0.08333333333333333
3520359907701474016,8,0,14,1,85,0,389,1,0,1,0,0,0,3,2,0,0,0,0,0,1,0,0,0,0,0,501,132.0,1,0,0,0,0.2185089974293059,0.16470588235294117
3535792325648304042,2,0,2,4,357,4,696,1,0,2,0,0,0,4,0,0,0,0,0,0,0,0,0,0,0,0,1070,,0,0,0,1,0.5129310344827587,0.0056022408963585435
3681067785587465792,0,0,11,0,185,0,580,1,0,0,0,0,0,3,0,0,0,0,0,0,0,0,0,0,0,0,780,,0,0,0,1,0.31896551724137934,0.05945945945945946
3684368383074509151,5,0,55,1,244,1,371,1,0,0,0,0,0,3,0,0,0,0,0,0,1,0,0,0,0,0,681,0.0,0,0,1,0,0.6576819407008087,0.22540983606557377
3695474156926190458,21,0,8,0,308,0,627,1,0,0,0,2,0,4,0,15,0,0,0,0,0,0,0,0,0,0,969,1088.0,0,0,1,0,0.49122807017543857,0.025974025974025976
3718988845608514682,77,0,3,0,306,0,331,1,0,1,0,1,0,4,2,71,0,0,0,0,0,0,0,0,0,0,722,755.0,0,1,0,0,0.9244712990936556,0.00980392156862745
3721462226182209924,24,0,7,0,224,0,412,1,0,1,0,0,0,3,0,0,0,0,0,0,6,0,1,0,0,0,671,62.0,1,0,0,0,0.5436893203883495,0.03125
3811170900822061289,0,0,9,0,155,0,445,1,0,0,0,0,0,3,0,0,0,0,0,0,0,0,0,0,0,0,613,,0,0,0,1,0.34831460674157305,0.05806451612903226
3811402618130644691,0,0,4,0,313,1,346,1,0,1,0,0,0,3,0,0,0,0,0,0,0,0,0,0,0,0,669,,0,0,0,1,0.9046242774566474,0.012779552715654952
3864881881594595490,0,0,24,0,233,0,221,1,0,0,0,0,0,3,0,0,0,0,0,0,0,0,0,0,0,0,482,,0,0,0,1,1.0542986425339367,0.10300429184549356
3865122093027396009,58,0,19,0,65,0,697,1,0,0,0,0,0,4,0,58,0,0,0,0,0,0,0,0,0,0,844,,0,0,0,1,0.09325681492109039,0.2923076923076923
3909814187036328379,4,0,17,0,433,0,454,1,0,1,0,0,0,3,0,0,0,0,0,0,1,0,0,0,0,0,912,0.0,0,0,1,0,0.9537444933920705,0.03926096997690531
3920831961738455883,37,0,26,1,234,1,446,1,0,1,0,4,0,3,10,0,0,0,0,0,2,0,0,0,0,0,749,118.0,1,0,0,0,0.5246636771300448,0.1111111111111111
3972984796780654450,1942,0,36,0,139,1,341,1,0,1,0,1,1,5,0,1928,0,0,0,0,1,0,0,10,0,0,2465,146.0,1,0,0,0,0.40762463343108507,0.2589928057553957
3982375663193700170,2,0,39,1,157,1,400,1,0,1,0,0,0,3,1,0,0,0,0,0,0,0,0,0,0,0,604,0.0,0,0,1,0,0.3925,0.2484076433121019
3983679809001507052,0,0,6,0,262,0,167,1,1,0,0,0,0,3,0,0,0,0,0,0,0,0,0,0,0,0,440,,0,0,0,1,1.5688622754491017,0.022900763358778626
3993594359479716225,0,1,5,0,1452,0,447,1,0,0,0,0,0,3,0,0,0,0,0,1,0,0,0,0,0,0,1909,0.0,0,0,1,0,3.248322147651007,0.003443526170798898
4044607203955427692,12,0,8,0,180,0,446,1,0,3,0,1,0,3,4,0,0,0,0,0,0,0,0,0,0,0,650,134.0,1,0,0,0,0.40358744394618834,0.044444444444444446
4045144018612370388,104,0,26,1,184,1,459,1,0,0,0,1,0,5,1,93,0,0,0,0,0,0,1,0,0,0,781,244.0,0,1,0,0,0.4008714596949891,0.14130434782608695
4049774439383900568,24,0,22,0,427,0,298,1,0,0,0,0,0,4,0,24,0,0,0,0,0,0,0,0,0,0,776,,0,0,0,1,1.4328859060402686,0.05152224824355972
4066051136572938179,2,0,10,0,455,0,581,1,0,0,0,0,0,3,0,2,0,0,0,0,0,0,0,0,0,0,1052,,0,0,0,1,0.7831325301204819,0.02197802197802198
4109598164911312315,96,0,8,0,13,0,390,1,0,0,0,1,0,5,0,84,0,0,0,0,1,0,0,0,0,0,513,256.0,0,1,0,0,0.03333333333333333,0.6153846153846154
4111994315750236722,22,1,28,0,203,0,406,1,0,7,0,2,0,3,0,0,0,0,0,0,1,0,3,0,0,0,664,97.0,1,0,0,0,0.5,0.13793103448275862
4170757963275669285,73,0,17,2,143,1,257,1,0,0,0,2,0,4,0,66,0,0,0,0,1,0,0,0,0,0,498,407.0,0,1,0,0,0.556420233463035,0.11888111888111888
4208244411761643157,0,0,0,0,112,1,295,1,0,1,0,0,0,5,0,0,1,0,0,0,0,0,0,0,2,0,418,,0,0,0,1,0.37966101694915255,0.0
4227718166871983296,2,0,0,0,0,0,0,0,0,0,0,0,1,2,0,0,0,0,0,0,1,0,0,0,0,0,4,0.0,0,0,1,0,,
4260265808205288686,11,0,17,0,623,0,282,1,0,0,0,1,3,2,0,5,0,0,0,0,0,0,0,0,0,0,936,0.0,0,0,1,0,2.2092198581560285,0.027287319422150885
4335934744780318052,28,0,23,0,247,0,409,1,0,0,0,0,0,5,0,15,0,0,0,0,0,0,4,0,0,0,713,509.0,0,1,0,0,0.6039119804400978,0.0931174089068826
4345595226461386824,6,0,11,1,313,1,282,1,0,0,0,1,0,4,3,0,0,0,0,0,0,0,0,0,0,0,619,161.0,1,0,0,0,1.1099290780141844,0.03514376996805112
4347839261497246772,173,0,5,4,10,2,13,0,1,0,0,0,0,4,0,158,0,0,0,0,1,0,2,0,0,0,212,679.0,0,1,0,0,0.7692307692307693,0.5
4359962913659671079,14,0,11,0,92,1,299,1,0,2,0,0,0,4,0,13,0,0,0,0,0,0,0,0,0,0,423,,0,0,0,1,0.3076923076923077,0.11956521739130435
4379296178887351382,14,0,26,0,102,0,262,1,0,0,0,3,0,3,0,0,0,0,0,0,0,0,1,0,0,0,408,491.0,0,1,0,0,0.3893129770992366,0.2549019607843137
4424736675178072977,139,0,31,1,229,1,249,1,0,0,0,1,0,4,0,119,0,0,0,0,2,0,3,0,0,0,655,296.0,0,1,0,0,0.9196787148594378,0.13537117903930132
4472197432221675944,0,0,13,0,279,0,277,1,0,0,0,0,0,3,0,0,0,0,0,0,0,0,0,0,0,0,573,,0,0,0,1,1.0072202166064983,0.04659498207885305
4546250833605914732,184,0,43,1,179,0,529,1,0,2,0,2,2,6,2,145,0,0,0,0,8,0,1,0,0,0,943,44.0,1,0,0,0,0.3383742911153119,0.24022346368715083
4547974193428422091,67,0,13,2,1033,1,290,1,0,1,0,2,0,4,1,61,0,0,0,0,0,0,0,0,0,0,1411,7.0,1,0,0,0,3.5620689655172413,0.012584704743465635
4653408185498398674,0,0,0,0,0,0,0,0,0,0,0,0,0,1,0,0,0,0,0,0,0,0,0,0,0,0,1,,0,0,0,1,,
4684438969878281426,23,0,15,0,127,0,333,1,0,0,0,0,0,3,0,0,0,0,1,0,5,0,1,0,0,0,502,299.0,0,1,0,0,0.3813813813813814,0.11811023622047244
4718444751591731494,49,0,19,1,130,2,476,1,0,0,0,5,0,5,0,35,0,0,0,0,0,0,0,0,0,0,683,378.0,0,1,0,0,0.27310924369747897,0.14615384615384616
4733351984009497656,70,0,13,1,71,0,69,1,0,0,0,0,0,4,0,70,0,0,0,0,0,0,0,0,0,0,229,,0,0,0,1,1.0289855072463767,0.18309859154929578
4751297124731241350,21,0,4,1,65,2,332,1,0,0,0,1,1,3,0,0,0,0,0,0,1,0,0,1,0,0,429,724.0,0,1,0,0,0.19578313253012047,0.06153846153846154
4774090311080957407,83,0,7,0,43,0,494,1,0,0,0,1,2,5,0,71,0,0,0,0,1,0,0,2,0,0,633,397.0,0,1,0,0,0.08704453441295547,0.16279069767441862
4777448182417286330,4,0,18,0,222,0,358,1,0,0,0,1,0,4,1,0,0,0,0,0,0,0,0,0,0,0,607,1441.0,0,0,1,0,0.6201117318435754,0.08108108108108109
4871185563805265936,69,0,48,0,123,0,321,1,0,0,0,6,0,6,0,46,0,0,0,0,0,0,0,0,0,0,568,63.0,1,0,0,0,0.38317757009345793,0.3902439024390244
4938142221747388521,37,0,13,0,302,0,500,1,0,1,0,10,0,5,3,0,0,0,0,0,0,0,1,0,0,0,858,121.0,1,0,0,0,0.604,0.04304635761589404
4980849668876957881,44,0,25,1,181,0,278,1,0,1,0,14,2,3,0,0,0,0,0,0,1,0,0,0,0,0,533,28.0,1,0,0,0,0.6510791366906474,0.13812154696132597
5065007706232005858,4,0,18,0,99,0,744,1,0,1,0,1,0,3,0,0,0,0,0,0,0,0,0,0,0,0,869,0.0,0,0,1,0,0.13306451612903225,0.18181818181818182
5070154865842830691,0,0,9,0,78,1,269,1,0,0,0,0,0,3,0,0,0,0,0,0,0,0,0,0,0,0,361,,0,0,0,1,0.2899628252788104,0.11538461538461539
5151868838377420665,0,0,1,0,42,0,262,1,0,0,0,0,0,3,0,0,0,0,0,0,0,0,0,0,0,0,309,,0,0,0,1,0.16030534351145037,0.023809523809523808
5173156748003488960,0,0,0,0,0,0,0,0,0,0,0,0,0,1,0,0,0,0,0,0,0,0,0,0,0,0,1,,0,0,0,1,,
5279524327580582739,406,0,15,0,47,0,266,1,0,1,0,21,16,6,0,342,0,0,0,0,0,0,0,1,1,0,742,52.0,1,0,0,0,0.17669172932330826,0.3191489361702128
5298694172511125916,17,0,18,0,209,0,250,1,0,0,0,0,0,4,1,16,0,0,0,0,0,0,0,0,0,0,499,0.0,0,0,1,0,0.836,0.0861244019138756
5299373065333502110,117,0,8,0,138,0,412,1,0,1,0,1,0,3,0,110,0,0,0,0,0,0,1,0,0,0,679,763.0,0,1,0,0,0.33495145631067963,0.057971014492753624
5303118846705404083,6,0,11,1,133,2,273,1,0,1,0,1,0,3,0,0,0,0,0,0,0,0,1,0,0,0,430,698.0,0,1,0,0,0.48717948717948717,0.08270676691729323
5355057424460226742,31,0,38,0,791,0,1107,1,0,9,0,5,2,4,3,0,0,0,0,0,1,0,1,0,0,0,1972,169.0,1,0,0,0,0.7145438121047877,0.04804045512010114
5411861034638094216,2,0,6,0,174,0,292,1,0,0,0,1,1,3,0,0,0,0,0,0,0,0,0,0,0,0,478,0.0,0,0,1,0,0.5958904109589042,0.034482758620689655
5412248148010927737,4,0,16,3,178,2,166,1,0,0,0,1,0,4,0,0,0,0,0,0,1,0,0,0,0,0,374,126.0,1,0,0,0,1.072289156626506,0.0898876404494382
5494283785949956805,0,0,14,1,26,3,255,1,0,0,0,0,0,4,0,0,0,0,0,0,0,0,0,0,0,0,304,,0,0,0,1,0.10196078431372549,0.5384615384615384
5495297224910883012,10,0,14,0,399,0,746,1,0,2,0,2,0,3,0,1,0,0,0,0,1,0,0,2,0,0,1173,128.0,1,0,0,0,0.5348525469168901,0.03508771929824561
5512782723195472506,7,0,16,0,134,0,236,1,0,0,0,0,0,3,0,7,0,0,0,0,0,0,0,0,0,0,397,,0,0,0,1,0.5677966101694916,0.11940298507462686
5668984710974196666,105,0,18,0,137,0,432,1,0,0,0,0,0,3,2,82,0,0,0,0,3,0,2,0,0,0,696,233.0,0,1,0,0,0.31712962962962965,0.13138686131386862
5681898667488262224,2,0,7,1,222,2,1151,1,0,2,0,0,0,3,0,0,0,0,0,0,0,0,0,0,0,0,1389,,0,0,0,1,0.19287576020851432,0.03153153153153153
5715288135627234375,30,0,42,0,503,0,255,1,0,1,0,0,0,3,0,0,0,0,0,0,5,0,3,0,0,0,834,249.0,0,1,0,0,1.9725490196078432,0.08349900596421471
5724977969757302738,0,0,0,0,215,0,66,1,0,0,0,0,0,2,0,0,0,0,0,0,0,0,0,0,0,0,284,,0,0,0,1,3.257575757575758,0.0
5790293659334895208,17,0,18,0,317,0,836,1,0,1,0,0,0,4,0,16,0,0,0,0,0,0,0,0,0,0,1193,,0,0,0,1,0.3791866028708134,0.056782334384858045
5810470013625410243,0,0,9,0,74,0,185,1,0,0,0,0,0,3,0,0,0,0,0,0,0,0,0,0,0,0,272,,0,0,0,1,0.4,0.12162162162162163
5836010493811606575,0,0,4,5,17,3,12,1,0,0,0,0,0,3,0,0,0,0,0,0,0,0,0,0,0,0,45,,0,0,0,1,1.4166666666666667,0.23529411764705882
5927107407442585935,1,0,19,2,72,1,240,1,0,0,0,0,0,3,0,0,0,0,0,0,1,0,0,0,0,0,339,0.0,0,0,1,0,0.3,0.2638888888888889
5995077952900355198,13,0,4,0,77,0,183,1,0,0,0,1,0,5,0,1,0,0,0,0,2,0,0,0,0,0,283,801.0,0,0,1,0,0.4207650273224044,0.05194805194805195
6012648868035417765,23,0,5,0,96,0,451,1,0,1,0,1,0,3,0,19,0,0,0,0,0,0,0,0,0,0,579,0.0,0,0,1,0,0.21286031042128603,0.052083333333333336
6015572985328845695,380,0,9,0,238,0,755,1,0,0,0,26,3,3,4,301,0,0,0,0,0,0,0,0,0,0,1386,26.0,1,0,0,0,0.3152317880794702,0.037815126050420166
6113879643722760516,315,0,49,0,406,2,590,1,0,1,0,1,0,3,0,287,0,0,0,0,1,0,0,0,0,0,1366,1629.0,0,0,1,0,0.688135593220339,0.1206896551724138
6175671293999255562,167,0,45,7,542,6,596,1,0,4,0,0,0,4,1,162,0,0,0,0,0,0,0,0,0,0,1368,0.0,0,0,1,0,0.9093959731543624,0.08302583025830258
6175728041234636592,9,0,21,0,24,0,459,1,0,0,0,2,0,3,1,0,0,0,0,0,0,0,0,0,0,0,517,176.0,1,0,0,0,0.05228758169934641,0.875
6303294835173034710,71,0,27,2,86,1,311,1,0,3,0,10,5,3,0,36,0,0,0,0,1,0,2,0,0,0,502,97.0,1,0,0,0,0.2765273311897106,0.313953488372093
6345221810974615929,36,0,1,0,30,0,580,1,0,0,0,10,2,3,0,0,0,0,0,0,0,0,0,0,0,0,651,83.0,1,0,0,0,0.05172413793103448,0.03333333333333333
6346305193913568272,15,0,10,6,90,2,394,1,0,1,0,0,0,4,5,6,0,0,0,0,0,0,1,0,0,0,522,222.0,0,1,0,0,0.22842639593908629,0.1111111111111111
6439641521079451118,90,0,78,2,503,1,279,1,0,4,0,0,0,4,1,80,0,0,0,0,1,0,0,0,0,0,958,1492.0,0,0,1,0,1.8028673835125448,0.1550695825049702
6451836104534287601,155,0,62,0,269,1,537,1,0,3,0,0,0,4,0,145,0,0,0,0,1,0,0,0,0,0,1029,0.0,0,0,1,0,0.5009310986964618,0.23048327137546468
6545825318439594521,41,0,19,2,173,2,1020,1,0,0,0,2,0,5,2,30,0,0,0,0,0,0,1,0,0,0,1263,95.0,1,0,0,0,0.1696078431372549,0.10982658959537572
6606044001531046406,221,0,28,0,296,0,601,1,0,4,0,6,2,5,0,184,0,0,0,0,1,0,0,2,0,0,1152,244.0,0,1,0,0,0.4925124792013311,0.0945945945945946
6752918154289377631,14,0,18,0,62,0,282,1,0,0,0,0,0,3,0,14,0,0,0,0,0,0,0,0,0,0,380,,0,0,0,1,0.2198581560283688,0.2903225806451613
6852512077321405405,7,0,28,0,515,0,581,1,0,0,0,1,1,3,2,0,0,0,0,0,1,0,0,0,0,0,1135,566.0,0,1,0,0,0.8864027538726333,0.05436893203883495
6858070637958248090,2,0,21,0,193,0,226,1,0,0,0,0,0,4,0,2,0,0,0,0,0,0,0,0,0,0,447,,0,0,0,1,0.8539823008849557,0.10880829015544041
6941363204039628360,33,0,7,3,65,3,72,1,0,0,0,2,0,4,0,28,0,0,0,0,1,0,0,0,0,0,188,26.0,1,0,0,0,0.9027777777777778,0.1076923076923077
7005067648482870334,19,0,15,0,402,0,391,1,0,0,0,3,0,5,0,9,0,0,0,0,0,0,0,0,0,0,833,733.0,0,1,0,0,1.0281329923273657,0.03731343283582089
7005239913958419075,10,0,0,0,0,0,0,0,0,0,0,1,0,2,0,7,0,0,0,0,0,0,0,0,0,0,12,0.0,0,0,1,0,,
7010138933975392132,39,0,30,1,158,0,627,1,0,2,0,12,3,4,0,5,0,0,0,0,0,0,0,0,0,0,860,34.0,1,0,0,0,0.25199362041467305,0.189873417721519
7019658148750582991,55,3,25,0,321,0,442,1,0,1,0,2,0,4,0,48,0,0,1,0,0,0,0,0,0,0,851,369.0,0,1,0,0,0.7262443438914027,0.0778816199376947
7034768500200753709,2,0,30,0,1170,0,986,1,0,2,0,0,0,3,0,0,0,0,0,0,0,0,0,0,0,0,2192,,0,0,0,1,1.1866125760649087,0.02564102564102564
7044829422151759076,29,0,2,2,26,1,343,1,0,0,0,10,2,3,1,0,0,0,0,0,0,0,0,0,0,0,407,58.0,1,0,0,0,0.07580174927113703,0.07692307692307693
7065042204224375942,0,0,17,0,77,1,243,1,0,0,0,0,0,3,0,0,0,0,0,0,0,0,0,0,0,0,342,,0,0,0,1,0.3168724279835391,0.22077922077922077
7102471375041772471,124,0,35,1,86,1,679,1,0,4,0,0,1,5,6,111,0,0,0,0,1,0,0,0,0,0,932,251.0,0,1,0,0,0.12665684830633284,0.4069767441860465
7110935350917098851,50,0,16,0,199,0,517,1,0,0,0,13,1,3,1,14,0,0,0,0,0,0,0,0,0,0,786,116.0,1,0,0,0,0.3849129593810445,0.08040201005025126
7158028388622279498,4,0,7,0,63,0,261,1,0,0,0,1,0,3,0,1,0,0,0,0,0,0,0,0,0,0,339,0.0,0,0,1,0,0.2413793103448276,0.1111111111111111
7167167493162437575,55,0,7,0,123,0,75,1,0,4,0,4,5,4,15,0,0,0,2,0,2,0,4,1,0,0,265,44.0,1,0,0,0,1.64,0.056910569105691054
7174213163992505686,17,0,28,1,437,1,635,1,0,0,0,1,1,4,0,0,0,0,0,0,4,0,1,0,0,0,1124,255.0,0,1,0,0,0.6881889763779527,0.06407322654462243
7192038435708198144,6,0,14,2,59,1,315,1,0,0,0,0,0,4,0,6,0,0,0,0,0,0,0,0,0,0,402,,0,0,0,1,0.1873015873015873,0.23728813559322035
7285762881743548185,84,0,5,0,18,0,112,1,0,0,0,4,0,4,0,76,0,0,0,0,1,0,0,0,0,0,224,106.0,1,0,0,0,0.16071428571428573,0.2777777777777778
7306837502833694780,44,0,35,0,180,0,17,1,2,1,0,3,2,4,2,30,0,0,0,0,0,0,2,0,0,0,283,238.0,0,1,0,0,10.588235294117647,0.19444444444444445
7315101248719929236,43,0,22,2,474,2,843,1,0,4,0,0,0,4,2,34,0,0,0,0,1,0,0,0,0,0,1391,340.0,0,1,0,0,0.5622775800711743,0.046413502109704644
7344325928652024530,3,0,19,0,91,0,246,1,0,0,0,0,0,3,0,0,0,0,0,0,1,0,0,0,0,0,363,0.0,0,0,1,0,0.3699186991869919,0.2087912087912088
7351007993337171702,2,0,0,2,86,3,78,1,0,2,0,0,0,3,0,0,0,0,0,0,0,0,0,0,0,0,175,,0,0,0,1,1.1025641025641026,0.0
7390039870582750244,28,0,26,8,728,7,358,1,0,0,0,5,1,3,0,7,0,0,0,0,4,0,0,0,0,0,1159,203.0,0,1,0,0,2.0335195530726256,0.03571428571428571
7394132843793204005,0,0,0,0,0,0,29,1,0,0,0,0,0,3,0,0,0,0,0,0,0,0,0,0,0,0,33,,0,0,0,1,0.0,
7413676023287117979,5,0,3,4,108,4,208,1,1,0,0,0,0,4,0,0,0,0,0,0,1,0,0,2,0,0,338,90.0,1,0,0,0,0.5192307692307693,0.027777777777777776
7447645378313784940,5,0,36,4,274,4,634,1,0,5,0,0,0,3,0,0,0,0,0,0,0,0,0,0,0,0,961,,0,0,0,1,0.43217665615141954,0.13138686131386862
7465473465951161265,70,0,88,0,892,0,1192,1,0,1,0,2,0,4,0,56,0,0,0,0,1,0,1,0,0,0,2247,129.0,1,0,0,0,0.7483221476510067,0.09865470852017937
7502412060141725831,11,0,7,0,65,0,117,1,0,0,0,0,0,4,0,11,0,0,0,0,0,0,0,0,0,0,205,,0,0,0,1,0.5555555555555556,0.1076923076923077
7505878156707506794,28,0,15,0,159,0,420,1,0,2,0,3,0,5,1,15,0,0,0,0,0,0,1,0,0,0,628,347.0,0,1,0,0,0.37857142857142856,0.09433962264150944
7529975547826896277,0,1,16,0,58,0,146,1,1,0,0,0,0,3,0,0,0,0,0,1,0,0,0,0,0,0,226,0.0,0,0,1,0,0.3972602739726027,0.27586206896551724
7552384522464811790,0,0,6,0,107,0,947,1,0,0,0,0,0,3,0,0,0,0,0,0,0,0,0,0,0,0,1064,,0,0,0,1,0.11298838437170011,0.056074766355140186
7748104635968797120,19,0,22,0,166,0,237,1,0,1,0,4,3,3,0,0,0,0,0,0,0,0,0,3,0,0,448,27.0,1,0,0,0,0.70042194092827,0.13253012048192772
7762078163930980680,308,0,39,0,295,0,755,1,0,2,0,37,9,4,0,218,0,0,0,0,0,0,0,13,0,0,1402,36.0,1,0,0,0,0.39072847682119205,0.13220338983050847
7776124028308343986,24,0,39,11,303,7,610,1,0,0,0,8,1,3,0,0,0,0,0,0,0,0,4,0,0,0,998,133.0,1,0,0,0,0.4967213114754098,0.12871287128712872
7777573772381328919,30,0,0,3,288,3,603,1,0,0,0,12,9,5,0,0,0,0,0,0,1,0,1,5,0,0,933,106.0,1,0,0,0,0.47761194029850745,0.0
7838820543470284194,3,0,16,6,125,5,426,1,0,0,0,1,0,3,0,0,0,0,0,0,0,0,0,0,0,0,585,0.0,0,0,1,0,0.2934272300469484,0.128
7865573761258842561,0,0,10,0,44,0,77,1,0,0,0,0,0,3,0,0,0,0,0,0,0,0,0,0,0,0,135,,0,0,0,1,0.5714285714285714,0.22727272727272727
7882847920407305523,101,0,51,7,366,5,373,1,0,5,0,0,0,5,0,91,0,0,0,0,1,0,0,4,0,0,909,49.0,1,0,0,0,0.9812332439678284,0.13934426229508196
7907203168844625301,0,0,26,1,449,1,286,1,0,0,0,0,0,3,0,0,0,0,0,0,0,0,0,0,0,0,767,,0,0,0,1,1.56993006993007,0.05790645879732739
7911936358590146982,31,0,94,0,1198,0,778,1,0,2,0,1,0,4,0,20,0,0,0,0,0,0,2,0,0,0,2106,722.0,0,1,0,0,1.5398457583547558,0.07846410684474124
7946788655783662869,59,0,17,2,348,0,267,1,0,0,0,0,16,3,0,39,0,0,0,0,4,0,0,0,0,0,697,51.0,1,0,0,0,1.303370786516854,0.04885057471264368
7958844842927530097,42,0,21,1,185,1,381,1,0,4,0,9,1,4,0,7,0,0,0,0,0,0,0,0,0,0,636,229.0,0,1,0,0,0.48556430446194226,0.11351351351351352
7987515197186318084,11,0,25,1,137,1,257,1,0,0,0,0,0,3,0,0,0,0,0,0,3,0,1,0,0,0,436,27.0,1,0,0,0,0.5330739299610895,0.18248175182481752
8019858374913181976,4,0,9,0,183,0,277,1,0,1,0,1,0,4,1,0,0,0,0,0,0,0,0,0,0,0,478,98.0,1,0,0,0,0.6606498194945848,0.04918032786885246
8041896425135475586,6,0,11,0,143,0,310,1,0,1,0,1,1,3,0,0,0,0,0,0,1,0,0,0,0,0,474,26.0,1,0,0,0,0.4612903225806452,0.07692307692307693
8051948956042735819,119,0,9,7,158,5,200,1,0,0,0,0,0,4,0,110,0,0,1,0,1,0,0,4,0,0,503,37.0,1,0,0,0,0.79,0.056962025316455694
8099215117693226331,1,0,17,0,424,0,904,1,0,1,0,0,0,4,0,0,0,0,0,0,0,0,0,0,0,0,1351,,0,0,0,1,0.4690265486725664,0.04009433962264151
8109364120972142764,0,0,10,0,67,0,456,1,0,0,0,0,0,3,0,0,0,0,0,0,0,0,0,0,0,0,537,,0,0,0,1,0.14692982456140352,0.14925373134328357
8124989567525309333,0,0,9,1,65,1,257,1,0,0,0,0,0,3,0,0,0,0,0,0,0,0,0,0,0,0,337,,0,0,0,1,0.2529182879377432,0.13846153846153847
8136046494288219229,10,0,5,0,70,0,405,1,0,0,0,3,0,3,0,0,0,0,0,0,1,0,0,0,0,0,494,519.0,0,1,0,0,0.1728395061728395,0.07142857142857142
8154349318294152986,5,0,27,3,362,2,435,1,0,5,0,0,0,3,0,0,0,0,0,0,0,0,0,0,0,0,838,,0,0,0,1,0.832183908045977,0.07458563535911603
8189055480297332023,0,0,4,0,109,0,295,1,0,0,0,0,0,3,0,0,0,0,0,0,0,0,0,0,0,0,412,,0,0,0,1,0.3694915254237288,0.03669724770642202
8228431159040875821,50,0,74,0,553,1,1320,1,0,17,0,1,0,6,1,30,0,0,0,0,0,0,0,0,0,0,2005,838.0,0,0,1,0,0.41893939393939394,0.13381555153707053
8255553973774541914,0,0,6,2,5,2,61,1,0,0,0,0,0,3,0,0,0,0,0,0,0,0,0,0,0,0,80,,0,0,0,1,0.08196721311475409,1.2
8282993255750872157,42,0,15,0,700,0,790,1,0,0,0,2,0,3,0,31,0,0,0,0,1,0,0,0,0,0,1551,799.0,0,1,0,0,0.8860759493670886,0.02142857142857143
8313153514098399553,5,0,9,2,71,2,373,1,0,0,0,0,0,4,0,1,0,0,0,0,0,0,1,0,0,0,467,0.0,0,0,1,0,0.1903485254691689,0.1267605633802817
8362588987826864278,0,0,44,0,674,0,338,1,0,0,0,0,0,3,0,0,0,0,0,0,0,0,0,0,0,0,1060,,0,0,0,1,1.9940828402366864,0.06528189910979229
8362822842137226453,322,0,19,1,218,0,492,1,0,2,0,0,2,5,1,292,0,0,0,0,1,0,4,8,0,0,1058,140.0,1,0,0,0,0.44308943089430897,0.0871559633027523
8367186308979039211,145,0,3,0,61,0,509,1,0,0,0,1,1,3,0,142,0,0,0,0,0,0,1,0,0,0,722,1459.0,0,0,1,0,0.11984282907662082,0.04918032786885246
8393626231160866952,3,0,39,0,43,0,188,1,0,0,0,1,0,3,0,0,0,0,0,0,0,0,0,0,0,0,277,0.0,0,0,1,0,0.22872340425531915,0.9069767441860465
8428542150139241038,9,0,6,4,105,3,423,1,0,2,0,0,0,3,0,9,0,0,0,0,0,0,0,0,0,0,556,,0,0,0,1,0.24822695035460993,0.05714285714285714
8465193589079506074,379,0,0,2,0,3,14,1,0,0,0,0,0,5,0,377,0,0,0,0,2,0,0,0,0,0,404,0.0,0,0,1,0,0.0,
8495604710625908647,4,0,30,0,288,0,335,1,0,0,0,0,0,3,0,0,0,0,0,0,1,0,1,0,0,0,661,130.0,1,0,0,0,0.8597014925373134,0.10416666666666667
8525792891267786286,7,0,22,0,271,0,561,1,0,0,0,1,0,3,0,0,0,0,0,0,1,0,1,0,0,0,865,433.0,0,1,0,0,0.483065953654189,0.08118081180811808
8542630720749341232,2,0,16,0,123,0,542,1,0,2,0,0,0,3,0,0,0,0,0,0,0,0,0,0,0,0,687,,0,0,0,1,0.22693726937269373,0.13008130081300814
8552709732253011037,30,0,9,1,32,1,261,1,0,0,0,0,6,4,0,15,0,0,0,0,0,0,5,0,0,1,340,0.0,0,0,1,0,0.12260536398467432,0.28125
8556967441841245157,5,0,23,0,176,0,280,1,0,0,0,1,2,3,0,0,0,0,0,0,0,0,0,0,0,0,488,0.0,0,0,1,0,0.6285714285714286,0.13068181818181818
8581329735647389323,3,0,26,0,591,0,1181,1,0,0,0,0,0,3,0,0,0,0,0,0,0,0,1,0,0,0,1805,0.0,0,0,1,0,0.5004233700254022,0.043993231810490696
8595496937001893912,4,0,20,0,124,0,237,1,0,1,0,0,0,3,0,3,0,0,0,0,0,0,0,0,0,0,389,,0,0,0,1,0.5232067510548524,0.16129032258064516
8607350004005645766,169,0,42,1,173,5,318,1,0,2,0,4,5,5,8,124,0,0,0,0,4,0,2,0,0,0,714,125.0,1,0,0,0,0.5440251572327044,0.24277456647398843
8693942997750974773,48,0,7,0,278,0,881,1,0,1,0,4,0,4,1,36,0,0,0,0,0,0,0,0,0,0,1219,175.0,1,0,0,0,0.3155505107832009,0.025179856115107913
8717613412249186994,0,0,20,1,248,0,261,1,0,0,0,0,0,3,0,0,0,0,0,0,0,0,0,0,0,0,534,,0,0,0,1,0.9501915708812261,0.08064516129032258
8726958445723200346,57,0,21,0,79,0,261,1,0,5,0,0,0,3,0,39,0,0,0,0,0,0,5,1,0,0,422,102.0,1,0,0,0,0.30268199233716475,0.26582278481012656
8752138181313468235,110,0,18,2,81,3,725,1,0,0,0,0,2,3,0,92,0,0,0,0,1,0,1,3,0,0,943,453.0,0,1,0,0,0.11172413793103449,0.2222222222222222
8761607066706873912,0,0,15,0,147,0,387,1,0,0,0,0,0,3,0,0,0,0,0,0,0,0,0,0,0,0,553,,0,0,0,1,0.3798449612403101,0.10204081632653061
8767090778876753670,6,0,27,2,377,2,1177,1,0,1,0,0,0,3,0,0,0,0,0,0,0,0,2,0,0,0,1595,0.0,0,0,1,0,0.32030586236193714,0.07161803713527852
8776107524418592820,37,0,59,0,183,2,549,1,0,0,0,0,0,4,4,17,0,0,0,0,1,0,0,3,0,0,835,158.0,1,0,0,0,0.3333333333333333,0.3224043715846995
8791266081596480966,23,0,11,1,37,1,455,1,0,1,0,0,0,4,0,18,0,0,0,0,1,0,0,1,0,0,533,14.0,1,0,0,0,0.08131868131868132,0.2972972972972973
8948274627592536398,72,1,1,1,35,3,483,1,0,1,0,0,3,4,0,65,0,0,1,0,1,0,0,0,0,0,601,149.0,1,0,0,0,0.07246376811594203,0.02857142857142857
8964702336386277962,119,0,11,1,215,1,358,1,0,1,0,0,0,5,0,118,0,0,0,0,0,0,0,0,0,0,711,,0,0,0,1,0.6005586592178771,0.05116279069767442
9018043289713112309,1,0,2,1,18,1,62,1,0,1,0,0,0,3,0,0,0,0,0,0,0,0,0,0,0,0,89,,0,0,0,1,0.2903225806451613,0.1111111111111111
9018317713753050783,0,0,7,0,151,0,113,1,0,0,0,0,0,3,0,0,0,0,0,0,0,0,0,0,0,0,275,,0,0,0,1,1.336283185840708,0.046357615894039736
9041972099345834633,37,0,27,0,120,0,511,1,0,1,0,1,0,5,3,6,0,0,0,0,6,0,1,0,0,0,701,79.0,1,0,0,0,0.23483365949119372,0.225
9048615060669355356,110,0,34,4,395,2,907,1,0,0,0,4,4,5,0,86,0,0,0,0,0,0,0,0,0,0,1458,353.0,0,1,0,0,0.4355016538037486,0.08607594936708861
9063800089878222720,14,0,8,0,133,0,607,1,0,0,0,2,0,3,0,0,0,0,0,0,0,0,2,0,0,0,766,417.0,0,1,0,0,0.21911037891268534,0.06015037593984962
