primary_purchase_club,primary_purchase_ga,primary_purchase_single,primary_purchase_sth,primary_purchase_suite,secondary_purchase,secondary_sale,merch_purchase,percent_open,percent_click,Totals
0,0,0,2,0,0,13,0,5.043715846994536,0.08884073672806067,1221
0,0,0,1,0,0,6,0,0.6103896103896104,0.14893617021276595,149
0,0,0,1,0,0,4,0,0.05405405405405406,3.25,363
0,0,0,2,0,0,13,0,0.44214876033057854,0.3364485981308411,1330
0,0,0,1,0,0,4,0,0.015151515151515152,1.0,955
1,0,0,2,0,0,7,0,0.5017182130584192,0.0684931506849315,650
0,0,0,2,0,0,3,2,0.95625,0.21568627450980393,579
0,0,0,1,0,0,1,0,0.45454545454545453,0.24,101
0,0,0,2,0,0,14,1,0.36363636363636365,0.3125,440
0,0,0,1,0,0,1,0,0.7236842105263158,0.09090909090909091,302
0,0,0,1,0,0,3,0,0.1568627450980392,1.625,359
0,0,0,2,0,0,0,0,0.0784313725490196,2.25,540
0,0,0,1,0,0,2,0,0.5714285714285714,0.175,142
0,0,0,2,0,0,10,0,0.051094890510948905,1.0,2027
0,0,0,2,0,0,1,0,0.38125,0.47540983606557374,709
0,0,1,5,0,0,10,0,2.845360824742268,0.15579710144927536,580
1,0,0,1,0,0,0,0,0.06818181818181818,1.0,439
0,0,0,1,0,1,2,1,1.606060606060606,0.18238993710691823,465
0,0,0,2,0,0,14,0,0.7407407407407407,0.1375,976
0,0,0,1,0,0,7,0,1.540983606557377,0.06382978723404255,224
0,0,0,2,0,0,0,0,0.07547169811320754,1.0,187
0,0,1,2,0,0,17,0,1.6575342465753424,0.09917355371900827,662
0,0,0,1,0,0,0,1,1.263157894736842,0.24166666666666667,341
0,0,1,2,0,1,6,0,0.2631578947368421,0.6888888888888889,1288
0,0,0,2,0,0,4,0,0.2847682119205298,0.5116279069767442,250
0,0,0,2,0,0,16,1,0.08433734939759036,0.14285714285714285,568
0,0,0,2,0,0,4,1,0.8514285714285714,0.087248322147651,735
1,0,0,2,0,1,21,1,0.8660714285714286,0.29381443298969073,728
1,0,0,2,0,0,15,0,0.12138728323699421,0.42857142857142855,445
0,0,1,2,0,0,0,0,0.6466666666666666,0.24742268041237114,599
0,0,0,2,0,0,14,0,2.2992700729927007,0.07301587301587302,755
0,0,0,1,0,2,6,0,8.461538461538462,0.0,478
0,0,0,1,0,0,7,0,0.0,,93
0,0,0,1,0,0,0,0,0.08,2.25,87
0,0,0,1,0,0,6,0,0.3111111111111111,0.07142857142857142,117
1,0,0,2,0,0,1,0,0.7675276752767528,0.10576923076923077,1023
0,0,0,1,0,0,0,0,inf,0.0,21
0,1,0,2,0,1,0,0,0.6510067114093959,0.1958762886597938,578
0,0,1,2,0,0,1,0,0.03546099290780142,1.0,632
3,0,0,1,0,0,0,0,1.5508474576271187,0.08196721311475409,382
0,0,0,2,0,0,3,0,0.8275862068965517,0.14166666666666666,540
0,0,1,1,0,0,16,0,0.4,0.19230769230769232,147
0,0,0,1,0,3,11,1,0.0847457627118644,1.6,101
0,2,1,2,0,0,0,7,0.18823529411764706,1.6875,333
12,0,0,8,0,0,0,0,0.027586206896551724,3.0,235
1,0,0,7,0,0,17,0,0.6567375886524822,0.13390928725701945,2345
0,0,0,7,0,1,30,2,0.4106910039113429,0.1619047619047619,2000
0,0,0,2,0,0,5,2,0.20689655172413793,1.5,335
0,0,0,1,0,0,4,0,2.611111111111111,0.014184397163120567,316
0,0,0,1,0,0,8,0,0.05172413793103448,1.3333333333333333,91
0,0,0,1,0,0,5,0,0.03225806451612903,2.0,310
0,0,0,2,0,0,7,0,0.0410958904109589,1.3333333333333333,419
0,0,0,1,0,0,0,0,0.7333333333333333,0.5454545454545454,166
0,0,0,1,0,0,7,0,0.4,0.041666666666666664,231
1,0,0,1,0,0,2,1,0.17647058823529413,0.25,99
0,0,0,2,0,0,8,0,0.09090909090909091,0.6666666666666666,472
0,0,0,2,0,0,2,0,0.09375,0.9444444444444444,355
1,0,0,2,0,0,0,0,1.8481012658227849,0.11643835616438356,1338
0,0,0,2,0,1,2,0,0.03676470588235294,2.1,329
0,0,0,1,0,0,4,0,0.7631578947368421,0.27586206896551724,399
0,0,0,1,0,1,4,0,0.4017857142857143,0.0,181
0,0,1,2,0,0,0,0,0.7336244541484717,0.08333333333333333,1234
0,0,0,1,0,0,4,0,0.3972602739726027,0.06896551724137931,222
0,0,0,1,0,0,0,0,3.7857142857142856,0.07547169811320754,255
1,0,0,2,1,0,0,0,0.6296296296296297,0.0784313725490196,264
0,0,0,2,0,0,1,2,0.31645569620253167,0.22,328
0,0,0,1,0,0,1,0,1.425531914893617,0.1044776119402985,392
1,0,0,1,0,0,0,0,1.0229885057471264,0.056179775280898875,215
0,0,0,1,0,0,0,0,0.35294117647058826,0.6111111111111112,221
0,0,1,1,0,0,0,0,0.8928571428571429,0.14,313
0,0,1,1,0,0,1,0,0.7777777777777778,0.09523809523809523,175
0,0,0,2,0,0,0,1,0.5194805194805194,0.225,698
1,0,1,2,0,0,0,0,0.08333333333333333,0.9523809523809523,616
0,0,1,2,0,0,7,1,1.702928870292887,0.18673218673218672,1715
0,0,0,1,0,0,2,1,0.043478260869565216,2.25,123
0,0,0,1,0,0,0,0,0.6923076923076923,0.16666666666666666,166
0,0,0,1,0,0,7,0,1.5833333333333333,0.039473684210526314,143
3,2,0,1,2,0,3,1,2.2564102564102564,0.14772727272727273,1164
1,0,0,15,0,0,7,5,0.14347826086956522,0.30303030303030304,683
0,0,0,2,0,2,5,0,1.6,0.08088235294117647,591
0,0,0,1,0,0,9,0,0.24742268041237114,0.125,143
0,0,0,2,0,1,12,0,1.0856031128404668,0.07526881720430108,650
0,0,1,1,0,0,0,0,0.2169811320754717,0.8695652173913043,513
0,0,0,2,0,0,0,0,0.32081911262798635,0.2127659574468085,658
0,0,0,1,0,0,3,0,0.3023255813953488,0.15384615384615385,247
0,0,0,2,0,0,2,6,0.11924119241192412,1.7954545454545454,1214
0,0,0,2,0,0,6,6,0.6582278481012658,0.27403846153846156,739
0,0,0,1,0,0,18,0,1.1538461538461537,0.10666666666666667,400
1,0,0,1,0,0,1,4,1.5421686746987953,0.0859375,384
0,0,1,1,0,0,2,0,0.6788990825688074,0.1891891891891892,281
0,0,0,2,0,0,9,0,0.06666666666666667,1.5,243
0,0,0,1,0,0,4,0,0.26666666666666666,0.0,165
0,0,0,2,0,0,0,0,0.15730337078651685,0.6428571428571429,460
0,0,0,1,0,0,0,0,0.32954545454545453,0.06896551724137931,214
0,0,0,1,0,0,4,0,1.0277777777777777,0.24324324324324326,107
0,0,0,1,0,0,3,1,3.533333333333333,0.05660377358490566,87
0,0,0,1,0,0,3,1,1.9622641509433962,0.04326923076923077,624
0,0,0,2,0,0,6,1,1.6666666666666667,0.09019607843137255,529
0,0,0,2,0,0,1,0,0.09803921568627451,0.9,404
0,0,0,1,0,0,2,0,0.5106382978723404,0.10416666666666667,192
3,0,1,7,0,0,0,0,0.7636363636363637,0.11904761904761904,142
0,0,0,2,1,0,5,6,2.431693989071038,0.15730337078651685,1083
1,0,0,2,0,0,7,0,0.0975609756097561,1.4,876
0,0,0,1,0,0,1,0,0.03333333333333333,1.0,267
0,0,0,4,0,0,0,0,0.3855932203389831,0.8681318681318682,767
0,0,1,2,0,0,2,0,0.5615942028985508,0.14193548387096774,767
0,0,0,2,0,0,0,0,0.11392405063291139,1.4444444444444444,339
0,0,0,1,0,0,0,0,0.851063829787234,0.0,111
0,0,0,2,0,0,0,0,0.34649122807017546,0.25316455696202533,989
0,0,0,2,0,0,6,0,1.1830065359477124,0.055248618784530384,452
0,0,0,2,0,0,0,3,1.226890756302521,0.136986301369863,1001
1,0,0,2,0,0,6,0,0.9197994987468672,0.1335149863760218,1027
0,1,0,9,0,2,8,2,0.07647058823529412,1.0769230769230769,338
1,0,0,1,0,0,3,0,1.0714285714285714,0.05333333333333334,641
0,0,0,2,0,0,1,0,0.15810276679841898,0.775,792
0,0,0,2,0,0,15,0,0.5285714285714286,0.15315315315315314,1052
1,0,0,1,0,0,6,0,0.16666666666666666,0.7,105
0,0,0,2,0,2,14,1,0.32432432432432434,0.6,465
0,0,0,1,0,0,0,0,0.09803921568627451,0.4,71
0,0,0,1,0,0,0,0,2.238095238095238,0.03546099290780142,285
0,0,0,2,0,1,15,0,1.433673469387755,0.06405693950177936,919
0,0,0,1,0,0,0,1,0.5274725274725275,0.25,531
2,0,1,2,0,2,26,0,1.0262008733624455,0.059574468085106386,757
0,0,0,1,0,1,2,0,1.2461538461538462,0.14814814814814814,265
0,0,0,2,0,0,10,0,0.775,0.1935483870967742,180
0,0,0,1,0,0,3,0,0.23880597014925373,0.375,213
1,0,0,2,0,0,14,3,0.3490566037735849,0.46846846846846846,1261
0,0,0,2,0,0,7,0,0.055900621118012424,1.6666666666666667,520
0,0,0,1,0,0,0,0,0.014492753623188406,1.0,83
0,0,1,2,0,0,11,0,0.12738853503184713,0.7,579
0,0,0,7,0,0,7,1,0.7501921598770177,0.027663934426229508,2448
1,0,0,2,0,0,12,1,1.8620689655172413,0.2962962962962963,479
0,0,0,1,0,0,0,0,0.6413793103448275,0.043010752688172046,247
0,0,0,1,0,0,0,0,0.2459016393442623,0.4,267
0,0,0,2,0,0,5,0,1.3125,0.11904761904761904,238
0,0,0,1,0,0,0,2,0.46808510638297873,0.045454545454545456,153
0,0,0,2,0,0,3,0,0.9285714285714286,0.0979020979020979,867
0,0,0,1,0,0,2,0,0.5072463768115942,0.14285714285714285,395
0,0,0,1,0,1,1,0,0.359375,0.17391304347826086,126
0,0,0,2,0,0,1,1,0.13963963963963963,0.3225806451612903,583
0,0,0,5,0,0,7,0,0.0,,197
0,0,0,1,0,0,4,0,0.125,1.0,88
0,0,0,2,0,0,6,0,1.017751479289941,0.06395348837209303,616
1,0,0,2,0,0,6,0,0.013157894736842105,1.5,262
0,0,0,1,0,0,1,0,0.0,,45
0,0,0,2,0,0,2,0,1.421383647798742,0.09292035398230089,525
0,0,0,1,0,0,2,0,0.9,0.2222222222222222,528
0,0,0,2,0,1,1,0,0.28695652173913044,0.2727272727272727,464
0,0,0,1,0,0,3,0,0.025,0.5,113
0,0,0,1,0,0,4,0,0.10606060606060606,1.1428571428571428,426
1,0,0,2,0,0,11,0,0.125,1.25,810
0,1,0,2,0,0,0,0,0.9865771812080537,0.19727891156462585,788
0,0,0,1,0,0,1,0,0.15789473684210525,0.6666666666666666,366
0,0,2,2,0,0,0,0,0.05555555555555555,1.7647058823529411,1677
0,0,1,5,6,6,6,0,0.0971709717097171,0.012658227848101266,1353
0,0,0,8,0,0,11,0,0.4326923076923077,0.07272727272727272,2768
0,0,0,2,0,0,4,1,1.3253012048192772,0.17727272727272728,666
2,0,0,1,0,0,0,0,0.7899159663865546,0.09574468085106383,347
0,0,0,2,0,0,11,0,0.05,1.0,161
0,0,0,2,0,0,18,0,0.9312977099236641,0.20491803278688525,388
0,0,0,1,0,0,4,0,0.42105263157894735,0.09375,507
0,0,0,1,0,0,1,0,1.296875,0.12048192771084337,259
0,0,0,1,0,0,1,0,0.8823529411764706,0.022222222222222223,114
0,0,0,2,0,0,11,1,0.5450819672131147,0.11278195488721804,731
0,0,0,2,0,0,10,2,0.0815450643776824,1.2105263157894737,791
0,0,0,1,0,0,0,0,1.26,0.031746031746031744,131
0,0,0,2,0,0,11,0,2.5445544554455446,0.122568093385214,1096
0,0,0,2,0,0,5,14,0.34536082474226804,0.2835820895522388,908
0,0,0,1,0,0,1,0,0.7758620689655172,0.3333333333333333,283
0,0,0,2,1,0,0,0,0.2594594594594595,0.4166666666666667,437
4,0,0,2,0,0,2,0,0.3237410071942446,0.5111111111111111,680
0,0,0,1,0,0,2,0,0.782608695652174,0.2361111111111111,320
0,1,0,2,0,0,0,0,1.096774193548387,0.4411764705882353,370
0,0,0,1,0,0,1,0,1.2764227642276422,0.07643312101910828,532
0,0,0,2,0,0,1,0,0.4008097165991903,0.35353535353535354,791
0,0,0,1,0,0,0,0,1.0754716981132075,0.38596491228070173,143
0,0,0,2,0,0,17,4,0.46116504854368934,0.30526315789473685,459
0,0,0,7,0,0,0,0,1.1360448807854138,0.05308641975308642,2017
0,0,0,1,0,0,0,0,0.3442622950819672,0.38095238095238093,130
0,0,0,2,0,0,7,0,0.02702702702702703,1.5,414
0,0,0,2,0,0,0,4,1.2996515679442509,0.10723860589812333,1024
0,0,0,1,0,0,4,0,1.352112676056338,0.16666666666666666,210
0,0,0,1,0,0,0,0,0.32653061224489793,0.0625,77
1,0,1,3,0,0,0,0,0.05309734513274336,1.1666666666666667,780
0,0,1,2,0,0,9,0,0.3712574850299401,0.22580645161290322,350
0,0,0,2,0,0,17,0,0.04132231404958678,1.4,358
0,0,0,1,0,0,2,0,0.6666666666666666,0.016129032258064516,183
0,0,2,1,0,0,0,0,1.76,0.07954545454545454,182
0,0,1,2,0,0,2,0,0.07096774193548387,1.4545454545454546,586
0,0,0,1,0,0,10,0,0.8653846153846154,0.06666666666666667,112
0,0,0,2,0,0,3,0,0.25806451612903225,0.1,239
0,0,0,2,0,0,16,0,2.3540372670807455,0.023746701846965697,880
1,0,0,2,0,0,2,1,1.9166666666666667,0.10869565217391304,853
0,0,0,2,0,0,1,0,0.07392996108949416,0.3157894736842105,338
0,0,0,1,0,0,0,0,2.32183908045977,0.13366336633663367,414
0,0,0,2,0,0,0,0,0.9024390243902439,0.24324324324324326,348
0,0,0,1,0,0,9,1,2.0,0.15789473684210525,93
0,0,0,2,0,0,5,0,0.33163265306122447,0.3076923076923077,313
0,0,0,2,0,0,5,0,0.4943181818181818,0.2413793103448276,695
3,0,0,2,0,0,1,0,0.3157894736842105,0.4166666666666667,954
0,0,0,1,0,0,0,0,0.34146341463414637,0.03571428571428571,128
1,0,0,7,0,0,23,0,0.6172839506172839,0.14,256
0,0,0,2,0,1,0,0,0.2196969696969697,0.3103448275862069,483
0,0,0,1,0,0,4,0,0.05263157894736842,1.3333333333333333,407
0,0,0,1,0,0,1,0,0.024390243902439025,2.0,198
0,0,0,2,0,1,6,0,0.7628205128205128,0.09243697478991597,460
0,0,0,4,0,0,56,0,0.08152173913043478,0.9,864
0,0,0,2,0,0,15,0,1.378787878787879,0.17032967032967034,376
0,0,0,1,0,0,0,0,1.0227272727272727,0.044444444444444446,164
0,0,0,1,0,0,0,0,0.10784313725490197,1.2727272727272727,194
0,0,0,2,0,0,3,0,0.6892655367231638,0.319672131147541,796
0,0,0,2,0,0,1,1,0.09090909090909091,1.0,810
0,0,0,1,0,0,3,1,0.7391304347826086,0.14705882352941177,834
0,1,1,2,0,0,7,1,0.75,0.1984126984126984,502
0,0,0,1,0,0,0,0,0.7472527472527473,0.10294117647058823,239
0,0,0,1,0,0,0,0,11.0,0.045454545454545456,279
0,0,0,2,0,0,1,0,0.08403361344537816,0.6,677
0,0,1,2,0,0,18,0,0.2631578947368421,0.22,378
1,0,1,2,0,1,17,0,0.32,0.36363636363636365,1007
0,0,0,2,0,0,4,0,0.028089887640449437,1.6,324
0,0,0,2,0,0,0,1,1.7919075144508672,0.08709677419354839,817
0,0,0,1,0,0,10,0,0.5151515151515151,0.11764705882352941,140
0,1,0,1,0,1,2,1,1.4715447154471544,0.06629834254143646,401
0,1,0,1,0,0,0,0,0.15714285714285714,1.1818181818181819,327
0,0,0,2,0,0,21,0,0.19875776397515527,0.9375,1273
0,0,0,10,0,0,41,1,0.20348837209302326,0.8,614
1,0,0,1,0,0,8,2,1.3626373626373627,0.008064516129032258,622
0,0,1,2,0,0,0,0,0.1977401129943503,0.14285714285714285,451
0,0,0,2,0,0,0,0,0.43958868894601544,0.1695906432748538,1098
0,0,0,2,0,0,1,2,0.04819277108433735,1.375,488
0,0,0,1,0,0,4,0,0.7075471698113207,0.10666666666666667,477
0,0,0,1,0,0,3,0,1.1538461538461537,0.05,346
0,0,1,2,0,0,0,2,0.11570247933884298,1.3571428571428572,1096
0,0,1,1,0,0,0,0,0.0,,80
0,0,0,1,0,0,9,0,0.18,0.3333333333333333,339
0,0,0,1,0,0,0,0,0.5064935064935064,0.3333333333333333,182
1,0,0,2,0,0,9,1,1.7579617834394905,0.043478260869565216,914
0,0,0,1,0,0,0,0,0.1875,1.1111111111111112,85
0,0,0,2,0,1,8,0,1.5535714285714286,0.1839080459770115,850
0,0,0,1,0,0,0,0,1.3571428571428572,0.10526315789473684,161
0,0,0,1,0,0,0,1,0.24242424242424243,0.1875,189
0,0,0,1,0,0,0,0,0.5555555555555556,0.225,218
0,0,0,1,0,0,9,0,0.04081632653061224,1.0,63
0,0,0,2,0,1,1,0,0.075,1.0833333333333333,732
0,0,1,2,0,0,1,0,0.09142857142857143,0.375,511
0,0,0,2,0,0,14,0,0.18421052631578946,0.75,623
0,0,0,1,0,0,0,1,0.05263157894736842,1.0,73
0,0,0,1,0,0,5,0,0.2727272727272727,1.0,163
2,0,0,5,5,0,0,0,2.4651741293532337,0.04994954591321897,3922
0,0,0,2,1,0,4,0,0.21611721611721613,0.22033898305084745,793
0,0,0,2,0,0,6,3,0.7556390977443609,0.12935323383084577,1079
0,0,0,2,0,1,13,1,0.7771428571428571,0.16176470588235295,436
0,0,0,2,0,0,10,0,0.2535612535612536,0.20224719101123595,668
0,0,1,2,0,1,9,0,0.12972972972972974,0.9166666666666666,861
0,0,0,1,0,0,2,0,3.8095238095238093,0.1125,203
0,0,0,1,0,0,10,0,0.1875,1.1666666666666667,156
0,1,0,2,0,0,1,0,0.9156626506024096,0.13815789473684212,728
0,0,0,1,0,0,2,0,0.09803921568627451,0.0,245
0,0,0,1,0,0,0,0,1.0,0.13333333333333333,110
1,0,0,2,0,0,6,1,2.0060975609756095,0.060790273556231005,861
0,0,0,5,0,0,9,0,1.3313953488372092,0.1331877729257642,1251
0,0,0,2,0,0,3,0,1.2074468085106382,0.1013215859030837,728
0,0,0,1,0,0,3,1,0.30434782608695654,0.14285714285714285,167
1,0,1,1,0,1,6,0,0.8717948717948718,0.20588235294117646,655
0,0,0,1,0,0,1,0,0.7211538461538461,0.18666666666666668,214
0,0,0,1,0,0,9,0,0.9230769230769231,0.05555555555555555,176
0,0,0,1,0,0,2,0,0.008695652173913044,2.0,459
0,0,0,2,0,0,22,2,0.6923076923076923,0.16666666666666666,517
0,0,0,1,0,0,0,0,1.5384615384615385,0.55,50
1,0,0,6,0,0,3,0,0.8696741854636592,0.09510086455331412,829
2,0,2,3,2,0,0,0,0.08766233766233766,0.9629629629629629,1131
0,0,0,1,0,0,0,0,2.127659574468085,0.27,207
0,0,0,1,0,0,0,0,1.4696969696969697,0.1134020618556701,222
1,0,0,10,0,0,38,0,1.2458654906284454,0.12300884955752213,3160
0,0,0,1,0,0,4,0,0.7692307692307693,0.075,120
1,0,0,1,0,0,5,0,1.1012658227848102,0.19540229885057472,421
0,0,0,1,0,0,0,0,1.4615384615384615,0.0,104
0,0,0,2,0,0,0,0,1.4620253164556962,0.09956709956709957,710
0,0,0,1,0,0,0,0,0.05813953488372093,0.6,110
0,0,0,1,0,0,0,0,0.6515151515151515,0.3023255813953488,193
0,0,0,1,0,0,3,11,0.08108108108108109,1.0,196
0,0,0,2,0,0,12,0,0.08450704225352113,1.5555555555555556,505
0,0,0,1,0,0,0,0,,,12
0,0,0,2,0,0,9,0,0.12389380530973451,1.0,270
1,0,1,2,0,0,0,0,0.12432432432432433,0.5652173913043478,388
0,0,0,1,0,0,3,0,0.10204081632653061,1.0,308
1,0,0,2,0,0,0,0,0.5329949238578681,0.20952380952380953,482
0,0,0,2,0,0,18,1,0.5642458100558659,0.26732673267326734,660
0,0,0,1,0,0,0,0,0.6851851851851852,0.7297297297297297,612
0,0,0,1,0,0,0,0,0.6862745098039216,0.11428571428571428,165
0,0,0,2,0,0,0,2,0.3049645390070922,0.37209302325581395,464
0,0,0,1,0,0,8,0,0.8833333333333333,0.07547169811320754,173
0,0,0,1,0,0,1,1,0.46296296296296297,0.16,275
0,0,0,1,0,0,7,0,1.0,0.07692307692307693,326
0,0,0,1,0,0,0,0,0.029411764705882353,1.0,92
0,0,0,1,0,0,6,0,2.4545454545454546,0.07407407407407407,97
0,0,0,1,0,0,9,0,0.041666666666666664,0.5,183
0,0,0,2,0,0,0,1,2.142857142857143,0.15555555555555556,407
1,1,0,3,0,0,0,0,0.07777777777777778,0.8571428571428571,518
0,0,0,2,0,0,0,1,0.024390243902439025,1.0,399
0,0,0,3,0,0,31,0,1.2693498452012384,0.15609756097560976,869
0,0,0,1,0,0,8,0,0.07692307692307693,1.2,112
0,0,0,2,0,0,29,0,0.34536082474226804,0.746268656716418,976
0,0,0,2,0,0,9,0,0.6573033707865169,0.13675213675213677,411
0,0,0,2,0,0,17,0,0.7362637362637363,0.1791044776119403,384
0,0,0,1,0,0,1,0,0.16455696202531644,0.46153846153846156,512
0,0,0,1,0,0,2,0,1.1818181818181819,0.0641025641025641,168
0,0,0,1,0,0,5,0,0.18032786885245902,0.36363636363636365,303
0,0,0,2,0,0,4,0,0.32575757575757575,0.3488372093023256,536
0,0,0,1,0,0,0,0,0.883495145631068,0.06593406593406594,246
0,0,0,1,0,0,3,0,0.22340425531914893,0.42857142857142855,265
0,0,0,1,0,0,0,1,0.05102040816326531,0.4,131
1,1,0,1,0,1,2,2,2.8688524590163933,0.17714285714285713,425
0,0,0,2,0,0,8,3,1.572192513368984,0.07482993197278912,940
0,0,0,1,0,2,5,0,2.694915254237288,0.03773584905660377,267
0,0,0,2,0,0,2,0,0.7142857142857143,0.256,424
0,0,0,2,0,0,15,1,0.6535947712418301,0.19,619
0,0,0,2,0,0,1,0,1.6727272727272726,0.21739130434782608,441
0,0,0,2,0,1,10,0,0.06818181818181818,1.0,208
0,0,0,2,0,0,0,0,0.487012987012987,0.12,528
0,0,0,1,0,0,1,0,1.203125,0.05194805194805195,234
0,0,0,2,0,0,4,1,0.22857142857142856,0.125,650
0,0,0,2,0,0,14,0,0.030534351145038167,1.75,774
0,0,0,2,0,0,5,0,0.302158273381295,0.5476190476190477,747
0,0,0,2,0,0,0,0,1.1229235880398671,0.28402366863905326,1258
0,0,0,1,0,0,4,0,1.0806451612903225,0.014925373134328358,267
0,0,0,2,0,0,5,0,2.64,0.09090909090909091,286
0,0,0,2,0,0,5,0,0.47096774193548385,0.2465753424657534,470
0,0,0,3,0,0,12,0,0.638095238095238,0.23134328358208955,1028
0,0,0,1,0,1,0,0,0.14285714285714285,0.45454545454545453,173
0,0,0,2,0,0,0,0,0.11494252873563218,1.7666666666666666,1870
0,0,1,2,0,0,20,0,0.7277777777777777,0.08396946564885496,662
0,0,0,2,0,0,0,5,0.7754010695187166,0.10344827586206896,712
0,0,1,2,0,0,14,0,0.6736842105263158,0.0625,478
0,0,0,1,0,0,10,0,2.0535714285714284,0.10434782608695652,198
0,0,0,2,0,0,12,0,0.03825136612021858,0.5714285714285714,495
0,0,0,2,0,0,0,0,2.75,0.14772727272727273,220
0,0,0,1,0,0,1,0,0.075,0.16666666666666666,137
0,0,0,1,0,0,7,0,1.9821428571428572,0.036036036036036036,185
0,0,0,2,0,0,2,0,0.18807339449541285,0.8292682926829268,339
0,0,0,1,0,0,10,0,0.5753424657534246,0.23809523809523808,284
0,0,0,1,0,0,11,0,0.7808219178082192,0.10526315789473684,159
0,0,0,1,0,0,0,2,2.6875,0.06976744186046512,237
0,0,0,1,0,0,1,0,3.4615384615384617,0.0,384
0,0,0,1,0,0,4,0,0.0,,132
0,0,0,1,0,0,8,0,0.7755102040816326,0.10526315789473684,176
0,0,0,2,0,0,0,0,0.8248175182481752,0.168141592920354,618
0,0,0,2,0,0,6,0,1.5138888888888888,0.0764525993883792,1027
0,0,1,2,0,0,0,0,0.05188679245283019,0.9090909090909091,556
0,0,0,1,0,0,2,1,1.1842105263157894,0.03333333333333333,312
0,0,0,1,0,0,0,0,0.08333333333333333,2.0,387
0,0,0,2,0,0,14,1,0.17575757575757575,0.3448275862068966,763
0,0,0,2,0,0,0,0,0.48466257668711654,0.10126582278481013,387
0,0,0,2,0,0,6,0,2.569060773480663,0.07956989247311828,793
0,0,0,2,0,0,13,0,0.10559006211180125,1.1176470588235294,848
0,0,0,1,0,0,4,0,1.1547619047619047,0.15463917525773196,249
0,0,0,2,0,0,0,0,0.8,0.375,178
0,0,0,1,0,0,0,3,0.14754098360655737,1.8888888888888888,184
0,0,0,1,0,0,5,0,0.38028169014084506,0.18518518518518517,287
1,0,0,3,0,1,4,2,0.3106060606060606,0.5121951219512195,1053
0,0,0,1,0,0,0,0,1.7176470588235293,0.0410958904109589,316
3,2,2,4,0,0,0,13,0.8790697674418605,0.4444444444444444,1177
0,0,0,1,0,0,5,0,4.0476190476190474,0.011764705882352941,827
47,0,24,86,12,0,0,0,4.700787401574803,0.020938023450586266,2887
0,0,1,1,0,0,0,0,1.118279569892473,0.17307692307692307,409
0,0,0,1,0,0,0,0,0.5409836065573771,0.06060606060606061,202
0,0,0,1,0,1,5,0,2.6875,0.27906976744186046,227
1,0,0,1,0,0,2,0,0.30303030303030304,0.25,125
1,0,0,2,0,0,7,0,0.28870292887029286,0.21739130434782608,540
0,0,0,1,0,0,1,1,0.7717391304347826,0.15492957746478872,246
0,0,0,1,0,0,5,0,1.0408163265306123,0.7058823529411765,243
0,0,0,2,0,1,4,1,0.2658959537572254,0.32608695652173914,565
0,0,0,2,0,0,0,0,0.07006369426751592,1.0,418
1,1,0,2,0,0,2,0,0.38846153846153847,0.1782178217821782,1080
0,0,0,1,0,0,3,0,0.43103448275862066,0.24,191
0,0,0,2,0,0,17,0,0.4406779661016949,0.40384615384615385,439
0,0,0,1,0,0,9,0,0.2,0.3333333333333333,53
0,0,0,2,0,0,3,0,0.27710843373493976,0.32608695652173914,575
0,0,0,2,0,3,12,0,1.7692307692307692,0.10869565217391304,904
0,0,0,1,0,0,0,0,2.284313725490196,0.04721030042918455,627
0,0,0,1,0,0,0,0,0.3090909090909091,0.11764705882352941,179
0,1,0,1,0,0,2,0,0.9545454545454546,0.07142857142857142,284
0,0,0,2,0,0,13,0,0.3870967741935484,0.2916666666666667,380
0,0,0,1,0,0,3,0,0.98,0.12244897959183673,122
0,0,0,1,0,0,1,0,0.020833333333333332,1.0,57
0,0,0,2,0,0,13,0,0.6847290640394089,0.050359712230215826,969
0,0,0,2,0,0,12,0,0.08783783783783784,1.1538461538461537,470
0,0,0,2,0,2,1,0,0.2236024844720497,0.3888888888888889,571
0,0,0,1,0,0,8,0,0.3582089552238806,0.041666666666666664,198
0,1,0,2,0,0,13,0,1.0273972602739727,0.13333333333333333,441
0,0,0,7,0,2,23,11,2.792998477929985,0.03596730245231607,3139
0,0,0,2,0,0,8,2,1.7095435684647302,0.14563106796116504,983
0,0,0,1,0,0,3,1,0.10256410256410256,0.75,391
0,0,0,2,0,0,6,0,1.0615384615384615,0.17391304347826086,335
0,0,0,2,0,0,6,0,1.1857142857142857,0.06626506024096386,427
0,0,0,2,0,0,3,0,0.6956521739130435,0.11607142857142858,430
0,0,0,2,0,0,0,0,0.43902439024390244,0.12962962962962962,273
0,0,0,1,0,0,3,0,0.14285714285714285,0.8333333333333334,211
0,0,1,1,0,0,0,0,0.02702702702702703,2.0,430
0,0,0,1,0,0,6,0,0.16666666666666666,1.5,316
0,0,0,1,0,0,0,0,0.0975609756097561,1.25,248
0,0,0,2,0,1,2,3,0.12903225806451613,0.75,726
0,0,0,1,0,0,0,0,0.09876543209876543,0.5,109
0,0,1,2,0,1,3,0,0.2289156626506024,0.3157894736842105,712
0,0,0,1,0,0,7,0,13.46774193548387,0.033532934131736525,1033
0,0,0,1,0,0,1,0,0.11764705882352941,1.3,139
0,0,0,1,0,0,0,0,0.4358974358974359,0.47058823529411764,415
0,0,0,1,0,2,4,0,0.05,1.2,295
0,0,0,1,0,0,7,0,0.02127659574468085,0.0,189
0,0,0,1,0,1,1,0,1.1785714285714286,0.06060606060606061,223
0,0,0,2,0,0,2,0,0.10218978102189781,0.6428571428571429,416
0,0,0,2,0,0,14,0,1.2692307692307692,0.1696969696969697,645
0,0,0,3,0,0,5,3,1.0056179775280898,0.055865921787709494,690
0,0,0,1,0,0,0,0,0.0975609756097561,0.0,147
0,0,0,1,0,0,0,0,0.1917808219178082,1.0,207
1,0,0,1,0,0,3,0,2.716417910447761,0.005494505494505495,422
0,0,0,2,0,0,0,1,0.21476510067114093,0.078125,432
0,1,0,2,0,0,2,1,0.5537190082644629,0.16417910447761194,321
0,0,0,1,0,0,4,0,0.22033898305084745,0.15384615384615385,174
0,0,0,1,0,0,5,1,0.09411764705882353,1.125,281
0,0,1,2,0,0,5,2,0.08333333333333333,1.3529411764705883,510
0,0,0,2,0,0,8,1,0.5166666666666667,0.27956989247311825,420
6,0,5,2,3,0,1,57,2.9583333333333335,0.08714788732394366,4958
1,0,1,2,0,0,8,2,0.068,1.5294117647058822,479
0,0,0,2,0,0,8,0,0.3333333333333333,0.2391304347826087,228
0,0,0,2,0,0,11,0,0.3253968253968254,0.6097560975609756,426
0,0,0,2,0,0,17,0,0.7333333333333333,0.2727272727272727,180
0,0,0,1,0,0,5,0,0.14772727272727273,0.38461538461538464,186
0,0,0,1,0,0,0,0,0.9342105263157895,0.19718309859154928,466
0,0,0,1,0,0,1,0,,,25
0,0,1,2,0,0,0,0,1.8962962962962964,0.05859375,732
3,1,4,5,6,0,0,0,1.2798165137614679,0.08004778972520908,3410
0,0,0,1,0,0,3,0,1.9230769230769231,0.0,56
0,0,1,1,0,0,5,0,0.22330097087378642,0.9130434782608695,988
0,1,0,1,0,0,2,0,1.173913043478261,0.04938271604938271,422
0,0,0,2,0,0,13,0,0.14423076923076922,1.0,374
0,0,0,2,0,0,2,2,0.7318435754189944,0.13740458015267176,646
0,0,0,1,0,0,0,0,3.2941176470588234,0.23214285714285715,102
0,0,0,2,0,0,16,0,0.1,0.39285714285714285,677
1,0,0,1,0,0,5,1,1.3114754098360655,0.125,179
0,0,0,2,0,3,29,0,0.3105134474327628,0.2125984251968504,917
0,0,0,3,0,0,18,0,0.7518248175182481,0.07281553398058252,721
0,0,0,1,0,0,4,0,0.011363636363636364,1.0,111
0,0,3,2,0,0,0,0,0.3669724770642202,0.3,587
0,0,0,1,0,0,12,1,1.475,0.05084745762711865,128
0,0,0,1,0,0,7,0,1.088235294117647,0.12162162162162163,224
0,0,0,1,0,0,0,0,1.7674418604651163,0.039473684210526314,422
0,0,0,2,0,0,11,0,1.9781659388646289,0.09050772626931568,889
0,0,0,1,0,0,3,0,1.1428571428571428,0.3,145
0,0,0,1,0,0,2,0,0.4230769230769231,0.0,140
0,0,0,1,0,0,0,0,0.5434782608695652,0.2,212
0,0,0,2,0,0,1,0,1.0172413793103448,0.15254237288135594,176
0,0,0,2,0,0,5,2,0.171875,0.5454545454545454,765
0,0,1,1,0,0,2,0,0.9444444444444444,0.38235294117647056,182
0,0,0,2,0,0,6,2,0.8661417322834646,0.2,871
0,0,0,1,0,0,5,0,0.14285714285714285,0.0,123
0,0,0,1,0,0,3,0,0.07692307692307693,0.42857142857142855,166
0,0,0,1,0,0,3,0,0.02857142857142857,1.0,86
0,0,0,1,0,0,6,0,4.916666666666667,0.04406779661016949,725
0,0,0,1,0,1,2,0,1.0806451612903225,0.05970149253731343,244
0,0,0,1,0,0,4,0,0.054878048780487805,1.1111111111111112,202
0,0,0,2,0,0,0,0,0.15702479338842976,1.3157894736842106,322
0,0,0,2,0,0,1,0,0.937799043062201,0.09183673469387756,519
0,0,0,1,0,0,4,0,0.03571428571428571,1.0,127
0,0,0,2,0,0,0,0,0.4358974358974359,0.6323529411764706,293
0,0,0,1,0,1,6,0,0.4107142857142857,0.043478260869565216,212
0,0,0,1,0,0,0,0,0.24242424242424243,0.25,462
0,0,0,1,0,0,3,0,0.1797752808988764,0.375,215
0,0,1,2,0,0,5,0,0.4066666666666667,0.18032786885245902,605
1,0,0,1,0,0,1,0,0.06976744186046512,1.6666666666666667,184
0,1,0,2,0,0,17,0,0.7125,0.24561403508771928,340
1,0,0,2,0,0,17,0,0.08484848484848485,1.5714285714285714,599
0,0,1,1,0,0,2,0,0.1875,0.42857142857142855,449
1,0,0,2,0,0,6,0,0.24157303370786518,0.2558139534883721,388
0,0,0,1,0,0,13,0,0.0,,139
0,1,0,1,0,0,7,0,1.0296296296296297,0.02877697841726619,298
0,0,0,2,0,0,4,0,0.13432835820895522,1.2222222222222223,612
0,0,0,3,0,0,0,2,0.44,0.0,195
1,0,1,1,0,0,0,0,0.04375,0.8571428571428571,344
0,0,0,1,0,0,0,0,1.6,0.125,159
0,0,0,1,0,0,13,1,0.0821917808219178,2.0,293
0,0,0,1,0,0,1,0,0.013157894736842105,0.0,192
0,0,0,2,0,0,6,0,0.3746312684365782,0.25196850393700787,564
1,0,1,1,0,0,2,0,0.6239316239316239,0.3013698630136986,851
0,0,0,1,0,0,8,1,0.3216374269005848,0.2909090909090909,295
2,0,0,1,0,0,0,0,0.13636363636363635,2.111111111111111,269
0,0,0,1,0,0,8,0,0.1125,0.0,182
1,2,4,2,0,1,2,2,1.264,0.12974683544303797,1144
1,0,0,2,0,0,2,0,0.41304347826086957,0.24561403508771928,636
0,0,0,1,0,0,7,0,0.2857142857142857,0.3,60
0,0,0,1,0,0,7,0,0.2777777777777778,0.3333333333333333,91
0,0,0,2,0,0,18,0,0.2606060606060606,0.09302325581395349,1043
0,0,1,1,0,0,3,0,0.576,0.1111111111111111,310
